Unity Editor version:    6000.0.37f1 (090b7797214c)
Branch:                  6000.0/staging
Build type:              Release
Batch mode:              YES
macOS version:           Version 13.3.1 (Build 22E261)
Darwin version:          22.4.0
Architecture:            arm64
Running under Rosetta:   NO
Available memory:        32768 MB
Using pre-set license
Pro License: YES

COMMAND LINE ARGUMENTS:
/Applications/Unity/Hub/Editor/6000.0.37f1/Unity.app/Contents/MacOS/Unity
-adb2
-batchMode
-noUpm
-name
AssetImportWorker1
-projectPath
/Users/kenshin/hackathon0607/Project
-logFile
Logs/AssetImportWorker1.log
-srvPort
58812
-job-worker-count
4
-background-job-worker-count
8
-gc-helper-count
1
Successfully changed project path to: /Users/kenshin/hackathon0607/Project
/Users/kenshin/hackathon0607/Project
[UnityMemory] Configuration Parameters - Can be set up in boot.config
    "memorysetup-bucket-allocator-granularity=16"
    "memorysetup-bucket-allocator-bucket-count=8"
    "memorysetup-bucket-allocator-block-size=33554432"
    "memorysetup-bucket-allocator-block-count=8"
    "memorysetup-main-allocator-block-size=16777216"
    "memorysetup-thread-allocator-block-size=16777216"
    "memorysetup-gfx-main-allocator-block-size=16777216"
    "memorysetup-gfx-thread-allocator-block-size=16777216"
    "memorysetup-cache-allocator-block-size=4194304"
    "memorysetup-typetree-allocator-block-size=2097152"
    "memorysetup-profiler-bucket-allocator-granularity=16"
    "memorysetup-profiler-bucket-allocator-bucket-count=8"
    "memorysetup-profiler-bucket-allocator-block-size=33554432"
    "memorysetup-profiler-bucket-allocator-block-count=8"
    "memorysetup-profiler-allocator-block-size=16777216"
    "memorysetup-profiler-editor-allocator-block-size=1048576"
    "memorysetup-temp-allocator-size-main=16777216"
    "memorysetup-job-temp-allocator-block-size=2097152"
    "memorysetup-job-temp-allocator-block-size-background=1048576"
    "memorysetup-job-temp-allocator-reduction-small-platforms=262144"
    "memorysetup-allocator-temp-initial-block-size-main=262144"
    "memorysetup-allocator-temp-initial-block-size-worker=262144"
    "memorysetup-temp-allocator-size-background-worker=32768"
    "memorysetup-temp-allocator-size-job-worker=262144"
    "memorysetup-temp-allocator-size-preload-manager=33554432"
    "memorysetup-temp-allocator-size-nav-mesh-worker=65536"
    "memorysetup-temp-allocator-size-audio-worker=65536"
    "memorysetup-temp-allocator-size-cloud-worker=32768"
    "memorysetup-temp-allocator-size-gi-baking-worker=262144"
    "memorysetup-temp-allocator-size-gi-baking-worker=262144"
    "memorysetup-temp-allocator-size-gi-baking-worker=262144"
    "memorysetup-temp-allocator-size-gi-baking-worker=262144"
    "memorysetup-temp-allocator-size-gi-baking-worker=262144"
    "memorysetup-temp-allocator-size-gfx=262144"
Player connection [8473385792]  Target information:

Player connection [8473385792]  * "[IP] 192.168.11.59 [Port] 0 [Flags] 2 [Guid] 2383078595 [EditorId] 2383078595 [Version] 1048832 [Id] OSXEditor(0,RyoNakanishinoMacBook-Pro.local) [Debug] 1 [PackageName] OSXEditor [ProjectName] Editor" 

Player connection [8473385792] Host joined multi-casting on [225.0.0.222:54997]...
Player connection [8473385792] Host joined alternative multi-casting on [225.0.0.222:34997]...
JobSystem: Creating JobQueue using job-worker-count value 4
Input System module state changed to: Initialized.
[Physics::Module] Initialized fallback backend.
[Physics::Module] Id: 0xdecafbad
Library Redirect Path: Library/
[Physics::Module] Selected backend.
[Physics::Module] Name: PhysX
[Physics::Module] Id: 0xf2b8ea05
[Physics::Module] SDK Version: 4.1.2
[Physics::Module] Integration Version: 1.0.0
[Physics::Module] Threading Mode: Multi-Threaded
Refreshing native plugins compatible for Editor in 1.24 ms, found 5 plugins.
Preloading 0 native plugins for Editor in 0.00 ms.
Initialize engine version: 6000.0.37f1 (090b7797214c)
[Subsystems] Discovering subsystems at path /Applications/Unity/Hub/Editor/6000.0.37f1/Unity.app/Contents/Resources/UnitySubsystems
[Subsystems] Discovering subsystems at path /Users/kenshin/hackathon0607/Project/Assets
GfxDevice: creating device client; kGfxThreadingModeNonThreaded
 preferred device: Apple M1 Pro (high power)
Metal devices available: 1
0: Apple M1 Pro (high power)
Using device Apple M1 Pro (high power)
Initializing Metal device caps: Apple M1 Pro
Initialize mono
Mono path[0] = '/Applications/Unity/Hub/Editor/6000.0.37f1/Unity.app/Contents/Managed'
Mono path[1] = '/Applications/Unity/Hub/Editor/6000.0.37f1/Unity.app/Contents/MonoBleedingEdge/lib/mono/unityjit-macos'
Mono config path = '/Applications/Unity/Hub/Editor/6000.0.37f1/Unity.app/Contents/MonoBleedingEdge/etc'
Using monoOptions --debugger-agent=transport=dt_socket,embedding=1,server=y,suspend=n,address=127.0.0.1:56303
Begin MonoManager ReloadAssembly
Registering precompiled unity dll's ...
Register platform support module: /Applications/Unity/Hub/Editor/6000.0.37f1/PlaybackEngines/WebGLSupport/UnityEditor.WebGL.Extensions.dll
Register platform support module: /Applications/Unity/Hub/Editor/6000.0.37f1/Unity.app/Contents/PlaybackEngines/MacStandaloneSupport/UnityEditor.OSXStandalone.Extensions.dll
Register platform support module: /Applications/Unity/Hub/Editor/6000.0.37f1/PlaybackEngines/AndroidPlayer/UnityEditor.Android.Extensions.dll
Register platform support module: /Applications/Unity/Hub/Editor/6000.0.37f1/PlaybackEngines/iOSSupport/UnityEditor.iOS.Extensions.dll
Register platform support module: /Applications/Unity/Hub/Editor/6000.0.37f1/PlaybackEngines/LinuxStandaloneSupport/UnityEditor.LinuxStandalone.Extensions.dll
Registered in 0.002044 seconds.
- Loaded All Assemblies, in  0.335 seconds
Native extension for LinuxStandalone target not found
[usbmuxd] Start listen thread
[usbmuxd] Listen thread started
[usbmuxd] Send listen message
Native extension for iOS target not found
Native extension for Android target not found
Android Extension - Scanning For ADB Devices 69 ms
Native extension for OSXStandalone target not found
Native extension for WebGL target not found
Mono: successfully reloaded assembly
- Finished resetting the current domain, in  0.539 seconds
Domain Reload Profiling: 874ms
	BeginReloadAssembly (64ms)
		ExecutionOrderSort (0ms)
		DisableScriptedObjects (0ms)
		BackupInstance (0ms)
		ReleaseScriptingObjects (0ms)
		CreateAndSetChildDomain (1ms)
	RebuildCommonClasses (40ms)
	RebuildNativeTypeToScriptingClass (13ms)
	initialDomainReloadingComplete (42ms)
	LoadAllAssembliesAndSetupDomain (176ms)
		LoadAssemblies (64ms)
		RebuildTransferFunctionScriptingTraits (0ms)
		AnalyzeDomain (173ms)
			TypeCache.Refresh (172ms)
				TypeCache.ScanAssembly (158ms)
			BuildScriptInfoCaches (0ms)
			ResolveRequiredComponents (1ms)
	FinalizeReload (539ms)
		ReleaseScriptCaches (0ms)
		RebuildScriptCaches (0ms)
		SetupLoadedEditorAssemblies (492ms)
			LogAssemblyErrors (0ms)
			InitializePlatformSupportModulesInManaged (255ms)
			SetLoadedEditorAssemblies (5ms)
			BeforeProcessingInitializeOnLoad (54ms)
			ProcessInitializeOnLoadAttributes (118ms)
			ProcessInitializeOnLoadMethodAttributes (61ms)
			AfterProcessingInitializeOnLoad (0ms)
			EditorAssembliesLoaded (0ms)
		ExecutionOrderSort2 (0ms)
		AwakeInstancesAfterBackupRestoration (0ms)
========================================================================
Worker process is ready to serve import requests
Import Worker Mode flag is 0x00
Begin MonoManager ReloadAssembly
- Loaded All Assemblies, in  0.686 seconds
Refreshing native plugins compatible for Editor in 0.84 ms, found 5 plugins.
Native extension for LinuxStandalone target not found
Native extension for iOS target not found
Native extension for Android target not found
Native extension for OSXStandalone target not found
Native extension for WebGL target not found
Mono: successfully reloaded assembly
- Finished resetting the current domain, in  0.837 seconds
Domain Reload Profiling: 1522ms
	BeginReloadAssembly (112ms)
		ExecutionOrderSort (0ms)
		DisableScriptedObjects (5ms)
		BackupInstance (0ms)
		ReleaseScriptingObjects (0ms)
		CreateAndSetChildDomain (34ms)
	RebuildCommonClasses (42ms)
	RebuildNativeTypeToScriptingClass (13ms)
	initialDomainReloadingComplete (34ms)
	LoadAllAssembliesAndSetupDomain (484ms)
		LoadAssemblies (230ms)
		RebuildTransferFunctionScriptingTraits (0ms)
		AnalyzeDomain (301ms)
			TypeCache.Refresh (238ms)
				TypeCache.ScanAssembly (217ms)
			BuildScriptInfoCaches (45ms)
			ResolveRequiredComponents (15ms)
	FinalizeReload (838ms)
		ReleaseScriptCaches (0ms)
		RebuildScriptCaches (0ms)
		SetupLoadedEditorAssemblies (690ms)
			LogAssemblyErrors (0ms)
			InitializePlatformSupportModulesInManaged (41ms)
			SetLoadedEditorAssemblies (5ms)
			BeforeProcessingInitializeOnLoad (119ms)
			ProcessInitializeOnLoadAttributes (451ms)
			ProcessInitializeOnLoadMethodAttributes (73ms)
			AfterProcessingInitializeOnLoad (1ms)
			EditorAssembliesLoaded (0ms)
		ExecutionOrderSort2 (0ms)
		AwakeInstancesAfterBackupRestoration (4ms)
Launching external process: /Applications/Unity/Hub/Editor/6000.0.37f1/Unity.app/Contents/Tools/UnityShaderCompiler
Launched and connected shader compiler UnityShaderCompiler after 0.07 seconds
Refreshing native plugins compatible for Editor in 0.98 ms, found 5 plugins.
Preloading 0 native plugins for Editor in 0.00 ms.
Unloading 223 Unused Serialized files (Serialized files now loaded: 0)
Unloading 6596 unused Assets / (5.1 MB). Loaded Objects now: 7311.
Memory consumption went from 169.5 MB to 164.4 MB.
Total: 8.170583 ms (FindLiveObjects: 0.356416 ms CreateObjectMapping: 0.241875 ms MarkObjects: 4.899667 ms  DeleteObjects: 2.672000 ms)

========================================================================
Received Prepare
Refreshing native plugins compatible for Editor in 1.01 ms, found 5 plugins.
Preloading 0 native plugins for Editor in 0.00 ms.
Unloading 14 Unused Serialized files (Serialized files now loaded: 0)
Unloading 6575 unused Assets / (4.4 MB). Loaded Objects now: 7311.
Memory consumption went from 131.8 MB to 127.5 MB.
Total: 8.056541 ms (FindLiveObjects: 0.375625 ms CreateObjectMapping: 0.269625 ms MarkObjects: 5.470042 ms  DeleteObjects: 1.940750 ms)

Prepare: number of updated asset objects reloaded= 0
========================================================================
Received Prepare
Refreshing native plugins compatible for Editor in 1.21 ms, found 5 plugins.
Preloading 0 native plugins for Editor in 0.00 ms.
Unloading 14 Unused Serialized files (Serialized files now loaded: 0)
Unloading 6575 unused Assets / (3.9 MB). Loaded Objects now: 7311.
Memory consumption went from 131.8 MB to 128.0 MB.
Total: 7.055334 ms (FindLiveObjects: 0.412250 ms CreateObjectMapping: 0.334667 ms MarkObjects: 4.667875 ms  DeleteObjects: 1.640083 ms)

Prepare: number of updated asset objects reloaded= 0
========================================================================
Received Import Request.
  Time since last request: 55105.386419 seconds.
  path: Assets/Scripts/UI/InGame/Body/AnswerElement.cs
  artifactKey: Guid(413d8c1e467f64f78b647e9ffefa57eb) Importer(815301076,1909f56bfc062723c751e8b465ee728b)
Start importing Assets/Scripts/UI/InGame/Body/AnswerElement.cs using Guid(413d8c1e467f64f78b647e9ffefa57eb) Importer(815301076,1909f56bfc062723c751e8b465ee728b) (PreviewImporter) -> (artifact id: 'd20722af8d31858dcf6eb06c59005a44') in 0.003734917 seconds
Number of updated asset objects reloaded before import = 0Number of asset objects unloaded after import = 0

========================================================================
Received Prepare
Begin MonoManager ReloadAssembly
Thread 0x2be6c7000 may have been prematurely finalized
- Loaded All Assemblies, in  0.610 seconds
Refreshing native plugins compatible for Editor in 0.82 ms, found 5 plugins.
Native extension for LinuxStandalone target not found
Native extension for iOS target not found
Native extension for Android target not found
Native extension for OSXStandalone target not found
Native extension for WebGL target not found
Mono: successfully reloaded assembly
- Finished resetting the current domain, in  0.843 seconds
Domain Reload Profiling: 1456ms
	BeginReloadAssembly (149ms)
		ExecutionOrderSort (0ms)
		DisableScriptedObjects (5ms)
		BackupInstance (0ms)
		ReleaseScriptingObjects (0ms)
		CreateAndSetChildDomain (65ms)
	RebuildCommonClasses (41ms)
	RebuildNativeTypeToScriptingClass (13ms)
	initialDomainReloadingComplete (22ms)
	LoadAllAssembliesAndSetupDomain (386ms)
		LoadAssemblies (238ms)
		RebuildTransferFunctionScriptingTraits (0ms)
		AnalyzeDomain (190ms)
			TypeCache.Refresh (13ms)
				TypeCache.ScanAssembly (2ms)
			BuildScriptInfoCaches (160ms)
			ResolveRequiredComponents (15ms)
	FinalizeReload (843ms)
		ReleaseScriptCaches (0ms)
		RebuildScriptCaches (0ms)
		SetupLoadedEditorAssemblies (632ms)
			LogAssemblyErrors (0ms)
			InitializePlatformSupportModulesInManaged (43ms)
			SetLoadedEditorAssemblies (6ms)
			BeforeProcessingInitializeOnLoad (120ms)
			ProcessInitializeOnLoadAttributes (411ms)
			ProcessInitializeOnLoadMethodAttributes (51ms)
			AfterProcessingInitializeOnLoad (1ms)
			EditorAssembliesLoaded (0ms)
		ExecutionOrderSort2 (0ms)
		AwakeInstancesAfterBackupRestoration (8ms)
Refreshing native plugins compatible for Editor in 0.98 ms, found 5 plugins.
Preloading 0 native plugins for Editor in 0.00 ms.
Unloading 23 Unused Serialized files (Serialized files now loaded: 0)
Unloading 6594 unused Assets / (4.2 MB). Loaded Objects now: 7327.
Memory consumption went from 157.2 MB to 153.0 MB.
Total: 7.218458 ms (FindLiveObjects: 0.356625 ms CreateObjectMapping: 0.277916 ms MarkObjects: 4.881708 ms  DeleteObjects: 1.701542 ms)

Prepare: number of updated asset objects reloaded= 0
========================================================================
Received Prepare
Refreshing native plugins compatible for Editor in 0.91 ms, found 5 plugins.
Preloading 0 native plugins for Editor in 0.00 ms.
Unloading 14 Unused Serialized files (Serialized files now loaded: 0)
Unloading 6575 unused Assets / (3.9 MB). Loaded Objects now: 7327.
Memory consumption went from 145.8 MB to 142.0 MB.
Total: 6.951875 ms (FindLiveObjects: 0.322208 ms CreateObjectMapping: 0.218709 ms MarkObjects: 4.772750 ms  DeleteObjects: 1.637791 ms)

Prepare: number of updated asset objects reloaded= 0
========================================================================
Received Prepare
Begin MonoManager ReloadAssembly
Thread 0x17f307000 may have been prematurely finalized
- Loaded All Assemblies, in  0.605 seconds
Refreshing native plugins compatible for Editor in 0.85 ms, found 5 plugins.
Native extension for LinuxStandalone target not found
Native extension for iOS target not found
Native extension for Android target not found
Native extension for OSXStandalone target not found
Native extension for WebGL target not found
Mono: successfully reloaded assembly
- Finished resetting the current domain, in  0.804 seconds
Domain Reload Profiling: 1412ms
	BeginReloadAssembly (146ms)
		ExecutionOrderSort (0ms)
		DisableScriptedObjects (5ms)
		BackupInstance (0ms)
		ReleaseScriptingObjects (0ms)
		CreateAndSetChildDomain (63ms)
	RebuildCommonClasses (40ms)
	RebuildNativeTypeToScriptingClass (13ms)
	initialDomainReloadingComplete (21ms)
	LoadAllAssembliesAndSetupDomain (386ms)
		LoadAssemblies (236ms)
		RebuildTransferFunctionScriptingTraits (0ms)
		AnalyzeDomain (193ms)
			TypeCache.Refresh (13ms)
				TypeCache.ScanAssembly (2ms)
			BuildScriptInfoCaches (163ms)
			ResolveRequiredComponents (15ms)
	FinalizeReload (804ms)
		ReleaseScriptCaches (0ms)
		RebuildScriptCaches (0ms)
		SetupLoadedEditorAssemblies (611ms)
			LogAssemblyErrors (0ms)
			InitializePlatformSupportModulesInManaged (46ms)
			SetLoadedEditorAssemblies (6ms)
			BeforeProcessingInitializeOnLoad (120ms)
			ProcessInitializeOnLoadAttributes (391ms)
			ProcessInitializeOnLoadMethodAttributes (46ms)
			AfterProcessingInitializeOnLoad (1ms)
			EditorAssembliesLoaded (0ms)
		ExecutionOrderSort2 (0ms)
		AwakeInstancesAfterBackupRestoration (7ms)
Refreshing native plugins compatible for Editor in 1.01 ms, found 5 plugins.
Preloading 0 native plugins for Editor in 0.00 ms.
Unloading 14 Unused Serialized files (Serialized files now loaded: 0)
Unloading 6594 unused Assets / (4.1 MB). Loaded Objects now: 7329.
Memory consumption went from 155.5 MB to 151.4 MB.
Total: 7.192791 ms (FindLiveObjects: 0.319792 ms CreateObjectMapping: 0.271208 ms MarkObjects: 4.904958 ms  DeleteObjects: 1.696375 ms)

Prepare: number of updated asset objects reloaded= 0
========================================================================
Received Prepare
Refreshing native plugins compatible for Editor in 1.09 ms, found 5 plugins.
Preloading 0 native plugins for Editor in 0.00 ms.
Unloading 14 Unused Serialized files (Serialized files now loaded: 0)
Unloading 6575 unused Assets / (4.5 MB). Loaded Objects now: 7329.
Memory consumption went from 145.8 MB to 141.3 MB.
Total: 7.744625 ms (FindLiveObjects: 0.380959 ms CreateObjectMapping: 0.240959 ms MarkObjects: 5.320000 ms  DeleteObjects: 1.802209 ms)

Prepare: number of updated asset objects reloaded= 0
========================================================================
Received Import Request.
  Time since last request: 1160.532816 seconds.
  path: Assets/Scripts/Managers/GameFlowController.cs
  artifactKey: Guid(fca4fe160fc454f28975498beb6d1e12) Importer(815301076,1909f56bfc062723c751e8b465ee728b)
Start importing Assets/Scripts/Managers/GameFlowController.cs using Guid(fca4fe160fc454f28975498beb6d1e12) Importer(815301076,1909f56bfc062723c751e8b465ee728b) (PreviewImporter) -> (artifact id: '2d54b22d6e0fcee9bc9ab1b70510c243') in 0.001627 seconds
Number of updated asset objects reloaded before import = 0Number of asset objects unloaded after import = 0

========================================================================
Received Prepare
Begin MonoManager ReloadAssembly
Thread 0x17f307000 may have been prematurely finalized
- Loaded All Assemblies, in  0.610 seconds
Refreshing native plugins compatible for Editor in 0.81 ms, found 5 plugins.
Native extension for LinuxStandalone target not found
Native extension for iOS target not found
Native extension for Android target not found
Native extension for OSXStandalone target not found
Native extension for WebGL target not found
Mono: successfully reloaded assembly
- Finished resetting the current domain, in  0.793 seconds
Domain Reload Profiling: 1406ms
	BeginReloadAssembly (149ms)
		ExecutionOrderSort (0ms)
		DisableScriptedObjects (5ms)
		BackupInstance (0ms)
		ReleaseScriptingObjects (0ms)
		CreateAndSetChildDomain (63ms)
	RebuildCommonClasses (40ms)
	RebuildNativeTypeToScriptingClass (13ms)
	initialDomainReloadingComplete (20ms)
	LoadAllAssembliesAndSetupDomain (390ms)
		LoadAssemblies (248ms)
		RebuildTransferFunctionScriptingTraits (0ms)
		AnalyzeDomain (187ms)
			TypeCache.Refresh (12ms)
				TypeCache.ScanAssembly (2ms)
			BuildScriptInfoCaches (159ms)
			ResolveRequiredComponents (14ms)
	FinalizeReload (794ms)
		ReleaseScriptCaches (0ms)
		RebuildScriptCaches (0ms)
		SetupLoadedEditorAssemblies (607ms)
			LogAssemblyErrors (0ms)
			InitializePlatformSupportModulesInManaged (41ms)
			SetLoadedEditorAssemblies (6ms)
			BeforeProcessingInitializeOnLoad (115ms)
			ProcessInitializeOnLoadAttributes (397ms)
			ProcessInitializeOnLoadMethodAttributes (47ms)
			AfterProcessingInitializeOnLoad (1ms)
			EditorAssembliesLoaded (0ms)
		ExecutionOrderSort2 (0ms)
		AwakeInstancesAfterBackupRestoration (7ms)
Refreshing native plugins compatible for Editor in 0.90 ms, found 5 plugins.
Preloading 0 native plugins for Editor in 0.00 ms.
Unloading 14 Unused Serialized files (Serialized files now loaded: 0)
Unloading 6594 unused Assets / (4.0 MB). Loaded Objects now: 7331.
Memory consumption went from 155.5 MB to 151.4 MB.
Total: 7.257416 ms (FindLiveObjects: 0.372375 ms CreateObjectMapping: 0.288833 ms MarkObjects: 4.843708 ms  DeleteObjects: 1.751834 ms)

Prepare: number of updated asset objects reloaded= 0
========================================================================
Received Prepare
Refreshing native plugins compatible for Editor in 0.97 ms, found 5 plugins.
Preloading 0 native plugins for Editor in 0.00 ms.
Unloading 14 Unused Serialized files (Serialized files now loaded: 0)
Unloading 6574 unused Assets / (3.9 MB). Loaded Objects now: 7330.
Memory consumption went from 145.8 MB to 141.9 MB.
Total: 6.810291 ms (FindLiveObjects: 0.357792 ms CreateObjectMapping: 0.227083 ms MarkObjects: 4.746375 ms  DeleteObjects: 1.478666 ms)

Prepare: number of updated asset objects reloaded= 0
========================================================================
Received Prepare
Begin MonoManager ReloadAssembly
Thread 0x17f307000 may have been prematurely finalized
- Loaded All Assemblies, in  0.597 seconds
Refreshing native plugins compatible for Editor in 0.81 ms, found 5 plugins.
Native extension for LinuxStandalone target not found
Native extension for iOS target not found
Native extension for Android target not found
Native extension for OSXStandalone target not found
Native extension for WebGL target not found
Mono: successfully reloaded assembly
- Finished resetting the current domain, in  0.801 seconds
Domain Reload Profiling: 1400ms
	BeginReloadAssembly (147ms)
		ExecutionOrderSort (0ms)
		DisableScriptedObjects (5ms)
		BackupInstance (0ms)
		ReleaseScriptingObjects (0ms)
		CreateAndSetChildDomain (67ms)
	RebuildCommonClasses (40ms)
	RebuildNativeTypeToScriptingClass (13ms)
	initialDomainReloadingComplete (21ms)
	LoadAllAssembliesAndSetupDomain (378ms)
		LoadAssemblies (231ms)
		RebuildTransferFunctionScriptingTraits (0ms)
		AnalyzeDomain (186ms)
			TypeCache.Refresh (12ms)
				TypeCache.ScanAssembly (2ms)
			BuildScriptInfoCaches (158ms)
			ResolveRequiredComponents (14ms)
	FinalizeReload (801ms)
		ReleaseScriptCaches (0ms)
		RebuildScriptCaches (0ms)
		SetupLoadedEditorAssemblies (612ms)
			LogAssemblyErrors (0ms)
			InitializePlatformSupportModulesInManaged (41ms)
			SetLoadedEditorAssemblies (6ms)
			BeforeProcessingInitializeOnLoad (117ms)
			ProcessInitializeOnLoadAttributes (399ms)
			ProcessInitializeOnLoadMethodAttributes (48ms)
			AfterProcessingInitializeOnLoad (1ms)
			EditorAssembliesLoaded (0ms)
		ExecutionOrderSort2 (0ms)
		AwakeInstancesAfterBackupRestoration (8ms)
Refreshing native plugins compatible for Editor in 0.94 ms, found 5 plugins.
Preloading 0 native plugins for Editor in 0.00 ms.
Unloading 14 Unused Serialized files (Serialized files now loaded: 0)
Unloading 6593 unused Assets / (3.8 MB). Loaded Objects now: 7332.
Memory consumption went from 155.4 MB to 151.6 MB.
Total: 7.042708 ms (FindLiveObjects: 0.338750 ms CreateObjectMapping: 0.288958 ms MarkObjects: 4.729000 ms  DeleteObjects: 1.685375 ms)

Prepare: number of updated asset objects reloaded= 0
========================================================================
Received Import Request.
  Time since last request: 421.843568 seconds.
  path: Assets/Scripts/Test_APIConnector.cs
  artifactKey: Guid(c7d921d540b9a4d8a9b9b1a9f0f50ab8) Importer(2089858483,192608db42251d675da83286b1cce702)
Start importing Assets/Scripts/Test_APIConnector.cs using Guid(c7d921d540b9a4d8a9b9b1a9f0f50ab8) Importer(2089858483,192608db42251d675da83286b1cce702) (ScriptedImporter) -> (artifact id: '99c611cc6814133f1529dd0f3cc88739') in 0.159671292 seconds
Number of updated asset objects reloaded before import = 0Number of asset objects unloaded after import = 0

========================================================================
Received Import Request.
  Time since last request: 0.000053 seconds.
  path: Assets/Photon/PhotonChat/Demos/DemoChat/Files/Jura-Medium.ttf
  artifactKey: Guid(5abfb0a229c98b3499cffa6c59c2ffb4) Importer(2089858483,192608db42251d675da83286b1cce702)
Start importing Assets/Photon/PhotonChat/Demos/DemoChat/Files/Jura-Medium.ttf using Guid(5abfb0a229c98b3499cffa6c59c2ffb4) Importer(2089858483,192608db42251d675da83286b1cce702) (ScriptedImporter) -> (artifact id: '07c24b6e4ea436663b50eb834c94aca3') in 0.026061959 seconds
Number of updated asset objects reloaded before import = 0Number of asset objects unloaded after import = 3

========================================================================
Received Import Request.
  Time since last request: 0.000064 seconds.
  path: Assets/Photon/PhotonUnityNetworking/Demos/Shared Assets/Animations/HumanoidJumpAndFall.fbx
  artifactKey: Guid(51dd2e4c869794f75a0df7d54b210214) Importer(2089858483,192608db42251d675da83286b1cce702)
Start importing Assets/Photon/PhotonUnityNetworking/Demos/Shared Assets/Animations/HumanoidJumpAndFall.fbx using Guid(51dd2e4c869794f75a0df7d54b210214) Importer(2089858483,192608db42251d675da83286b1cce702) (ScriptedImporter) -> (artifact id: '5cdf921a4b59349be419a92d8f682948') in 0.060891333 seconds
Number of updated asset objects reloaded before import = 0Number of asset objects unloaded after import = 160

========================================================================
Received Import Request.
  Time since last request: 0.000051 seconds.
  path: Assets/Photon/PhotonUnityNetworking/Demos/Shared Assets/Prefabs
  artifactKey: Guid(94d57f1478b3a8949843d3d4a2b7f8df) Importer(2089858483,192608db42251d675da83286b1cce702)
Start importing Assets/Photon/PhotonUnityNetworking/Demos/Shared Assets/Prefabs using Guid(94d57f1478b3a8949843d3d4a2b7f8df) Importer(2089858483,192608db42251d675da83286b1cce702) (ScriptedImporter) -> (artifact id: '10bbe77bdc69e52ec193d5b4ff2c8bcc') in 0.002267083 seconds
Number of updated asset objects reloaded before import = 0Number of asset objects unloaded after import = 1

========================================================================
Received Import Request.
  Time since last request: 0.000054 seconds.
  path: Assets/Photon/PhotonUnityNetworking/Demos/DemoSlotRacer/Kenney Assets/Racing Kit/Models/Materials/grey.mat
  artifactKey: Guid(b34ebdee5d4d60b43baa8cb211b29444) Importer(2089858483,192608db42251d675da83286b1cce702)
Start importing Assets/Photon/PhotonUnityNetworking/Demos/DemoSlotRacer/Kenney Assets/Racing Kit/Models/Materials/grey.mat using Guid(b34ebdee5d4d60b43baa8cb211b29444) Importer(2089858483,192608db42251d675da83286b1cce702) (ScriptedImporter) -> (artifact id: '1bd1821aa63f3744429a59f0b7b4b4b4') in 0.011066875 seconds
Number of updated asset objects reloaded before import = 0Number of asset objects unloaded after import = 1

========================================================================
Received Import Request.
  Time since last request: 0.000057 seconds.
  path: Assets/Photon/PhotonUnityNetworking/Demos/PunBasics-Tutorial/Prefabs/Game Manager.prefab
  artifactKey: Guid(b7fe671fa5d4d4772a4b20715fb9b0ff) Importer(2089858483,192608db42251d675da83286b1cce702)
Start importing Assets/Photon/PhotonUnityNetworking/Demos/PunBasics-Tutorial/Prefabs/Game Manager.prefab using Guid(b7fe671fa5d4d4772a4b20715fb9b0ff) Importer(2089858483,192608db42251d675da83286b1cce702) (ScriptedImporter) -> (artifact id: 'f6ea212cbc9db70e61adcbf56341f3e9') in 0.025131583 seconds
Number of updated asset objects reloaded before import = 0Number of asset objects unloaded after import = 157

========================================================================
Received Import Request.
  Time since last request: 0.000042 seconds.
  path: Assets/Photon/PhotonUnityNetworking/Demos/PunCockpit/Prefabs/Tab Toggle.prefab
  artifactKey: Guid(192c18d73e55e466d89edd9bc2ab936d) Importer(2089858483,192608db42251d675da83286b1cce702)
Start importing Assets/Photon/PhotonUnityNetworking/Demos/PunCockpit/Prefabs/Tab Toggle.prefab using Guid(192c18d73e55e466d89edd9bc2ab936d) Importer(2089858483,192608db42251d675da83286b1cce702) (ScriptedImporter) -> (artifact id: '2d4e147a1a8ae98bb7d6441f68593320') in 0.033310041 seconds
Number of updated asset objects reloaded before import = 0Number of asset objects unloaded after import = 32

========================================================================
Received Import Request.
  Time since last request: 0.000066 seconds.
  path: Assets/Photon/PhotonUnityNetworking/Demos/DemoAsteroids/Prefabs/RoomListEntry.prefab
  artifactKey: Guid(03c5e15309335324fba99d68e38cb08b) Importer(2089858483,192608db42251d675da83286b1cce702)
Start importing Assets/Photon/PhotonUnityNetworking/Demos/DemoAsteroids/Prefabs/RoomListEntry.prefab using Guid(03c5e15309335324fba99d68e38cb08b) Importer(2089858483,192608db42251d675da83286b1cce702) (ScriptedImporter) -> (artifact id: '14161d4826d79d080c923ddc7682c9ad') in 0.023237959 seconds
Number of updated asset objects reloaded before import = 0Number of asset objects unloaded after import = 33

========================================================================
Received Import Request.
  Time since last request: 0.000040 seconds.
  path: Assets/Photon/PhotonUnityNetworking/Demos/DemoSlotRacer/Scripts/BezierCurve/BezierControlPointMode.cs
  artifactKey: Guid(1c78ec24cea4e478bb35a5ce401fa7a6) Importer(2089858483,192608db42251d675da83286b1cce702)
Start importing Assets/Photon/PhotonUnityNetworking/Demos/DemoSlotRacer/Scripts/BezierCurve/BezierControlPointMode.cs using Guid(1c78ec24cea4e478bb35a5ce401fa7a6) Importer(2089858483,192608db42251d675da83286b1cce702) (ScriptedImporter) -> (artifact id: '93b2f854b6661797fa801eab5398009e') in 0.003011833 seconds
Number of updated asset objects reloaded before import = 0Number of asset objects unloaded after import = 0

========================================================================
Received Import Request.
  Time since last request: 0.000040 seconds.
  path: Assets/Photon/PhotonUnityNetworking/Demos/DemoSlotRacer/Scripts/BezierCurve/Editor/PunDemos.DemoSlotcarEditor.asmdef
  artifactKey: Guid(66eabdb1ed6f5d041a6906290472e432) Importer(2089858483,192608db42251d675da83286b1cce702)
Start importing Assets/Photon/PhotonUnityNetworking/Demos/DemoSlotRacer/Scripts/BezierCurve/Editor/PunDemos.DemoSlotcarEditor.asmdef using Guid(66eabdb1ed6f5d041a6906290472e432) Importer(2089858483,192608db42251d675da83286b1cce702) (ScriptedImporter) -> (artifact id: 'bcbbb0e52179de4db43dfbcabf9fda0a') in 0.003636042 seconds
Number of updated asset objects reloaded before import = 0Number of asset objects unloaded after import = 1

========================================================================
Received Import Request.
  Time since last request: 0.000035 seconds.
  path: Assets/Photon/PhotonUnityNetworking/link.xml
  artifactKey: Guid(cecd4a32eba31cd4393c185e20824bfc) Importer(2089858483,192608db42251d675da83286b1cce702)
Start importing Assets/Photon/PhotonUnityNetworking/link.xml using Guid(cecd4a32eba31cd4393c185e20824bfc) Importer(2089858483,192608db42251d675da83286b1cce702) (ScriptedImporter) -> (artifact id: '2b2041f0a9bc072460af9f8b87114ae8') in 0.00234075 seconds
Number of updated asset objects reloaded before import = 0Number of asset objects unloaded after import = 1

========================================================================
Received Import Request.
  Time since last request: 0.000085 seconds.
  path: Assets/Photon/PhotonUnityNetworking/Demos/Shared Assets/Skin/BoxOrangeRed.png
  artifactKey: Guid(72708a25103c3fe4f9074f7296e86b7a) Importer(2089858483,192608db42251d675da83286b1cce702)
Start importing Assets/Photon/PhotonUnityNetworking/Demos/Shared Assets/Skin/BoxOrangeRed.png using Guid(72708a25103c3fe4f9074f7296e86b7a) Importer(2089858483,192608db42251d675da83286b1cce702) (ScriptedImporter) -> (artifact id: '9dc89e880034bddb3ae32d1e51fab9ad') in 0.028069167 seconds
Number of updated asset objects reloaded before import = 0Number of asset objects unloaded after import = 1

========================================================================
Received Import Request.
  Time since last request: 0.000056 seconds.
  path: Assets/Photon/PhotonUnityNetworking/Demos/PunBasics-Tutorial/Materials
  artifactKey: Guid(1c9c717351b4c854d907ad85549efdd1) Importer(2089858483,192608db42251d675da83286b1cce702)
Start importing Assets/Photon/PhotonUnityNetworking/Demos/PunBasics-Tutorial/Materials using Guid(1c9c717351b4c854d907ad85549efdd1) Importer(2089858483,192608db42251d675da83286b1cce702) (ScriptedImporter) -> (artifact id: '4ecd6139109a7ad0671df8a3c71ba028') in 0.002100917 seconds
Number of updated asset objects reloaded before import = 0Number of asset objects unloaded after import = 1

========================================================================
Received Import Request.
  Time since last request: 0.000064 seconds.
  path: Assets/Photon/PhotonUnityNetworking/Demos/PunBasics-Tutorial/Materials/UnitTextureRed12x.mat
  artifactKey: Guid(3f171282ef46c4fbea54d9ab581fcb83) Importer(2089858483,192608db42251d675da83286b1cce702)
Start importing Assets/Photon/PhotonUnityNetworking/Demos/PunBasics-Tutorial/Materials/UnitTextureRed12x.mat using Guid(3f171282ef46c4fbea54d9ab581fcb83) Importer(2089858483,192608db42251d675da83286b1cce702) (ScriptedImporter) -> (artifact id: '78f7a07f4d8cfbda75964eb2d0ab2a4d') in 0.005327459 seconds
Number of updated asset objects reloaded before import = 0Number of asset objects unloaded after import = 2

========================================================================
Received Import Request.
  Time since last request: 0.000113 seconds.
  path: Assets/Photon/PhotonRealtime/Demos/DemoLoadBalancing
  artifactKey: Guid(32dc3abb17a2b434a9b7b347bdbea7b3) Importer(2089858483,192608db42251d675da83286b1cce702)
Start importing Assets/Photon/PhotonRealtime/Demos/DemoLoadBalancing using Guid(32dc3abb17a2b434a9b7b347bdbea7b3) Importer(2089858483,192608db42251d675da83286b1cce702) (ScriptedImporter) -> (artifact id: '404e3c06f8be9f75cc6582496e51a145') in 0.002238833 seconds
Number of updated asset objects reloaded before import = 0Number of asset objects unloaded after import = 1

========================================================================
Received Import Request.
  Time since last request: 0.000056 seconds.
  path: Assets/Photon/PhotonUnityNetworking/Demos/Shared Assets/Textures/Gradient.png
  artifactKey: Guid(4ca1824a2e144f043b9eb7d6e3777659) Importer(2089858483,192608db42251d675da83286b1cce702)
Start importing Assets/Photon/PhotonUnityNetworking/Demos/Shared Assets/Textures/Gradient.png using Guid(4ca1824a2e144f043b9eb7d6e3777659) Importer(2089858483,192608db42251d675da83286b1cce702) (ScriptedImporter) -> (artifact id: 'f239ac969c009a2d5c7a5bb1a5e9690b') in 0.006959459 seconds
Number of updated asset objects reloaded before import = 0Number of asset objects unloaded after import = 1

========================================================================
Received Import Request.
  Time since last request: 0.000056 seconds.
  path: Assets/Photon/PhotonUnityNetworking/Demos/PunCockpit/Scripts/ReadOnlyProperties/GameVersionProperty.cs
  artifactKey: Guid(d5168ef825c3e4b74aff060ca5c07cc1) Importer(2089858483,192608db42251d675da83286b1cce702)
Start importing Assets/Photon/PhotonUnityNetworking/Demos/PunCockpit/Scripts/ReadOnlyProperties/GameVersionProperty.cs using Guid(d5168ef825c3e4b74aff060ca5c07cc1) Importer(2089858483,192608db42251d675da83286b1cce702) (ScriptedImporter) -> (artifact id: '5b87f8d8dcc3bb8f21df9192c6a5f565') in 0.002804792 seconds
Number of updated asset objects reloaded before import = 0Number of asset objects unloaded after import = 0

========================================================================
Received Import Request.
  Time since last request: 0.000056 seconds.
  path: Assets/Photon/PhotonUnityNetworking/Demos/Shared Assets/Skin/BoxOrange.png
  artifactKey: Guid(13548d8d0fcb5c44b8044ce08a99c697) Importer(2089858483,192608db42251d675da83286b1cce702)
Start importing Assets/Photon/PhotonUnityNetworking/Demos/Shared Assets/Skin/BoxOrange.png using Guid(13548d8d0fcb5c44b8044ce08a99c697) Importer(2089858483,192608db42251d675da83286b1cce702) (ScriptedImporter) -> (artifact id: 'e27793c122a32fa426cc0e53ab72fd6a') in 0.009116292 seconds
Number of updated asset objects reloaded before import = 0Number of asset objects unloaded after import = 1

========================================================================
Received Import Request.
  Time since last request: 0.000063 seconds.
  path: Assets/Photon/PhotonUnityNetworking/Icons/PunIconApp32.png
  artifactKey: Guid(436c5e63723127948af8857e903f658a) Importer(2089858483,192608db42251d675da83286b1cce702)
Start importing Assets/Photon/PhotonUnityNetworking/Icons/PunIconApp32.png using Guid(436c5e63723127948af8857e903f658a) Importer(2089858483,192608db42251d675da83286b1cce702) (ScriptedImporter) -> (artifact id: 'ce8135c5891aed252117627c1dcc85db') in 0.011937584 seconds
Number of updated asset objects reloaded before import = 0Number of asset objects unloaded after import = 3

========================================================================
Received Import Request.
  Time since last request: 0.000051 seconds.
  path: Assets/Photon/PhotonUnityNetworking/Demos/DemoAsteroids/Scenes
  artifactKey: Guid(93a466838cecd764a94035c8b6f1596b) Importer(2089858483,192608db42251d675da83286b1cce702)
Start importing Assets/Photon/PhotonUnityNetworking/Demos/DemoAsteroids/Scenes using Guid(93a466838cecd764a94035c8b6f1596b) Importer(2089858483,192608db42251d675da83286b1cce702) (ScriptedImporter) -> (artifact id: '821872fd8b846ee5f0c5df48fd6d55b9') in 0.001844458 seconds
Number of updated asset objects reloaded before import = 0Number of asset objects unloaded after import = 1

========================================================================
Received Import Request.
  Time since last request: 0.000056 seconds.
  path: Assets/Photon/PhotonUnityNetworking/Demos/DemoSlotRacer/Kenney Assets/Stylized city/Models/tree_1.FBX
  artifactKey: Guid(92afa2e4e0d0b8542bf48b0de3ac19bd) Importer(2089858483,192608db42251d675da83286b1cce702)
Start importing Assets/Photon/PhotonUnityNetworking/Demos/DemoSlotRacer/Kenney Assets/Stylized city/Models/tree_1.FBX using Guid(92afa2e4e0d0b8542bf48b0de3ac19bd) Importer(2089858483,192608db42251d675da83286b1cce702) (ScriptedImporter) -> (artifact id: '62f5804a2a39ba26a10842d3ece3bb4d') in 0.011889292 seconds
Number of updated asset objects reloaded before import = 0Number of asset objects unloaded after import = 24

========================================================================
Received Import Request.
  Time since last request: 0.000049 seconds.
  path: Assets/Photon/PhotonUnityNetworking/Demos/PunCockpit/Scripts/ThirdParty
  artifactKey: Guid(a7a13965037324ac4be99d4b5a939725) Importer(2089858483,192608db42251d675da83286b1cce702)
Start importing Assets/Photon/PhotonUnityNetworking/Demos/PunCockpit/Scripts/ThirdParty using Guid(a7a13965037324ac4be99d4b5a939725) Importer(2089858483,192608db42251d675da83286b1cce702) (ScriptedImporter) -> (artifact id: '08afa809672d20d472a3487ec9483a5f') in 0.002216417 seconds
Number of updated asset objects reloaded before import = 0Number of asset objects unloaded after import = 1

========================================================================
Received Import Request.
  Time since last request: 0.000050 seconds.
  path: Assets/Photon/PhotonUnityNetworking/UtilityScripts/PhotonUnityNetworking.Utilities.asmdef
  artifactKey: Guid(a738238285a7a8246af046cbf977522f) Importer(2089858483,192608db42251d675da83286b1cce702)
Start importing Assets/Photon/PhotonUnityNetworking/UtilityScripts/PhotonUnityNetworking.Utilities.asmdef using Guid(a738238285a7a8246af046cbf977522f) Importer(2089858483,192608db42251d675da83286b1cce702) (ScriptedImporter) -> (artifact id: '12cd06d90de5b836d2f3fde140032153') in 0.0027915 seconds
Number of updated asset objects reloaded before import = 0Number of asset objects unloaded after import = 1

========================================================================
Received Import Request.
  Time since last request: 0.000071 seconds.
  path: Assets/Photon/PhotonUnityNetworking/Code/Editor/Views/MonoBehaviourPunEditor.cs
  artifactKey: Guid(6da457ee57ad5794782f1f76644536e4) Importer(2089858483,192608db42251d675da83286b1cce702)
Start importing Assets/Photon/PhotonUnityNetworking/Code/Editor/Views/MonoBehaviourPunEditor.cs using Guid(6da457ee57ad5794782f1f76644536e4) Importer(2089858483,192608db42251d675da83286b1cce702) (ScriptedImporter) -> (artifact id: 'fabf9348cc23b327a553b516a41246d2') in 0.002762791 seconds
Number of updated asset objects reloaded before import = 0Number of asset objects unloaded after import = 0

========================================================================
Received Import Request.
  Time since last request: 0.000047 seconds.
  path: Assets/Photon/PhotonUnityNetworking/Demos/PunCockpit/Scripts/Lists
  artifactKey: Guid(5d9560529ca07d147b217827aa339f0b) Importer(2089858483,192608db42251d675da83286b1cce702)
Start importing Assets/Photon/PhotonUnityNetworking/Demos/PunCockpit/Scripts/Lists using Guid(5d9560529ca07d147b217827aa339f0b) Importer(2089858483,192608db42251d675da83286b1cce702) (ScriptedImporter) -> (artifact id: '74395ababb28ec465d1ba749e803fd2c') in 0.001993417 seconds
Number of updated asset objects reloaded before import = 0Number of asset objects unloaded after import = 1

========================================================================
Received Import Request.
  Time since last request: 0.000053 seconds.
  path: Assets/Photon/PhotonUnityNetworking/Code/Enums.cs
  artifactKey: Guid(b7962bbdaba2a4940b1341d755abd40d) Importer(2089858483,192608db42251d675da83286b1cce702)
Start importing Assets/Photon/PhotonUnityNetworking/Code/Enums.cs using Guid(b7962bbdaba2a4940b1341d755abd40d) Importer(2089858483,192608db42251d675da83286b1cce702) (ScriptedImporter) -> (artifact id: 'f3e64b83fd3b67415e4efdf71bdf69f0') in 0.004537959 seconds
Number of updated asset objects reloaded before import = 0Number of asset objects unloaded after import = 0

========================================================================
Received Import Request.
  Time since last request: 0.000039 seconds.
  path: Assets/Photon/PhotonUnityNetworking/Resources
  artifactKey: Guid(6ecdea90278a27540b5b0725016e4add) Importer(2089858483,192608db42251d675da83286b1cce702)
Start importing Assets/Photon/PhotonUnityNetworking/Resources using Guid(6ecdea90278a27540b5b0725016e4add) Importer(2089858483,192608db42251d675da83286b1cce702) (ScriptedImporter) -> (artifact id: 'e45155080b0d4e5111e72e0fb476d8ea') in 0.001712 seconds
Number of updated asset objects reloaded before import = 0Number of asset objects unloaded after import = 1

========================================================================
Received Import Request.
  Time since last request: 0.000065 seconds.
  path: Assets/Photon/PhotonUnityNetworking/Demos/PunCockpit/Scripts/Lists/PlayerListCell.cs
  artifactKey: Guid(0170261016c824eebb6c78e47e0b9ea0) Importer(2089858483,192608db42251d675da83286b1cce702)
Start importing Assets/Photon/PhotonUnityNetworking/Demos/PunCockpit/Scripts/Lists/PlayerListCell.cs using Guid(0170261016c824eebb6c78e47e0b9ea0) Importer(2089858483,192608db42251d675da83286b1cce702) (ScriptedImporter) -> (artifact id: '3fbe4499f255ed75a92d30882a38e37d') in 0.002576416 seconds
Number of updated asset objects reloaded before import = 0Number of asset objects unloaded after import = 0

========================================================================
Received Import Request.
  Time since last request: 0.000043 seconds.
  path: Assets/Photon/PhotonUnityNetworking/Demos/DemoSlotRacer/Kenney Assets/Stylized city/Models/car_3.FBX
  artifactKey: Guid(09f4942833b61cf429ab5ae4addaacac) Importer(2089858483,192608db42251d675da83286b1cce702)
Start importing Assets/Photon/PhotonUnityNetworking/Demos/DemoSlotRacer/Kenney Assets/Stylized city/Models/car_3.FBX using Guid(09f4942833b61cf429ab5ae4addaacac) Importer(2089858483,192608db42251d675da83286b1cce702) (ScriptedImporter) -> (artifact id: '96942edcf716e3c3e52d9acbf4b90f4a') in 0.019483792 seconds
Number of updated asset objects reloaded before import = 0Number of asset objects unloaded after import = 81

========================================================================
Received Import Request.
  Time since last request: 0.000057 seconds.
  path: Assets/Photon/PhotonUnityNetworking/Demos/PunBasics-Tutorial/Animator/Kyle Robot.controller
  artifactKey: Guid(1b222757b9e3844209748206173481c3) Importer(2089858483,192608db42251d675da83286b1cce702)
Start importing Assets/Photon/PhotonUnityNetworking/Demos/PunBasics-Tutorial/Animator/Kyle Robot.controller using Guid(1b222757b9e3844209748206173481c3) Importer(2089858483,192608db42251d675da83286b1cce702) (ScriptedImporter) -> (artifact id: '0f344937d8ea2433aa458746c14e847f') in 0.010256042 seconds
Number of updated asset objects reloaded before import = 0Number of asset objects unloaded after import = 15

========================================================================
Received Import Request.
  Time since last request: 0.000046 seconds.
  path: Assets/Photon/PhotonChat/Demos/DemoChat/ChatGui.cs
  artifactKey: Guid(02d148d0890b2d44dbdf7f1c1b39a499) Importer(2089858483,192608db42251d675da83286b1cce702)
Start importing Assets/Photon/PhotonChat/Demos/DemoChat/ChatGui.cs using Guid(02d148d0890b2d44dbdf7f1c1b39a499) Importer(2089858483,192608db42251d675da83286b1cce702) (ScriptedImporter) -> (artifact id: '8bcdcfe40005d7da53c1d081bc067447') in 0.002668583 seconds
Number of updated asset objects reloaded before import = 0Number of asset objects unloaded after import = 0

========================================================================
Received Import Request.
  Time since last request: 0.000066 seconds.
  path: Assets/Photon/PhotonUnityNetworking/Demos/PunCockpit/Scripts/ReadOnlyProperties/IsConnectedProperty.cs
  artifactKey: Guid(398773e8d21e14a6780ad50d653d4b9e) Importer(2089858483,192608db42251d675da83286b1cce702)
Start importing Assets/Photon/PhotonUnityNetworking/Demos/PunCockpit/Scripts/ReadOnlyProperties/IsConnectedProperty.cs using Guid(398773e8d21e14a6780ad50d653d4b9e) Importer(2089858483,192608db42251d675da83286b1cce702) (ScriptedImporter) -> (artifact id: '0873a70002a3b58e90e40c6fac2a1761') in 0.002767875 seconds
Number of updated asset objects reloaded before import = 0Number of asset objects unloaded after import = 0

========================================================================
Received Import Request.
  Time since last request: 0.000071 seconds.
  path: Assets/Photon/PhotonNetworking-Documentation.chm
  artifactKey: Guid(6923098d409554f57bedd5a4fa66e3ad) Importer(2089858483,192608db42251d675da83286b1cce702)
Start importing Assets/Photon/PhotonNetworking-Documentation.chm using Guid(6923098d409554f57bedd5a4fa66e3ad) Importer(2089858483,192608db42251d675da83286b1cce702) (ScriptedImporter) -> (artifact id: '1067f243a55bea392a6b3ffe2c47353c') in 0.002066917 seconds
Number of updated asset objects reloaded before import = 0Number of asset objects unloaded after import = 1

========================================================================
Received Import Request.
  Time since last request: 0.000065 seconds.
  path: Assets/Prefabs/RoomManager.prefab
  artifactKey: Guid(06575baf4f2d7f84689aa301cc76c611) Importer(2089858483,192608db42251d675da83286b1cce702)
Start importing Assets/Prefabs/RoomManager.prefab using Guid(06575baf4f2d7f84689aa301cc76c611) Importer(2089858483,192608db42251d675da83286b1cce702) (ScriptedImporter) -> (artifact id: '4fc6c1bf68c992f0cb3b1b7e4fb06a12') in 0.003405458 seconds
Number of updated asset objects reloaded before import = 0Number of asset objects unloaded after import = 5

========================================================================
Received Import Request.
  Time since last request: 0.000056 seconds.
  path: Assets/Photon/PhotonUnityNetworking/Code/Views/PhotonRigidbodyView.cs
  artifactKey: Guid(64179f3720bbfe947b7724caa67b7c1d) Importer(2089858483,192608db42251d675da83286b1cce702)
Start importing Assets/Photon/PhotonUnityNetworking/Code/Views/PhotonRigidbodyView.cs using Guid(64179f3720bbfe947b7724caa67b7c1d) Importer(2089858483,192608db42251d675da83286b1cce702) (ScriptedImporter) -> (artifact id: 'f5df619eb8eda8449e7ec6c457b058ea') in 0.0026265 seconds
Number of updated asset objects reloaded before import = 0Number of asset objects unloaded after import = 0

========================================================================
Received Import Request.
  Time since last request: 0.000068 seconds.
  path: Assets/Photon/PhotonUnityNetworking/Demos/Shared Assets/Materials/UnitTextureRed.mat
  artifactKey: Guid(4c506c95d32f3494e9453ef5c0124b0e) Importer(2089858483,192608db42251d675da83286b1cce702)
Start importing Assets/Photon/PhotonUnityNetworking/Demos/Shared Assets/Materials/UnitTextureRed.mat using Guid(4c506c95d32f3494e9453ef5c0124b0e) Importer(2089858483,192608db42251d675da83286b1cce702) (ScriptedImporter) -> (artifact id: '33fbb687ddcb11388f4e5480443bc0c8') in 0.006109 seconds
Number of updated asset objects reloaded before import = 0Number of asset objects unloaded after import = 2

========================================================================
Received Import Request.
  Time since last request: 0.000039 seconds.
  path: Assets/Photon/PhotonUnityNetworking/Demos/Shared Assets
  artifactKey: Guid(01a8ebbcaee32cd4c883b944fe77e0b9) Importer(2089858483,192608db42251d675da83286b1cce702)
Start importing Assets/Photon/PhotonUnityNetworking/Demos/Shared Assets using Guid(01a8ebbcaee32cd4c883b944fe77e0b9) Importer(2089858483,192608db42251d675da83286b1cce702) (ScriptedImporter) -> (artifact id: '96db9727fd9bb5db12b2dba5af27764f') in 0.002072416 seconds
Number of updated asset objects reloaded before import = 0Number of asset objects unloaded after import = 1

========================================================================
Received Import Request.
  Time since last request: 0.000049 seconds.
  path: Assets/Photon/PhotonUnityNetworking/UtilityScripts/Culling/CullingHandler.cs
  artifactKey: Guid(84db789113d4b01418c1becb128c4561) Importer(2089858483,192608db42251d675da83286b1cce702)
Start importing Assets/Photon/PhotonUnityNetworking/UtilityScripts/Culling/CullingHandler.cs using Guid(84db789113d4b01418c1becb128c4561) Importer(2089858483,192608db42251d675da83286b1cce702) (ScriptedImporter) -> (artifact id: '7582cb7d1c3c995c20536aed830a416c') in 0.002979417 seconds
Number of updated asset objects reloaded before import = 0Number of asset objects unloaded after import = 0

========================================================================
Received Import Request.
  Time since last request: 0.000041 seconds.
  path: Assets/Photon/PhotonChat/Demos/DemoChat/NamePickGui.cs
  artifactKey: Guid(696a5174ff5e707479b3540eb56d14b7) Importer(2089858483,192608db42251d675da83286b1cce702)
Start importing Assets/Photon/PhotonChat/Demos/DemoChat/NamePickGui.cs using Guid(696a5174ff5e707479b3540eb56d14b7) Importer(2089858483,192608db42251d675da83286b1cce702) (ScriptedImporter) -> (artifact id: '154a267497ddede690d5b96f4309fa24') in 0.003022291 seconds
Number of updated asset objects reloaded before import = 0Number of asset objects unloaded after import = 0

========================================================================
Received Import Request.
  Time since last request: 0.000036 seconds.
  path: Assets/Photon/PhotonChat/Code/ChatAppSettings.cs
  artifactKey: Guid(87776a9b1f405644abcc38ecd70c37fb) Importer(2089858483,192608db42251d675da83286b1cce702)
Start importing Assets/Photon/PhotonChat/Code/ChatAppSettings.cs using Guid(87776a9b1f405644abcc38ecd70c37fb) Importer(2089858483,192608db42251d675da83286b1cce702) (ScriptedImporter) -> (artifact id: '429b4b479625268b0650e138d03fb4f1') in 0.002791334 seconds
Number of updated asset objects reloaded before import = 0Number of asset objects unloaded after import = 0

========================================================================
Received Import Request.
  Time since last request: 0.000056 seconds.
  path: Assets/Photon/PhotonUnityNetworking/Demos/DemoSlotRacer/Kenney Assets/Stylized city/Materials/windows_2.mat
  artifactKey: Guid(db1318ffb13bfef419a8dad09473425d) Importer(2089858483,192608db42251d675da83286b1cce702)
Start importing Assets/Photon/PhotonUnityNetworking/Demos/DemoSlotRacer/Kenney Assets/Stylized city/Materials/windows_2.mat using Guid(db1318ffb13bfef419a8dad09473425d) Importer(2089858483,192608db42251d675da83286b1cce702) (ScriptedImporter) -> (artifact id: 'e83eaf7cd4ef41c69eb30086d7a432e6') in 0.003879333 seconds
Number of updated asset objects reloaded before import = 0Number of asset objects unloaded after import = 1

========================================================================
Received Import Request.
  Time since last request: 0.000047 seconds.
  path: Assets/Photon/PhotonRealtime/Code/PhotonPingClasses.cs
  artifactKey: Guid(d93148764d7961d4a8b8112bd166cf35) Importer(2089858483,192608db42251d675da83286b1cce702)
Start importing Assets/Photon/PhotonRealtime/Code/PhotonPingClasses.cs using Guid(d93148764d7961d4a8b8112bd166cf35) Importer(2089858483,192608db42251d675da83286b1cce702) (ScriptedImporter) -> (artifact id: '23df417e7c26c05181871a739c24c9d8') in 0.002390125 seconds
Number of updated asset objects reloaded before import = 0Number of asset objects unloaded after import = 0

========================================================================
Received Import Request.
  Time since last request: 0.000059 seconds.
  path: Assets/Photon/PhotonUnityNetworking/Demos/Shared Assets/Animations/HumanoidWalkTurnSharp.fbx
  artifactKey: Guid(bb141fc9a700c9c4ca7e6dadb8acf24b) Importer(2089858483,192608db42251d675da83286b1cce702)
Start importing Assets/Photon/PhotonUnityNetworking/Demos/Shared Assets/Animations/HumanoidWalkTurnSharp.fbx using Guid(bb141fc9a700c9c4ca7e6dadb8acf24b) Importer(2089858483,192608db42251d675da83286b1cce702) (ScriptedImporter) -> (artifact id: 'c97ee9e6c3c9bd5dfed581aeb3ff7271') in 0.014127875 seconds
Number of updated asset objects reloaded before import = 0Number of asset objects unloaded after import = 158

========================================================================
Received Import Request.
  Time since last request: 0.000066 seconds.
  path: Assets/Photon/PhotonUnityNetworking/Demos/DemoAsteroids/Materials/FlyerAsteroid.mat
  artifactKey: Guid(968fc57e6928a5448ae7d0644246d534) Importer(2089858483,192608db42251d675da83286b1cce702)
Start importing Assets/Photon/PhotonUnityNetworking/Demos/DemoAsteroids/Materials/FlyerAsteroid.mat using Guid(968fc57e6928a5448ae7d0644246d534) Importer(2089858483,192608db42251d675da83286b1cce702) (ScriptedImporter) -> (artifact id: 'bab0c3e4ede3487b603aca4aff0c9d12') in 0.006338333 seconds
Number of updated asset objects reloaded before import = 0Number of asset objects unloaded after import = 2

========================================================================
Received Import Request.
  Time since last request: 0.000054 seconds.
  path: Assets/Photon/PhotonUnityNetworking/Demos/DemoSlotRacer/Kenney Assets/Racing Kit/Models/roadStartPositions.fbx
  artifactKey: Guid(f5a5b74b30add9048911cae29679bbce) Importer(2089858483,192608db42251d675da83286b1cce702)
Start importing Assets/Photon/PhotonUnityNetworking/Demos/DemoSlotRacer/Kenney Assets/Racing Kit/Models/roadStartPositions.fbx using Guid(f5a5b74b30add9048911cae29679bbce) Importer(2089858483,192608db42251d675da83286b1cce702) (ScriptedImporter) -> (artifact id: '79e1a20538ea6f633bffaa0e727003d7') in 0.032044708 seconds
Number of updated asset objects reloaded before import = 0Number of asset objects unloaded after import = 10

========================================================================
Received Import Request.
  Time since last request: 0.000070 seconds.
  path: Assets/Scripts/Managers/RoomManager.cs
  artifactKey: Guid(af4829690d5597b4bab48cf0ead82f86) Importer(2089858483,192608db42251d675da83286b1cce702)
Start importing Assets/Scripts/Managers/RoomManager.cs using Guid(af4829690d5597b4bab48cf0ead82f86) Importer(2089858483,192608db42251d675da83286b1cce702) (ScriptedImporter) -> (artifact id: '1f07a1144f32f358feab113d8270efa4') in 0.002826291 seconds
Number of updated asset objects reloaded before import = 0Number of asset objects unloaded after import = 0

========================================================================
Received Import Request.
  Time since last request: 0.000044 seconds.
  path: Assets/Photon/PhotonUnityNetworking/UtilityScripts/Room/CountdownTimer.cs
  artifactKey: Guid(ffc398cf76e6d458caf303b5fceea504) Importer(2089858483,192608db42251d675da83286b1cce702)
Start importing Assets/Photon/PhotonUnityNetworking/UtilityScripts/Room/CountdownTimer.cs using Guid(ffc398cf76e6d458caf303b5fceea504) Importer(2089858483,192608db42251d675da83286b1cce702) (ScriptedImporter) -> (artifact id: '5a3b2d4ed4a857cf18ab68306c1f89d6') in 0.002892875 seconds
Number of updated asset objects reloaded before import = 0Number of asset objects unloaded after import = 0

========================================================================
Received Import Request.
  Time since last request: 0.000049 seconds.
  path: Assets/Photon/PhotonUnityNetworking/Demos/DemoHub
  artifactKey: Guid(76393d857f3f83e4eac6e8fe98f97c3d) Importer(2089858483,192608db42251d675da83286b1cce702)
Start importing Assets/Photon/PhotonUnityNetworking/Demos/DemoHub using Guid(76393d857f3f83e4eac6e8fe98f97c3d) Importer(2089858483,192608db42251d675da83286b1cce702) (ScriptedImporter) -> (artifact id: '451d60ac0553b31276122c75ccd9a1e3') in 0.002164917 seconds
Number of updated asset objects reloaded before import = 0Number of asset objects unloaded after import = 1

========================================================================
Received Import Request.
  Time since last request: 0.000044 seconds.
  path: Assets/Photon/PhotonUnityNetworking/Demos/PunBasics-Tutorial/Materials/UnitTextureYellow12x.mat
  artifactKey: Guid(ceba02e8dfaf34474b36fe43b51b69db) Importer(2089858483,192608db42251d675da83286b1cce702)
Start importing Assets/Photon/PhotonUnityNetworking/Demos/PunBasics-Tutorial/Materials/UnitTextureYellow12x.mat using Guid(ceba02e8dfaf34474b36fe43b51b69db) Importer(2089858483,192608db42251d675da83286b1cce702) (ScriptedImporter) -> (artifact id: '417bc3d6e04f1b8f56e196886ad6f666') in 0.003803958 seconds
Number of updated asset objects reloaded before import = 0Number of asset objects unloaded after import = 2

========================================================================
Received Import Request.
  Time since last request: 0.000045 seconds.
  path: Assets/Photon/PhotonUnityNetworking/UtilityScripts/Culling/Editor/CullAreaEditor.cs
  artifactKey: Guid(abadaa451a7bff0489078ed9eec61133) Importer(2089858483,192608db42251d675da83286b1cce702)
Start importing Assets/Photon/PhotonUnityNetworking/UtilityScripts/Culling/Editor/CullAreaEditor.cs using Guid(abadaa451a7bff0489078ed9eec61133) Importer(2089858483,192608db42251d675da83286b1cce702) (ScriptedImporter) -> (artifact id: 'ca1bef9488758fe9b6ac8606eca3e451') in 0.002787833 seconds
Number of updated asset objects reloaded before import = 0Number of asset objects unloaded after import = 0

========================================================================
Received Import Request.
  Time since last request: 0.000034 seconds.
  path: Assets/Photon/PhotonUnityNetworking/Icons/PunIconApp512.png
  artifactKey: Guid(7377013011b4c3348809ff574abe799e) Importer(2089858483,192608db42251d675da83286b1cce702)
Start importing Assets/Photon/PhotonUnityNetworking/Icons/PunIconApp512.png using Guid(7377013011b4c3348809ff574abe799e) Importer(2089858483,192608db42251d675da83286b1cce702) (ScriptedImporter) -> (artifact id: '3deed35a3f45354d58fb70096a444000') in 0.009202958 seconds
Number of updated asset objects reloaded before import = 0Number of asset objects unloaded after import = 3

========================================================================
Received Import Request.
  Time since last request: 0.000048 seconds.
  path: Assets/Photon/PhotonUnityNetworking/Demos/PunCockpit/Scripts/Autonomous UI/CurrentRoom
  artifactKey: Guid(44872d445f2594fbeb2bd8fba90f1f08) Importer(2089858483,192608db42251d675da83286b1cce702)
Start importing Assets/Photon/PhotonUnityNetworking/Demos/PunCockpit/Scripts/Autonomous UI/CurrentRoom using Guid(44872d445f2594fbeb2bd8fba90f1f08) Importer(2089858483,192608db42251d675da83286b1cce702) (ScriptedImporter) -> (artifact id: 'a256d64db55bce3cc46bc099d8d86686') in 0.002079208 seconds
Number of updated asset objects reloaded before import = 0Number of asset objects unloaded after import = 1

========================================================================
Received Import Request.
  Time since last request: 0.000040 seconds.
  path: Assets/Photon/PhotonChat/Demos/DemoChat/Files/eurof35.ttf
  artifactKey: Guid(4345225956e176043b2f73b9ee1b0f2b) Importer(2089858483,192608db42251d675da83286b1cce702)
Start importing Assets/Photon/PhotonChat/Demos/DemoChat/Files/eurof35.ttf using Guid(4345225956e176043b2f73b9ee1b0f2b) Importer(2089858483,192608db42251d675da83286b1cce702) (ScriptedImporter) -> (artifact id: 'c77c8e6e140e5d2017a073a80d94a2e5') in 0.006374291 seconds
Number of updated asset objects reloaded before import = 0Number of asset objects unloaded after import = 3

========================================================================
Received Import Request.
  Time since last request: 0.000044 seconds.
  path: Assets/Photon/PhotonUnityNetworking/Code/Interfaces/IPunCallbacks.cs
  artifactKey: Guid(421c323e36c065045b2c44e16a184a9a) Importer(2089858483,192608db42251d675da83286b1cce702)
Start importing Assets/Photon/PhotonUnityNetworking/Code/Interfaces/IPunCallbacks.cs using Guid(421c323e36c065045b2c44e16a184a9a) Importer(2089858483,192608db42251d675da83286b1cce702) (ScriptedImporter) -> (artifact id: '645be623799c09f55e39304ccf1043fc') in 0.002785375 seconds
Number of updated asset objects reloaded before import = 0Number of asset objects unloaded after import = 0

========================================================================
Received Import Request.
  Time since last request: 0.000051 seconds.
  path: Assets/Photon/PhotonUnityNetworking/Demos/DemoSlotRacer/Kenney Assets/Racing Kit
  artifactKey: Guid(50f8c03879c2eb04d962d57f6a8b831a) Importer(2089858483,192608db42251d675da83286b1cce702)
Start importing Assets/Photon/PhotonUnityNetworking/Demos/DemoSlotRacer/Kenney Assets/Racing Kit using Guid(50f8c03879c2eb04d962d57f6a8b831a) Importer(2089858483,192608db42251d675da83286b1cce702) (ScriptedImporter) -> (artifact id: 'f8f1ee464a0d3740eb2981ca4b80de17') in 0.001776583 seconds
Number of updated asset objects reloaded before import = 0Number of asset objects unloaded after import = 1

========================================================================
Received Import Request.
  Time since last request: 0.000067 seconds.
  path: Assets/Photon/PhotonRealtime/Code/RegionHandler.cs
  artifactKey: Guid(207807222df026f40ac3688a3a051e38) Importer(2089858483,192608db42251d675da83286b1cce702)
Start importing Assets/Photon/PhotonRealtime/Code/RegionHandler.cs using Guid(207807222df026f40ac3688a3a051e38) Importer(2089858483,192608db42251d675da83286b1cce702) (ScriptedImporter) -> (artifact id: '8b910b99195dc20c681ea8d388daf260') in 0.002649458 seconds
Number of updated asset objects reloaded before import = 0Number of asset objects unloaded after import = 0

========================================================================
Received Import Request.
  Time since last request: 0.000048 seconds.
  path: Assets/Photon/PhotonUnityNetworking/Code/Editor/ReordableList
  artifactKey: Guid(62126d9bb7b8eb64ea07a039d902d0ac) Importer(2089858483,192608db42251d675da83286b1cce702)
Start importing Assets/Photon/PhotonUnityNetworking/Code/Editor/ReordableList using Guid(62126d9bb7b8eb64ea07a039d902d0ac) Importer(2089858483,192608db42251d675da83286b1cce702) (ScriptedImporter) -> (artifact id: 'd0adcfafe7aba53ddc42e70e59f0bba3') in 0.001789417 seconds
Number of updated asset objects reloaded before import = 0Number of asset objects unloaded after import = 1

========================================================================
Received Import Request.
  Time since last request: 0.000054 seconds.
  path: Assets/Photon/PhotonUnityNetworking/Demos/PunCockpit/Scripts/Autonomous UI/GameVersionField.cs
  artifactKey: Guid(74b76e97b5bf042e3b0a981241bce379) Importer(2089858483,192608db42251d675da83286b1cce702)
Start importing Assets/Photon/PhotonUnityNetworking/Demos/PunCockpit/Scripts/Autonomous UI/GameVersionField.cs using Guid(74b76e97b5bf042e3b0a981241bce379) Importer(2089858483,192608db42251d675da83286b1cce702) (ScriptedImporter) -> (artifact id: '3f8048fdc37d7867fcfb1339e3abb95e') in 0.002712875 seconds
Number of updated asset objects reloaded before import = 0Number of asset objects unloaded after import = 0

========================================================================
Received Import Request.
  Time since last request: 0.000070 seconds.
  path: Assets/Photon/PhotonUnityNetworking/Demos/DemoAsteroids/Scripts
  artifactKey: Guid(3ae075de96c44c449ad885c6e84ffb5c) Importer(2089858483,192608db42251d675da83286b1cce702)
Start importing Assets/Photon/PhotonUnityNetworking/Demos/DemoAsteroids/Scripts using Guid(3ae075de96c44c449ad885c6e84ffb5c) Importer(2089858483,192608db42251d675da83286b1cce702) (ScriptedImporter) -> (artifact id: '786fa7d8eaad79d6f9e957f92f7623a4') in 0.002106291 seconds
Number of updated asset objects reloaded before import = 0Number of asset objects unloaded after import = 1

========================================================================
Received Import Request.
  Time since last request: 0.000048 seconds.
  path: Assets/Photon/PhotonUnityNetworking/Demos/DemoAsteroids/Models/Asteroid01.fbx
  artifactKey: Guid(401fae203bae0ee428e401e7f9af9be8) Importer(2089858483,192608db42251d675da83286b1cce702)
Start importing Assets/Photon/PhotonUnityNetworking/Demos/DemoAsteroids/Models/Asteroid01.fbx using Guid(401fae203bae0ee428e401e7f9af9be8) Importer(2089858483,192608db42251d675da83286b1cce702) (ScriptedImporter) -> (artifact id: '955c139bd783e7bfc9f73bc9c45471ad') in 0.01087725 seconds
Number of updated asset objects reloaded before import = 0Number of asset objects unloaded after import = 8

========================================================================
Received Import Request.
  Time since last request: 0.000051 seconds.
  path: Assets/Photon/PhotonUnityNetworking/Demos/DemoProcedural/Materials/Yellow.mat
  artifactKey: Guid(90623549d4482f042ade35d8a0758e35) Importer(2089858483,192608db42251d675da83286b1cce702)
Start importing Assets/Photon/PhotonUnityNetworking/Demos/DemoProcedural/Materials/Yellow.mat using Guid(90623549d4482f042ade35d8a0758e35) Importer(2089858483,192608db42251d675da83286b1cce702) (ScriptedImporter) -> (artifact id: 'bfe8312e92f73a352917b397ab047d9a') in 0.003239084 seconds
Number of updated asset objects reloaded before import = 0Number of asset objects unloaded after import = 1

========================================================================
Received Import Request.
  Time since last request: 0.000049 seconds.
  path: Assets/Scripts/UI/LobbyUI.cs
  artifactKey: Guid(d3bde1c056c4c0c4a913720fb936fe28) Importer(2089858483,192608db42251d675da83286b1cce702)
Start importing Assets/Scripts/UI/LobbyUI.cs using Guid(d3bde1c056c4c0c4a913720fb936fe28) Importer(2089858483,192608db42251d675da83286b1cce702) (ScriptedImporter) -> (artifact id: 'b4b38a06a1ded1d974867836e130c437') in 0.002560417 seconds
Number of updated asset objects reloaded before import = 0Number of asset objects unloaded after import = 0

========================================================================
Received Import Request.
  Time since last request: 0.000051 seconds.
  path: Assets/Photon/PhotonUnityNetworking/Code/Editor/Views
  artifactKey: Guid(c6024eaa234f94341af9e45cc99285c7) Importer(2089858483,192608db42251d675da83286b1cce702)
Start importing Assets/Photon/PhotonUnityNetworking/Code/Editor/Views using Guid(c6024eaa234f94341af9e45cc99285c7) Importer(2089858483,192608db42251d675da83286b1cce702) (ScriptedImporter) -> (artifact id: '982a1796f339a548366422ef8043423a') in 0.001739375 seconds
Number of updated asset objects reloaded before import = 0Number of asset objects unloaded after import = 1

========================================================================
Received Import Request.
  Time since last request: 0.000048 seconds.
  path: Assets/Photon/PhotonRealtime/Code
  artifactKey: Guid(028784b24103cfd46a9d2eadba4c285f) Importer(2089858483,192608db42251d675da83286b1cce702)
Start importing Assets/Photon/PhotonRealtime/Code using Guid(028784b24103cfd46a9d2eadba4c285f) Importer(2089858483,192608db42251d675da83286b1cce702) (ScriptedImporter) -> (artifact id: '6e8c1fb55600092ff0604bdf8852facd') in 0.001699834 seconds
Number of updated asset objects reloaded before import = 0Number of asset objects unloaded after import = 1

========================================================================
Received Import Request.
  Time since last request: 0.000054 seconds.
  path: Assets/Photon/PhotonUnityNetworking/Demos/PunCockpit/Scripts/Autonomous UI/DocLinkButton.cs
  artifactKey: Guid(09b634200c91b4206aa56038f7647fb5) Importer(2089858483,192608db42251d675da83286b1cce702)
Start importing Assets/Photon/PhotonUnityNetworking/Demos/PunCockpit/Scripts/Autonomous UI/DocLinkButton.cs using Guid(09b634200c91b4206aa56038f7647fb5) Importer(2089858483,192608db42251d675da83286b1cce702) (ScriptedImporter) -> (artifact id: '4efe2ee435954ad082225c9b852a90bc') in 0.00266825 seconds
Number of updated asset objects reloaded before import = 0Number of asset objects unloaded after import = 0

========================================================================
Received Import Request.
  Time since last request: 0.000070 seconds.
  path: Assets/Photon/PhotonUnityNetworking/Demos/DemoSlotRacer/Scripts/SlotLanes.cs
  artifactKey: Guid(54c0aa0c215c64226bdfacbeed74edbb) Importer(2089858483,192608db42251d675da83286b1cce702)
Start importing Assets/Photon/PhotonUnityNetworking/Demos/DemoSlotRacer/Scripts/SlotLanes.cs using Guid(54c0aa0c215c64226bdfacbeed74edbb) Importer(2089858483,192608db42251d675da83286b1cce702) (ScriptedImporter) -> (artifact id: '01c6d3384c91fca5ac77e4305306df72') in 0.002745958 seconds
Number of updated asset objects reloaded before import = 0Number of asset objects unloaded after import = 0

========================================================================
Received Import Request.
  Time since last request: 0.000039 seconds.
  path: Assets/Photon/PhotonRealtime/Code/CustomTypesUnity.cs
  artifactKey: Guid(c41ee868d8540674982e160cf16e0775) Importer(2089858483,192608db42251d675da83286b1cce702)
Start importing Assets/Photon/PhotonRealtime/Code/CustomTypesUnity.cs using Guid(c41ee868d8540674982e160cf16e0775) Importer(2089858483,192608db42251d675da83286b1cce702) (ScriptedImporter) -> (artifact id: '9ec02bf24e3b244cda415b31e4e638f1') in 0.002765458 seconds
Number of updated asset objects reloaded before import = 0Number of asset objects unloaded after import = 0

========================================================================
Received Import Request.
  Time since last request: 0.000041 seconds.
  path: Assets/Photon/PhotonUnityNetworking/Demos/Shared Assets/Animations/HumanoidRun.fbx
  artifactKey: Guid(1cb8ed3cbba15f0479fbae54e0a963df) Importer(2089858483,192608db42251d675da83286b1cce702)
Start importing Assets/Photon/PhotonUnityNetworking/Demos/Shared Assets/Animations/HumanoidRun.fbx using Guid(1cb8ed3cbba15f0479fbae54e0a963df) Importer(2089858483,192608db42251d675da83286b1cce702) (ScriptedImporter) -> (artifact id: '1af842f3043d4b49b99746fbebf74a74') in 0.01142475 seconds
Number of updated asset objects reloaded before import = 0Number of asset objects unloaded after import = 157

========================================================================
Received Import Request.
  Time since last request: 0.000041 seconds.
  path: Assets/Photon/PhotonLibs/WebSocket/WebSocket.cs
  artifactKey: Guid(b1bad04f7805f764dba77f0d4518e0f0) Importer(2089858483,192608db42251d675da83286b1cce702)
Start importing Assets/Photon/PhotonLibs/WebSocket/WebSocket.cs using Guid(b1bad04f7805f764dba77f0d4518e0f0) Importer(2089858483,192608db42251d675da83286b1cce702) (ScriptedImporter) -> (artifact id: '214672465feeed708f11d7c57f17bb12') in 0.002463625 seconds
Number of updated asset objects reloaded before import = 0Number of asset objects unloaded after import = 0

========================================================================
Received Import Request.
  Time since last request: 0.000044 seconds.
  path: Assets/Photon/PhotonUnityNetworking/Code/Editor/PhotonViewHandler.cs
  artifactKey: Guid(57b538e62a0ca6248bfd354def935e57) Importer(2089858483,192608db42251d675da83286b1cce702)
Start importing Assets/Photon/PhotonUnityNetworking/Code/Editor/PhotonViewHandler.cs using Guid(57b538e62a0ca6248bfd354def935e57) Importer(2089858483,192608db42251d675da83286b1cce702) (ScriptedImporter) -> (artifact id: 'dd8b836b8026f3146e27a1cbd1ada0b0') in 0.003056417 seconds
Number of updated asset objects reloaded before import = 0Number of asset objects unloaded after import = 0

========================================================================
Received Import Request.
  Time since last request: 0.000055 seconds.
  path: Assets/Photon/PhotonLibs/Metro/Photon3Unity3D.pdb
  artifactKey: Guid(ceaf3c270b0c23c44b43fa13cee2675b) Importer(2089858483,192608db42251d675da83286b1cce702)
Start importing Assets/Photon/PhotonLibs/Metro/Photon3Unity3D.pdb using Guid(ceaf3c270b0c23c44b43fa13cee2675b) Importer(2089858483,192608db42251d675da83286b1cce702) (ScriptedImporter) -> (artifact id: '22e8b330b7f52f8c63f5529ae26359e3') in 0.00231225 seconds
Number of updated asset objects reloaded before import = 0Number of asset objects unloaded after import = 1

========================================================================
Received Import Request.
  Time since last request: 0.000041 seconds.
  path: Assets/Photon/PhotonRealtime/Code/LoadBalancingPeer.cs
  artifactKey: Guid(35c989013c977244186e524a4c90dcee) Importer(2089858483,192608db42251d675da83286b1cce702)
Start importing Assets/Photon/PhotonRealtime/Code/LoadBalancingPeer.cs using Guid(35c989013c977244186e524a4c90dcee) Importer(2089858483,192608db42251d675da83286b1cce702) (ScriptedImporter) -> (artifact id: '15deb7b920b81a0aceff0b3a066969b2') in 0.0027845 seconds
Number of updated asset objects reloaded before import = 0Number of asset objects unloaded after import = 0

========================================================================
Received Import Request.
  Time since last request: 0.000065 seconds.
  path: Assets/Photon/PhotonUnityNetworking/Icons/PunIconApp128.png
  artifactKey: Guid(f00feafcf0675cd47a48f83ae42b06d4) Importer(2089858483,192608db42251d675da83286b1cce702)
Start importing Assets/Photon/PhotonUnityNetworking/Icons/PunIconApp128.png using Guid(f00feafcf0675cd47a48f83ae42b06d4) Importer(2089858483,192608db42251d675da83286b1cce702) (ScriptedImporter) -> (artifact id: '17fe4f2b42fb7416af9bd349d29fd5c8') in 0.011090083 seconds
Number of updated asset objects reloaded before import = 0Number of asset objects unloaded after import = 3

========================================================================
Received Import Request.
  Time since last request: 0.000073 seconds.
  path: Assets/Photon/PhotonUnityNetworking/UtilityScripts/Culling/Editor
  artifactKey: Guid(fcede10f4c76b443483f21320fee20e5) Importer(2089858483,192608db42251d675da83286b1cce702)
Start importing Assets/Photon/PhotonUnityNetworking/UtilityScripts/Culling/Editor using Guid(fcede10f4c76b443483f21320fee20e5) Importer(2089858483,192608db42251d675da83286b1cce702) (ScriptedImporter) -> (artifact id: '678b19b3c918a26f2718011da63b00c6') in 0.002088625 seconds
Number of updated asset objects reloaded before import = 0Number of asset objects unloaded after import = 1

========================================================================
Received Import Request.
  Time since last request: 0.000061 seconds.
  path: Assets/Photon/PhotonUnityNetworking/Demos/PunCockpit/PunCockpit-Scene.unity
  artifactKey: Guid(9d6d60c803e244e51ba945a84b88757d) Importer(2089858483,192608db42251d675da83286b1cce702)
Start importing Assets/Photon/PhotonUnityNetworking/Demos/PunCockpit/PunCockpit-Scene.unity using Guid(9d6d60c803e244e51ba945a84b88757d) Importer(2089858483,192608db42251d675da83286b1cce702) (ScriptedImporter) -> (artifact id: 'e34028d1a38307128bd0067b36dfa0c0') in 0.031237083 seconds
Number of updated asset objects reloaded before import = 0Number of asset objects unloaded after import = 1

========================================================================
Received Import Request.
  Time since last request: 0.000042 seconds.
  path: Assets/Photon/PhotonUnityNetworking/Demos/Shared Assets/Animator/ThirdPersonAnimatorController.controller
  artifactKey: Guid(e2cf68ff4b1ffda45a77f7307dd789b9) Importer(2089858483,192608db42251d675da83286b1cce702)
Start importing Assets/Photon/PhotonUnityNetworking/Demos/Shared Assets/Animator/ThirdPersonAnimatorController.controller using Guid(e2cf68ff4b1ffda45a77f7307dd789b9) Importer(2089858483,192608db42251d675da83286b1cce702) (ScriptedImporter) -> (artifact id: 'f2662290ce5cf99691b1489ce116db77') in 0.016756375 seconds
Number of updated asset objects reloaded before import = 0Number of asset objects unloaded after import = 40

========================================================================
Received Import Request.
  Time since last request: 0.000039 seconds.
  path: Assets/Photon/PhotonUnityNetworking/Demos/DemoSlotRacer/Kenney Assets/Racing Kit/Models/Materials/wall.mat
  artifactKey: Guid(b5e9e0cb388c83440adfb6c0c023ee8b) Importer(2089858483,192608db42251d675da83286b1cce702)
Start importing Assets/Photon/PhotonUnityNetworking/Demos/DemoSlotRacer/Kenney Assets/Racing Kit/Models/Materials/wall.mat using Guid(b5e9e0cb388c83440adfb6c0c023ee8b) Importer(2089858483,192608db42251d675da83286b1cce702) (ScriptedImporter) -> (artifact id: '8f3fb6cf13b7bb1b7f72db47d951b0a5') in 0.003278584 seconds
Number of updated asset objects reloaded before import = 0Number of asset objects unloaded after import = 1

========================================================================
Received Import Request.
  Time since last request: 0.000038 seconds.
  path: Assets/Settings/PC_RPAsset.asset
  artifactKey: Guid(4b83569d67af61e458304325a23e5dfd) Importer(2089858483,192608db42251d675da83286b1cce702)
Start importing Assets/Settings/PC_RPAsset.asset using Guid(4b83569d67af61e458304325a23e5dfd) Importer(2089858483,192608db42251d675da83286b1cce702) (ScriptedImporter) -> (artifact id: 'f9da71a4869a9a660f78b908ce771080') in 0.036077833 seconds
Number of updated asset objects reloaded before import = 0Number of asset objects unloaded after import = 1

========================================================================
Received Import Request.
  Time since last request: 0.000048 seconds.
  path: Assets/Photon/PhotonUnityNetworking/Code/Interfaces/IPhotonViewCallbacks.cs
  artifactKey: Guid(d67b3e094fcbf004da7f8771c17126f3) Importer(2089858483,192608db42251d675da83286b1cce702)
Start importing Assets/Photon/PhotonUnityNetworking/Code/Interfaces/IPhotonViewCallbacks.cs using Guid(d67b3e094fcbf004da7f8771c17126f3) Importer(2089858483,192608db42251d675da83286b1cce702) (ScriptedImporter) -> (artifact id: '0f148d2315f869ca6a077938294c4599') in 0.00282325 seconds
Number of updated asset objects reloaded before import = 0Number of asset objects unloaded after import = 0

========================================================================
Received Import Request.
  Time since last request: 0.000038 seconds.
  path: Assets/Photon/PhotonChat/Code/ChatPeer.cs
  artifactKey: Guid(3f712805dec728943a668b3bf19dc422) Importer(2089858483,192608db42251d675da83286b1cce702)
Start importing Assets/Photon/PhotonChat/Code/ChatPeer.cs using Guid(3f712805dec728943a668b3bf19dc422) Importer(2089858483,192608db42251d675da83286b1cce702) (ScriptedImporter) -> (artifact id: '7cfe5b5f927801b11450a041300913a5') in 0.002603458 seconds
Number of updated asset objects reloaded before import = 0Number of asset objects unloaded after import = 0

========================================================================
Received Import Request.
  Time since last request: 0.000044 seconds.
  path: Assets/Photon/PhotonUnityNetworking/Code
  artifactKey: Guid(9a312e4dbb5268d4e859200f68478e0c) Importer(2089858483,192608db42251d675da83286b1cce702)
Start importing Assets/Photon/PhotonUnityNetworking/Code using Guid(9a312e4dbb5268d4e859200f68478e0c) Importer(2089858483,192608db42251d675da83286b1cce702) (ScriptedImporter) -> (artifact id: '8559c68ad1e4a0b8b7e92f75be82dd38') in 0.001892292 seconds
Number of updated asset objects reloaded before import = 0Number of asset objects unloaded after import = 1

========================================================================
Received Import Request.
  Time since last request: 0.000063 seconds.
  path: Assets/Photon/PhotonUnityNetworking/Demos/Shared Assets/Skin/Toggle.png
  artifactKey: Guid(b213d4a4b20760f49a105e29da3e4a9a) Importer(2089858483,192608db42251d675da83286b1cce702)
Start importing Assets/Photon/PhotonUnityNetworking/Demos/Shared Assets/Skin/Toggle.png using Guid(b213d4a4b20760f49a105e29da3e4a9a) Importer(2089858483,192608db42251d675da83286b1cce702) (ScriptedImporter) -> (artifact id: 'bcd076689a0d32be0cd9d3690a6f0264') in 0.008947084 seconds
Number of updated asset objects reloaded before import = 0Number of asset objects unloaded after import = 1

========================================================================
Received Import Request.
  Time since last request: 0.000053 seconds.
  path: Assets/Photon/PhotonUnityNetworking/Demos/PunCockpit/Scripts/Lists/RoomListView.cs
  artifactKey: Guid(f5c9e34bb9f7d43a4a17eb45abbba66e) Importer(2089858483,192608db42251d675da83286b1cce702)
Start importing Assets/Photon/PhotonUnityNetworking/Demos/PunCockpit/Scripts/Lists/RoomListView.cs using Guid(f5c9e34bb9f7d43a4a17eb45abbba66e) Importer(2089858483,192608db42251d675da83286b1cce702) (ScriptedImporter) -> (artifact id: '47ff4917efb43577ae3381eafba38556') in 0.002726333 seconds
Number of updated asset objects reloaded before import = 0Number of asset objects unloaded after import = 0

========================================================================
Received Import Request.
  Time since last request: 0.000055 seconds.
  path: Assets/Photon/PhotonUnityNetworking/Demos/DemoProcedural/Scripts/WorldGenerator.cs
  artifactKey: Guid(4190307f26497ca49b67855340776e0a) Importer(2089858483,192608db42251d675da83286b1cce702)
Start importing Assets/Photon/PhotonUnityNetworking/Demos/DemoProcedural/Scripts/WorldGenerator.cs using Guid(4190307f26497ca49b67855340776e0a) Importer(2089858483,192608db42251d675da83286b1cce702) (ScriptedImporter) -> (artifact id: 'a428df385fb0c3adb83b1b570cf337cb') in 0.002931958 seconds
Number of updated asset objects reloaded before import = 0Number of asset objects unloaded after import = 0

========================================================================
Received Import Request.
  Time since last request: 0.000049 seconds.
  path: Assets/Photon/PhotonChat/Code/ChatEventCode.cs
  artifactKey: Guid(188e4a680bce12d4cbad8d57a24f7d44) Importer(2089858483,192608db42251d675da83286b1cce702)
Start importing Assets/Photon/PhotonChat/Code/ChatEventCode.cs using Guid(188e4a680bce12d4cbad8d57a24f7d44) Importer(2089858483,192608db42251d675da83286b1cce702) (ScriptedImporter) -> (artifact id: '3bffe51e47a3f0258589fdcae4da4318') in 0.002517792 seconds
Number of updated asset objects reloaded before import = 0Number of asset objects unloaded after import = 0

========================================================================
Received Import Request.
  Time since last request: 0.000055 seconds.
  path: Assets/Photon/PhotonUnityNetworking/Demos/PunCockpit/Scripts/ReadOnlyProperties/CurrentRoomIsVisibleProperty.cs
  artifactKey: Guid(9caca36858e0a4cdb9511261f0525c72) Importer(2089858483,192608db42251d675da83286b1cce702)
Start importing Assets/Photon/PhotonUnityNetworking/Demos/PunCockpit/Scripts/ReadOnlyProperties/CurrentRoomIsVisibleProperty.cs using Guid(9caca36858e0a4cdb9511261f0525c72) Importer(2089858483,192608db42251d675da83286b1cce702) (ScriptedImporter) -> (artifact id: 'f82ddaa15f01001d9473ddf0ce0fd326') in 0.002994959 seconds
Number of updated asset objects reloaded before import = 0Number of asset objects unloaded after import = 0

========================================================================
Received Import Request.
  Time since last request: 0.000050 seconds.
  path: Assets/Photon/PhotonUnityNetworking/Demos/PunBasics-Tutorial/Scenes/PunBasics-Room for 4.unity
  artifactKey: Guid(e7a7f9734636d415ca84ef3aaf7680f6) Importer(2089858483,192608db42251d675da83286b1cce702)
Start importing Assets/Photon/PhotonUnityNetworking/Demos/PunBasics-Tutorial/Scenes/PunBasics-Room for 4.unity using Guid(e7a7f9734636d415ca84ef3aaf7680f6) Importer(2089858483,192608db42251d675da83286b1cce702) (ScriptedImporter) -> (artifact id: '5706dc4266abad4216ce2995edfbe9c8') in 0.003641083 seconds
Number of updated asset objects reloaded before import = 0Number of asset objects unloaded after import = 1

========================================================================
Received Import Request.
  Time since last request: 0.000052 seconds.
  path: Assets/Prefabs
  artifactKey: Guid(7fab38f8c977f3541b9a487d94b74f5e) Importer(2089858483,192608db42251d675da83286b1cce702)
Start importing Assets/Prefabs using Guid(7fab38f8c977f3541b9a487d94b74f5e) Importer(2089858483,192608db42251d675da83286b1cce702) (ScriptedImporter) -> (artifact id: 'baad2ac3b9667b7a5b4244cd33c68557') in 0.001831667 seconds
Number of updated asset objects reloaded before import = 0Number of asset objects unloaded after import = 1

========================================================================
Received Import Request.
  Time since last request: 0.000050 seconds.
  path: Assets/Photon/PhotonRealtime/Code/PhotonRealtime.asmdef
  artifactKey: Guid(831409e8f9d13b5479a3baef9822ad34) Importer(2089858483,192608db42251d675da83286b1cce702)
Start importing Assets/Photon/PhotonRealtime/Code/PhotonRealtime.asmdef using Guid(831409e8f9d13b5479a3baef9822ad34) Importer(2089858483,192608db42251d675da83286b1cce702) (ScriptedImporter) -> (artifact id: 'c3ac5c67fba65011daa8ac96a1a27ef5') in 0.002405459 seconds
Number of updated asset objects reloaded before import = 0Number of asset objects unloaded after import = 1

========================================================================
Received Import Request.
  Time since last request: 0.000049 seconds.
  path: Assets/Photon/PhotonRealtime/Code/Unity/Editor/AccountService.cs
  artifactKey: Guid(166dfe22956ef0341b28e18d0499e363) Importer(2089858483,192608db42251d675da83286b1cce702)
Start importing Assets/Photon/PhotonRealtime/Code/Unity/Editor/AccountService.cs using Guid(166dfe22956ef0341b28e18d0499e363) Importer(2089858483,192608db42251d675da83286b1cce702) (ScriptedImporter) -> (artifact id: '5da94d3a3c8226496be445ec8f167f39') in 0.002503792 seconds
Number of updated asset objects reloaded before import = 0Number of asset objects unloaded after import = 0

========================================================================
Received Import Request.
  Time since last request: 0.000038 seconds.
  path: Assets/Photon/PhotonUnityNetworking/Demos/DemoSlotRacer/Kenney Assets/Racing Kit/Models/roadCornerSmallBorder.fbx
  artifactKey: Guid(f34457aefb5bca94fa9fb35aa61fb3e7) Importer(2089858483,192608db42251d675da83286b1cce702)
Start importing Assets/Photon/PhotonUnityNetworking/Demos/DemoSlotRacer/Kenney Assets/Racing Kit/Models/roadCornerSmallBorder.fbx using Guid(f34457aefb5bca94fa9fb35aa61fb3e7) Importer(2089858483,192608db42251d675da83286b1cce702) (ScriptedImporter) -> (artifact id: 'b8c14f59c6d82c9d6d9c93daa7d022f2') in 0.008908542 seconds
Number of updated asset objects reloaded before import = 0Number of asset objects unloaded after import = 9

========================================================================
Received Import Request.
  Time since last request: 0.000054 seconds.
  path: Assets/Photon/PhotonUnityNetworking/Demos/PunCockpit/Scripts
  artifactKey: Guid(a2a025fd6ea894647ad6404f32fa2b5e) Importer(2089858483,192608db42251d675da83286b1cce702)
Start importing Assets/Photon/PhotonUnityNetworking/Demos/PunCockpit/Scripts using Guid(a2a025fd6ea894647ad6404f32fa2b5e) Importer(2089858483,192608db42251d675da83286b1cce702) (ScriptedImporter) -> (artifact id: '38fcde4b2b658a44e675a4de5ed18c0f') in 0.001635167 seconds
Number of updated asset objects reloaded before import = 0Number of asset objects unloaded after import = 1

========================================================================
Received Import Request.
  Time since last request: 0.000055 seconds.
  path: Assets/Photon/PhotonUnityNetworking/Code/Views/PhotonTransformViewClassic.cs
  artifactKey: Guid(8efc6b1d64977384eb3405357896c656) Importer(2089858483,192608db42251d675da83286b1cce702)
Start importing Assets/Photon/PhotonUnityNetworking/Code/Views/PhotonTransformViewClassic.cs using Guid(8efc6b1d64977384eb3405357896c656) Importer(2089858483,192608db42251d675da83286b1cce702) (ScriptedImporter) -> (artifact id: '4e71cda769be329a7cffa0a34cf850b7') in 0.00265825 seconds
Number of updated asset objects reloaded before import = 0Number of asset objects unloaded after import = 0

========================================================================
Received Import Request.
  Time since last request: 0.000069 seconds.
  path: Assets/Photon/PhotonUnityNetworking/Demos/DemoSlotRacer/Kenney Assets/Stylized city/Materials/13 - Default54.mat
  artifactKey: Guid(831e4ea6beda02947bdca5aeb8543156) Importer(2089858483,192608db42251d675da83286b1cce702)
Start importing Assets/Photon/PhotonUnityNetworking/Demos/DemoSlotRacer/Kenney Assets/Stylized city/Materials/13 - Default54.mat using Guid(831e4ea6beda02947bdca5aeb8543156) Importer(2089858483,192608db42251d675da83286b1cce702) (ScriptedImporter) -> (artifact id: '59f0713b4b40a92e058321277136ac24') in 0.003439584 seconds
Number of updated asset objects reloaded before import = 0Number of asset objects unloaded after import = 1

========================================================================
Received Import Request.
  Time since last request: 0.000038 seconds.
  path: Assets/Photon/PhotonUnityNetworking/Demos/Shared Assets/Animations/Materials/TongueMaterial.mat
  artifactKey: Guid(28498b9ebcb776a46b3c9479a664bfc7) Importer(2089858483,192608db42251d675da83286b1cce702)
Start importing Assets/Photon/PhotonUnityNetworking/Demos/Shared Assets/Animations/Materials/TongueMaterial.mat using Guid(28498b9ebcb776a46b3c9479a664bfc7) Importer(2089858483,192608db42251d675da83286b1cce702) (ScriptedImporter) -> (artifact id: 'dc8495fcaae2df1a224abd00a0515291') in 0.002957209 seconds
Number of updated asset objects reloaded before import = 0Number of asset objects unloaded after import = 1

========================================================================
Received Import Request.
  Time since last request: 0.000054 seconds.
  path: Assets/Scripts/UI
  artifactKey: Guid(af3dd8e595fd7c9429782fb57db9819b) Importer(2089858483,192608db42251d675da83286b1cce702)
Start importing Assets/Scripts/UI using Guid(af3dd8e595fd7c9429782fb57db9819b) Importer(2089858483,192608db42251d675da83286b1cce702) (ScriptedImporter) -> (artifact id: '7a0f3f1809805806ab0bd0b294ea53ff') in 0.001988458 seconds
Number of updated asset objects reloaded before import = 0Number of asset objects unloaded after import = 1

========================================================================
Received Import Request.
  Time since last request: 0.000040 seconds.
  path: Assets/Photon/PhotonUnityNetworking/Demos/PunCockpit/Scripts/Autonomous UI/NickNameField.cs
  artifactKey: Guid(ea425f69fa0f244a79a3514a6d64cab2) Importer(2089858483,192608db42251d675da83286b1cce702)
Start importing Assets/Photon/PhotonUnityNetworking/Demos/PunCockpit/Scripts/Autonomous UI/NickNameField.cs using Guid(ea425f69fa0f244a79a3514a6d64cab2) Importer(2089858483,192608db42251d675da83286b1cce702) (ScriptedImporter) -> (artifact id: 'd6745b8341906a8c3e61eb89971cf067') in 0.0027505 seconds
Number of updated asset objects reloaded before import = 0Number of asset objects unloaded after import = 0

========================================================================
Received Import Request.
  Time since last request: 0.000047 seconds.
  path: Assets/Photon/PhotonUnityNetworking/UtilityScripts/UI/EventSystemSpawner.cs
  artifactKey: Guid(68187d3cf4c8746aaa64930f1a766a38) Importer(2089858483,192608db42251d675da83286b1cce702)
Start importing Assets/Photon/PhotonUnityNetworking/UtilityScripts/UI/EventSystemSpawner.cs using Guid(68187d3cf4c8746aaa64930f1a766a38) Importer(2089858483,192608db42251d675da83286b1cce702) (ScriptedImporter) -> (artifact id: 'dfec3599ebe91c006efefb5970a35640') in 0.005146833 seconds
Number of updated asset objects reloaded before import = 0Number of asset objects unloaded after import = 0

========================================================================
Received Import Request.
  Time since last request: 0.000037 seconds.
  path: Assets/Photon/PhotonUnityNetworking/Demos/Shared Assets/Skin/Orbitron Black.ttf
  artifactKey: Guid(495c9e2a934bcc640a8d7427b13cb680) Importer(2089858483,192608db42251d675da83286b1cce702)
Start importing Assets/Photon/PhotonUnityNetworking/Demos/Shared Assets/Skin/Orbitron Black.ttf using Guid(495c9e2a934bcc640a8d7427b13cb680) Importer(2089858483,192608db42251d675da83286b1cce702) (ScriptedImporter) -> (artifact id: '693c205bc473eb5046851161b7c84d34') in 0.005216667 seconds
Number of updated asset objects reloaded before import = 0Number of asset objects unloaded after import = 3

========================================================================
Received Import Request.
  Time since last request: 0.000062 seconds.
  path: Assets/Photon/PhotonUnityNetworking/Demos/PunCockpit/Scripts/ReadOnlyProperties/CloudRegionProperty.cs
  artifactKey: Guid(e873bef6b926e45989cc835cb13ef3c2) Importer(2089858483,192608db42251d675da83286b1cce702)
Start importing Assets/Photon/PhotonUnityNetworking/Demos/PunCockpit/Scripts/ReadOnlyProperties/CloudRegionProperty.cs using Guid(e873bef6b926e45989cc835cb13ef3c2) Importer(2089858483,192608db42251d675da83286b1cce702) (ScriptedImporter) -> (artifact id: 'dc2ff108dd99d9b8b9b646c14c957a31') in 0.002697458 seconds
Number of updated asset objects reloaded before import = 0Number of asset objects unloaded after import = 0

========================================================================
Received Import Request.
  Time since last request: 0.000066 seconds.
  path: Assets/Photon/PhotonUnityNetworking/Demos/DemoProcedural/Scripts/Noise.cs
  artifactKey: Guid(980b260de9546514d80e3d867a591802) Importer(2089858483,192608db42251d675da83286b1cce702)
Start importing Assets/Photon/PhotonUnityNetworking/Demos/DemoProcedural/Scripts/Noise.cs using Guid(980b260de9546514d80e3d867a591802) Importer(2089858483,192608db42251d675da83286b1cce702) (ScriptedImporter) -> (artifact id: '04bbcc0b38c2a4d19efcfca1e194f811') in 0.002860875 seconds
Number of updated asset objects reloaded before import = 0Number of asset objects unloaded after import = 0

========================================================================
Received Import Request.
  Time since last request: 0.000047 seconds.
  path: Assets/Photon/PhotonUnityNetworking/Demos/DemoHub/Scripts/DemoHubManager.cs
  artifactKey: Guid(ed6ca7d1055974cc7847025558e8a903) Importer(2089858483,192608db42251d675da83286b1cce702)
Start importing Assets/Photon/PhotonUnityNetworking/Demos/DemoHub/Scripts/DemoHubManager.cs using Guid(ed6ca7d1055974cc7847025558e8a903) Importer(2089858483,192608db42251d675da83286b1cce702) (ScriptedImporter) -> (artifact id: 'c8ce603d864d394d2777ac88d6dc5bd2') in 0.002639375 seconds
Number of updated asset objects reloaded before import = 0Number of asset objects unloaded after import = 0

========================================================================
Received Import Request.
  Time since last request: 0.000055 seconds.
  path: Assets/Photon/PhotonUnityNetworking/Demos/Shared Assets/Textures/UnitTexture.png
  artifactKey: Guid(df33d7843e7ff98489b55381f6cdd866) Importer(2089858483,192608db42251d675da83286b1cce702)
Start importing Assets/Photon/PhotonUnityNetworking/Demos/Shared Assets/Textures/UnitTexture.png using Guid(df33d7843e7ff98489b55381f6cdd866) Importer(2089858483,192608db42251d675da83286b1cce702) (ScriptedImporter) -> (artifact id: '087d1cd6a8678764e9fbb79e87145c6a') in 0.006560292 seconds
Number of updated asset objects reloaded before import = 0Number of asset objects unloaded after import = 1

========================================================================
Received Import Request.
  Time since last request: 0.000064 seconds.
  path: Assets/Photon/PhotonRealtime/Code/LoadBalancingClient.cs
  artifactKey: Guid(f4e65968c7102bf42a77b6a5cade8743) Importer(2089858483,192608db42251d675da83286b1cce702)
Start importing Assets/Photon/PhotonRealtime/Code/LoadBalancingClient.cs using Guid(f4e65968c7102bf42a77b6a5cade8743) Importer(2089858483,192608db42251d675da83286b1cce702) (ScriptedImporter) -> (artifact id: '188a8996daf10fffd1de4c19bd89b8dc') in 0.002486833 seconds
Number of updated asset objects reloaded before import = 0Number of asset objects unloaded after import = 0

========================================================================
Received Import Request.
  Time since last request: 0.000053 seconds.
  path: Assets/Photon/PhotonChat/Demos/Common/TextToggleIsOnTransition.cs
  artifactKey: Guid(1e808171e8963498bb1db072a977d750) Importer(2089858483,192608db42251d675da83286b1cce702)
Start importing Assets/Photon/PhotonChat/Demos/Common/TextToggleIsOnTransition.cs using Guid(1e808171e8963498bb1db072a977d750) Importer(2089858483,192608db42251d675da83286b1cce702) (ScriptedImporter) -> (artifact id: '79ec0837df35f2884236d42080ff251c') in 0.002580583 seconds
Number of updated asset objects reloaded before import = 0Number of asset objects unloaded after import = 0

========================================================================
Received Import Request.
  Time since last request: 0.000050 seconds.
  path: Assets/Photon/PhotonUnityNetworking/Demos/PunCockpit/Scripts/ReadOnlyProperties/CountOfPlayersInRoomProperty.cs
  artifactKey: Guid(efbb55080baae4567af10254c267900c) Importer(2089858483,192608db42251d675da83286b1cce702)
Start importing Assets/Photon/PhotonUnityNetworking/Demos/PunCockpit/Scripts/ReadOnlyProperties/CountOfPlayersInRoomProperty.cs using Guid(efbb55080baae4567af10254c267900c) Importer(2089858483,192608db42251d675da83286b1cce702) (ScriptedImporter) -> (artifact id: '6d2f388372d57dff07ea7f75f35f9d6b') in 0.002945083 seconds
Number of updated asset objects reloaded before import = 0Number of asset objects unloaded after import = 0

========================================================================
Received Import Request.
  Time since last request: 0.000048 seconds.
  path: Assets/Photon/PhotonUnityNetworking/Demos/DemoSlotRacer/Kenney Assets/Racing Kit/Models/Materials
  artifactKey: Guid(be4d31381de87b440b448169c5c404d2) Importer(2089858483,192608db42251d675da83286b1cce702)
Start importing Assets/Photon/PhotonUnityNetworking/Demos/DemoSlotRacer/Kenney Assets/Racing Kit/Models/Materials using Guid(be4d31381de87b440b448169c5c404d2) Importer(2089858483,192608db42251d675da83286b1cce702) (ScriptedImporter) -> (artifact id: 'c2e837b2b849fb292c31724e72579e64') in 0.001939916 seconds
Number of updated asset objects reloaded before import = 0Number of asset objects unloaded after import = 1

========================================================================
Received Import Request.
  Time since last request: 0.000051 seconds.
  path: Assets/Photon/PhotonUnityNetworking/Code/Views/PhotonTransformView.cs
  artifactKey: Guid(627855c7f81362d41938ffe0b1475957) Importer(2089858483,192608db42251d675da83286b1cce702)
Start importing Assets/Photon/PhotonUnityNetworking/Code/Views/PhotonTransformView.cs using Guid(627855c7f81362d41938ffe0b1475957) Importer(2089858483,192608db42251d675da83286b1cce702) (ScriptedImporter) -> (artifact id: '9c090fb6222256abb319bdeb02438365') in 0.002497583 seconds
Number of updated asset objects reloaded before import = 0Number of asset objects unloaded after import = 0

========================================================================
Received Import Request.
  Time since last request: 0.000106 seconds.
  path: Assets/Photon/PhotonUnityNetworking/Demos/Shared Assets/Materials
  artifactKey: Guid(12e34119f8e2e904c9e1e637277bb7eb) Importer(2089858483,192608db42251d675da83286b1cce702)
Start importing Assets/Photon/PhotonUnityNetworking/Demos/Shared Assets/Materials using Guid(12e34119f8e2e904c9e1e637277bb7eb) Importer(2089858483,192608db42251d675da83286b1cce702) (ScriptedImporter) -> (artifact id: '02130b869695fbbfb029c278bec000de') in 0.00180925 seconds
Number of updated asset objects reloaded before import = 0Number of asset objects unloaded after import = 1

========================================================================
Received Import Request.
  Time since last request: 0.000053 seconds.
  path: Assets/Photon/PhotonLibs/netstandard2.0/Photon3Unity3D.dll
  artifactKey: Guid(6a558ae793155af4b9b9ab945fc64a0f) Importer(2089858483,192608db42251d675da83286b1cce702)
Start importing Assets/Photon/PhotonLibs/netstandard2.0/Photon3Unity3D.dll using Guid(6a558ae793155af4b9b9ab945fc64a0f) Importer(2089858483,192608db42251d675da83286b1cce702) (ScriptedImporter) -> (artifact id: 'e5f91096c5c9be84b83b23cd83db9422') in 0.005250917 seconds
Number of updated asset objects reloaded before import = 0Number of asset objects unloaded after import = 0

========================================================================
Received Import Request.
  Time since last request: 0.000041 seconds.
  path: Assets/Photon/PhotonUnityNetworking/Demos/PunCockpit/Forms/SetRoomCustomPropertyUIForm.cs
  artifactKey: Guid(e264dd19757734dc8b3c48af67178478) Importer(2089858483,192608db42251d675da83286b1cce702)
Start importing Assets/Photon/PhotonUnityNetworking/Demos/PunCockpit/Forms/SetRoomCustomPropertyUIForm.cs using Guid(e264dd19757734dc8b3c48af67178478) Importer(2089858483,192608db42251d675da83286b1cce702) (ScriptedImporter) -> (artifact id: '45f6b2b8c50820209349614c1e4f3e1a') in 0.002923791 seconds
Number of updated asset objects reloaded before import = 0Number of asset objects unloaded after import = 0

========================================================================
Received Import Request.
  Time since last request: 0.000058 seconds.
  path: Assets/Photon/PhotonUnityNetworking/Demos/DemoSlotRacer/SlotCar-Scene/ReflectionProbe-0.exr
  artifactKey: Guid(ca2a72e1727404226a9166460e788ac7) Importer(2089858483,192608db42251d675da83286b1cce702)
Start importing Assets/Photon/PhotonUnityNetworking/Demos/DemoSlotRacer/SlotCar-Scene/ReflectionProbe-0.exr using Guid(ca2a72e1727404226a9166460e788ac7) Importer(2089858483,192608db42251d675da83286b1cce702) (ScriptedImporter) -> (artifact id: 'c38e93ef5cd0a68046f534b7496c75e6') in 0.0126015 seconds
Number of updated asset objects reloaded before import = 0Number of asset objects unloaded after import = 1

========================================================================
Received Import Request.
  Time since last request: 0.000045 seconds.
  path: Assets/Photon/PhotonRealtime/Code/Unity/PhotonAppSettings.cs
  artifactKey: Guid(a389b614f52fbf347a1533dbbf245033) Importer(2089858483,192608db42251d675da83286b1cce702)
Start importing Assets/Photon/PhotonRealtime/Code/Unity/PhotonAppSettings.cs using Guid(a389b614f52fbf347a1533dbbf245033) Importer(2089858483,192608db42251d675da83286b1cce702) (ScriptedImporter) -> (artifact id: 'b90bca7bff0c507d8227402f85ff71e3') in 0.002713166 seconds
Number of updated asset objects reloaded before import = 0Number of asset objects unloaded after import = 0

========================================================================
Received Import Request.
  Time since last request: 0.000042 seconds.
  path: Assets/Photon/PhotonUnityNetworking/Demos/Shared Assets/Prefabs/PointerPrefab.prefab
  artifactKey: Guid(9c6977a9ecda14e4e96ea3a71c749c2c) Importer(2089858483,192608db42251d675da83286b1cce702)
Start importing Assets/Photon/PhotonUnityNetworking/Demos/Shared Assets/Prefabs/PointerPrefab.prefab using Guid(9c6977a9ecda14e4e96ea3a71c749c2c) Importer(2089858483,192608db42251d675da83286b1cce702) (ScriptedImporter) -> (artifact id: '092ebc3afe6a34cf6ed2d166b05263ba') in 0.006807875 seconds
Number of updated asset objects reloaded before import = 0Number of asset objects unloaded after import = 8

========================================================================
Received Import Request.
  Time since last request: 0.000068 seconds.
  path: Assets/Photon/PhotonUnityNetworking/Demos/DemoSlotRacer/Scripts/BezierCurve/Editor/LineInspector.cs
  artifactKey: Guid(668731f6cd4a54b7cbeaea95414d6cec) Importer(2089858483,192608db42251d675da83286b1cce702)
Start importing Assets/Photon/PhotonUnityNetworking/Demos/DemoSlotRacer/Scripts/BezierCurve/Editor/LineInspector.cs using Guid(668731f6cd4a54b7cbeaea95414d6cec) Importer(2089858483,192608db42251d675da83286b1cce702) (ScriptedImporter) -> (artifact id: '566484704832220b8f49209881d4791b') in 0.002766958 seconds
Number of updated asset objects reloaded before import = 0Number of asset objects unloaded after import = 0

========================================================================
Received Import Request.
  Time since last request: 0.000058 seconds.
  path: Assets/Photon/PhotonUnityNetworking/Demos/DemoSlotRacer/Scripts
  artifactKey: Guid(81a8e7e851879f549963fd39b6c01587) Importer(2089858483,192608db42251d675da83286b1cce702)
Start importing Assets/Photon/PhotonUnityNetworking/Demos/DemoSlotRacer/Scripts using Guid(81a8e7e851879f549963fd39b6c01587) Importer(2089858483,192608db42251d675da83286b1cce702) (ScriptedImporter) -> (artifact id: 'f8211ddf7c83a3ff55de55756f227121') in 0.001833292 seconds
Number of updated asset objects reloaded before import = 0Number of asset objects unloaded after import = 1

========================================================================
Received Import Request.
  Time since last request: 0.000056 seconds.
  path: Assets/Photon/PhotonUnityNetworking/Demos/PunCockpit/Scripts/Autonomous UI/Generic/ToggleExpand.cs
  artifactKey: Guid(50b3f63970a204e72b36153eb93684bf) Importer(2089858483,192608db42251d675da83286b1cce702)
Start importing Assets/Photon/PhotonUnityNetworking/Demos/PunCockpit/Scripts/Autonomous UI/Generic/ToggleExpand.cs using Guid(50b3f63970a204e72b36153eb93684bf) Importer(2089858483,192608db42251d675da83286b1cce702) (ScriptedImporter) -> (artifact id: '1b96dc2a6154b6c8ae7b910acbc9e1d7') in 0.002530292 seconds
Number of updated asset objects reloaded before import = 0Number of asset objects unloaded after import = 0

========================================================================
Received Import Request.
  Time since last request: 0.000046 seconds.
  path: Assets/Photon/PhotonUnityNetworking/Demos/DemoSlotRacer/Prefabs
  artifactKey: Guid(50f8208451d3ed4409db37ac905dea56) Importer(2089858483,192608db42251d675da83286b1cce702)
Start importing Assets/Photon/PhotonUnityNetworking/Demos/DemoSlotRacer/Prefabs using Guid(50f8208451d3ed4409db37ac905dea56) Importer(2089858483,192608db42251d675da83286b1cce702) (ScriptedImporter) -> (artifact id: '1e30f9f3c6f8c35c7f2bc33fa2d319ef') in 0.001721375 seconds
Number of updated asset objects reloaded before import = 0Number of asset objects unloaded after import = 1

========================================================================
Received Import Request.
  Time since last request: 0.000052 seconds.
  path: Assets/Photon/PhotonUnityNetworking/Demos/PunBasics-Tutorial/Scripts/LoaderAnime.cs
  artifactKey: Guid(df9597db7c55c44e885b8f74697d5ba0) Importer(2089858483,192608db42251d675da83286b1cce702)
Start importing Assets/Photon/PhotonUnityNetworking/Demos/PunBasics-Tutorial/Scripts/LoaderAnime.cs using Guid(df9597db7c55c44e885b8f74697d5ba0) Importer(2089858483,192608db42251d675da83286b1cce702) (ScriptedImporter) -> (artifact id: '725ead97603ebd92ee1d0c8afd84f520') in 0.002471708 seconds
Number of updated asset objects reloaded before import = 0Number of asset objects unloaded after import = 0

========================================================================
Received Import Request.
  Time since last request: 0.000050 seconds.
  path: Assets/Photon/PhotonLibs/Metro/Photon3Unity3D.pri
  artifactKey: Guid(3439a9e4030efca45b6cc06240106c02) Importer(2089858483,192608db42251d675da83286b1cce702)
Start importing Assets/Photon/PhotonLibs/Metro/Photon3Unity3D.pri using Guid(3439a9e4030efca45b6cc06240106c02) Importer(2089858483,192608db42251d675da83286b1cce702) (ScriptedImporter) -> (artifact id: 'e3065b764b859c82a49fe7726616bf71') in 0.002145416 seconds
Number of updated asset objects reloaded before import = 0Number of asset objects unloaded after import = 1

========================================================================
Received Import Request.
  Time since last request: 0.000054 seconds.
  path: Assets/Photon/PhotonUnityNetworking/Demos/DemoSlotRacer/Prefabs/SlotCar_A.prefab
  artifactKey: Guid(4910a004464ca4efa808af20d2eb1e15) Importer(2089858483,192608db42251d675da83286b1cce702)
Start importing Assets/Photon/PhotonUnityNetworking/Demos/DemoSlotRacer/Prefabs/SlotCar_A.prefab using Guid(4910a004464ca4efa808af20d2eb1e15) Importer(2089858483,192608db42251d675da83286b1cce702) (ScriptedImporter) -> (artifact id: '52a4f5317145fe55138eceb38e9c5468') in 0.00451925 seconds
Number of updated asset objects reloaded before import = 0Number of asset objects unloaded after import = 41

========================================================================
Received Import Request.
  Time since last request: 0.000064 seconds.
  path: Assets/Photon/PhotonUnityNetworking/Demos/Shared Assets/Textures/Robot_Color.png
  artifactKey: Guid(1fbb41709a1d9334696860db720026e5) Importer(2089858483,192608db42251d675da83286b1cce702)
Start importing Assets/Photon/PhotonUnityNetworking/Demos/Shared Assets/Textures/Robot_Color.png using Guid(1fbb41709a1d9334696860db720026e5) Importer(2089858483,192608db42251d675da83286b1cce702) (ScriptedImporter) -> (artifact id: 'a84972ca904cf4bff2808f31701ca451') in 0.007392167 seconds
Number of updated asset objects reloaded before import = 0Number of asset objects unloaded after import = 1

========================================================================
Received Import Request.
  Time since last request: 0.000048 seconds.
  path: Assets/Photon/PhotonChat/Demos/DemoChat
  artifactKey: Guid(4e3a46219ebf94310a9f347733f88f31) Importer(2089858483,192608db42251d675da83286b1cce702)
Start importing Assets/Photon/PhotonChat/Demos/DemoChat using Guid(4e3a46219ebf94310a9f347733f88f31) Importer(2089858483,192608db42251d675da83286b1cce702) (ScriptedImporter) -> (artifact id: '36559fcd26abe4daee7432298554a0b1') in 0.001750041 seconds
Number of updated asset objects reloaded before import = 0Number of asset objects unloaded after import = 1

========================================================================
Received Import Request.
  Time since last request: 0.000039 seconds.
  path: Assets/Photon/PhotonUnityNetworking/Demos/PunBasics-Tutorial/Scripts/GameManager.cs
  artifactKey: Guid(4433564e76b1940028e7e531f171050d) Importer(2089858483,192608db42251d675da83286b1cce702)
Start importing Assets/Photon/PhotonUnityNetworking/Demos/PunBasics-Tutorial/Scripts/GameManager.cs using Guid(4433564e76b1940028e7e531f171050d) Importer(2089858483,192608db42251d675da83286b1cce702) (ScriptedImporter) -> (artifact id: '3579ec6689cb6b0ecef2a3c682508d5c') in 0.002461583 seconds
Number of updated asset objects reloaded before import = 0Number of asset objects unloaded after import = 0

========================================================================
Received Import Request.
  Time since last request: 0.000048 seconds.
  path: Assets/Photon/PhotonUnityNetworking/Demos/PunBasics-Tutorial/Resources
  artifactKey: Guid(c743072c0da989e4ea65fce150e9faa6) Importer(2089858483,192608db42251d675da83286b1cce702)
Start importing Assets/Photon/PhotonUnityNetworking/Demos/PunBasics-Tutorial/Resources using Guid(c743072c0da989e4ea65fce150e9faa6) Importer(2089858483,192608db42251d675da83286b1cce702) (ScriptedImporter) -> (artifact id: '12aabd0376de18a73663586862112400') in 0.001778333 seconds
Number of updated asset objects reloaded before import = 0Number of asset objects unloaded after import = 1

========================================================================
Received Import Request.
  Time since last request: 0.000051 seconds.
  path: Assets/Photon/PhotonUnityNetworking/Demos/Shared Assets/Scripts
  artifactKey: Guid(c090c203f75e9334d810615c9d92bb82) Importer(2089858483,192608db42251d675da83286b1cce702)
Start importing Assets/Photon/PhotonUnityNetworking/Demos/Shared Assets/Scripts using Guid(c090c203f75e9334d810615c9d92bb82) Importer(2089858483,192608db42251d675da83286b1cce702) (ScriptedImporter) -> (artifact id: 'b2535ee78375db4c159bcaa20f6ff2f8') in 0.001834666 seconds
Number of updated asset objects reloaded before import = 0Number of asset objects unloaded after import = 1

========================================================================
Received Import Request.
  Time since last request: 0.000059 seconds.
  path: Assets/Photon/PhotonChat
  artifactKey: Guid(ea05e6479d592944d955c2a5e1a6d6f1) Importer(2089858483,192608db42251d675da83286b1cce702)
Start importing Assets/Photon/PhotonChat using Guid(ea05e6479d592944d955c2a5e1a6d6f1) Importer(2089858483,192608db42251d675da83286b1cce702) (ScriptedImporter) -> (artifact id: '4373a11126466949147028d3a77cc024') in 0.001904458 seconds
Number of updated asset objects reloaded before import = 0Number of asset objects unloaded after import = 1

========================================================================
Received Import Request.
  Time since last request: 0.000053 seconds.
  path: Assets/Photon/PhotonUnityNetworking/Code/ServerSettings.cs
  artifactKey: Guid(9f3758f8f58fdef43803eb9be1df0608) Importer(2089858483,192608db42251d675da83286b1cce702)
Start importing Assets/Photon/PhotonUnityNetworking/Code/ServerSettings.cs using Guid(9f3758f8f58fdef43803eb9be1df0608) Importer(2089858483,192608db42251d675da83286b1cce702) (ScriptedImporter) -> (artifact id: '56e11a951946b92446f5425d062832c4') in 0.002872959 seconds
Number of updated asset objects reloaded before import = 0Number of asset objects unloaded after import = 0

========================================================================
Received Import Request.
  Time since last request: 0.000047 seconds.
  path: Assets/Photon/PhotonUnityNetworking/Demos/Shared Assets/Animations/HumanoidMidAir.fbx
  artifactKey: Guid(f03e10c73f30b4ab4aa8ea8f1cc16d36) Importer(2089858483,192608db42251d675da83286b1cce702)
Start importing Assets/Photon/PhotonUnityNetworking/Demos/Shared Assets/Animations/HumanoidMidAir.fbx using Guid(f03e10c73f30b4ab4aa8ea8f1cc16d36) Importer(2089858483,192608db42251d675da83286b1cce702) (ScriptedImporter) -> (artifact id: 'a570dc8d7efaeb166044a81546980e2b') in 0.016961458 seconds
Number of updated asset objects reloaded before import = 0Number of asset objects unloaded after import = 184

========================================================================
Received Import Request.
  Time since last request: 0.000048 seconds.
  path: Assets/Photon/PhotonUnityNetworking/Demos/Shared Assets/Skin/ToggleOn.png
  artifactKey: Guid(0520b1e88ad26ae4bb758a35cdf13a64) Importer(2089858483,192608db42251d675da83286b1cce702)
Start importing Assets/Photon/PhotonUnityNetworking/Demos/Shared Assets/Skin/ToggleOn.png using Guid(0520b1e88ad26ae4bb758a35cdf13a64) Importer(2089858483,192608db42251d675da83286b1cce702) (ScriptedImporter) -> (artifact id: '95699acbd9fc22b25c246242ada572ab') in 0.009751458 seconds
Number of updated asset objects reloaded before import = 0Number of asset objects unloaded after import = 1

========================================================================
Received Import Request.
  Time since last request: 0.000038 seconds.
  path: Assets/Photon/PhotonLibs/WebSocket/websocket-sharp.dll
  artifactKey: Guid(748eb70bc0d7515498ef73fed155520a) Importer(2089858483,192608db42251d675da83286b1cce702)
Start importing Assets/Photon/PhotonLibs/WebSocket/websocket-sharp.dll using Guid(748eb70bc0d7515498ef73fed155520a) Importer(2089858483,192608db42251d675da83286b1cce702) (ScriptedImporter) -> (artifact id: '98c294ee84725603803a593cd9e9a0cf') in 0.003363875 seconds
Number of updated asset objects reloaded before import = 0Number of asset objects unloaded after import = 0

========================================================================
Received Import Request.
  Time since last request: 0.000041 seconds.
  path: Assets/Photon/PhotonUnityNetworking/Demos/PunCockpit/Scripts/Lists/PropertyCell.cs
  artifactKey: Guid(b130ea0b2adec46ef87072879b8ac38c) Importer(2089858483,192608db42251d675da83286b1cce702)
Start importing Assets/Photon/PhotonUnityNetworking/Demos/PunCockpit/Scripts/Lists/PropertyCell.cs using Guid(b130ea0b2adec46ef87072879b8ac38c) Importer(2089858483,192608db42251d675da83286b1cce702) (ScriptedImporter) -> (artifact id: 'd7df1c760d9237298c06a11274f8eadd') in 0.003102417 seconds
Number of updated asset objects reloaded before import = 0Number of asset objects unloaded after import = 0

========================================================================
Received Import Request.
  Time since last request: 0.000037 seconds.
  path: Assets/Photon/PhotonUnityNetworking/Code/Editor/ReordableList/LICENSE.txt
  artifactKey: Guid(c2fbd2e43c3dfae4d9830e9921238cf5) Importer(2089858483,192608db42251d675da83286b1cce702)
Start importing Assets/Photon/PhotonUnityNetworking/Code/Editor/ReordableList/LICENSE.txt using Guid(c2fbd2e43c3dfae4d9830e9921238cf5) Importer(2089858483,192608db42251d675da83286b1cce702) (ScriptedImporter) -> (artifact id: 'd0c0f0e6cff5b672837ceae26d8ecaea') in 0.002868875 seconds
Number of updated asset objects reloaded before import = 0Number of asset objects unloaded after import = 1

========================================================================
Received Import Request.
  Time since last request: 0.000053 seconds.
  path: Assets/Photon/PhotonUnityNetworking/Demos/PunCockpit/Scripts/Autonomous UI/Generic/StringInputField.cs
  artifactKey: Guid(e02d5b184c20e43ebba343cc89e35962) Importer(2089858483,192608db42251d675da83286b1cce702)
Start importing Assets/Photon/PhotonUnityNetworking/Demos/PunCockpit/Scripts/Autonomous UI/Generic/StringInputField.cs using Guid(e02d5b184c20e43ebba343cc89e35962) Importer(2089858483,192608db42251d675da83286b1cce702) (ScriptedImporter) -> (artifact id: 'f7d7c573fb7432a7e82d08acd85221c5') in 0.002894041 seconds
Number of updated asset objects reloaded before import = 0Number of asset objects unloaded after import = 0

========================================================================
Received Import Request.
  Time since last request: 0.000038 seconds.
  path: Assets/Photon/PhotonUnityNetworking/Demos/PunCockpit/Prefabs
  artifactKey: Guid(8701c2a6e3904e649bf803cefc241114) Importer(2089858483,192608db42251d675da83286b1cce702)
Start importing Assets/Photon/PhotonUnityNetworking/Demos/PunCockpit/Prefabs using Guid(8701c2a6e3904e649bf803cefc241114) Importer(2089858483,192608db42251d675da83286b1cce702) (ScriptedImporter) -> (artifact id: '12c5b75113298abdc862ab81ed4ea7ca') in 0.002024916 seconds
Number of updated asset objects reloaded before import = 0Number of asset objects unloaded after import = 1

========================================================================
Received Import Request.
  Time since last request: 0.000048 seconds.
  path: Assets/Photon/PhotonUnityNetworking/Demos/PunCockpit/Forms/LoadLevelUIForm.cs
  artifactKey: Guid(f833cfc95509a49658fedf2e4cdc3a62) Importer(2089858483,192608db42251d675da83286b1cce702)
Start importing Assets/Photon/PhotonUnityNetworking/Demos/PunCockpit/Forms/LoadLevelUIForm.cs using Guid(f833cfc95509a49658fedf2e4cdc3a62) Importer(2089858483,192608db42251d675da83286b1cce702) (ScriptedImporter) -> (artifact id: 'e50ead2610e1f0df447575ea1584bc3e') in 0.002987792 seconds
Number of updated asset objects reloaded before import = 0Number of asset objects unloaded after import = 0

========================================================================
Received Import Request.
  Time since last request: 0.000058 seconds.
  path: Assets/Photon/PhotonUnityNetworking/Demos/PunCockpit/Scripts/ReadOnlyProperties/OfflineModeProperty.cs
  artifactKey: Guid(edcf52eea40f24f198dce8342b53bcc4) Importer(2089858483,192608db42251d675da83286b1cce702)
Start importing Assets/Photon/PhotonUnityNetworking/Demos/PunCockpit/Scripts/ReadOnlyProperties/OfflineModeProperty.cs using Guid(edcf52eea40f24f198dce8342b53bcc4) Importer(2089858483,192608db42251d675da83286b1cce702) (ScriptedImporter) -> (artifact id: 'abbd7952cb0685b728b9a8c6b45356d8') in 0.002819916 seconds
Number of updated asset objects reloaded before import = 0Number of asset objects unloaded after import = 0

========================================================================
Received Import Request.
  Time since last request: 0.000041 seconds.
  path: Assets/Photon/PhotonChat/Demos/DemoChat/Editor/ChatEditor.cs
  artifactKey: Guid(0ef7cc863c103cf44930b0411a10ad1f) Importer(2089858483,192608db42251d675da83286b1cce702)
Start importing Assets/Photon/PhotonChat/Demos/DemoChat/Editor/ChatEditor.cs using Guid(0ef7cc863c103cf44930b0411a10ad1f) Importer(2089858483,192608db42251d675da83286b1cce702) (ScriptedImporter) -> (artifact id: '475da8cda47ada2ebc3ed16808819204') in 0.002514125 seconds
Number of updated asset objects reloaded before import = 0Number of asset objects unloaded after import = 0

========================================================================
Received Import Request.
  Time since last request: 0.000043 seconds.
  path: Assets/Photon/PhotonUnityNetworking/Demos/DemoAsteroids/Models/Spaceship.fbx
  artifactKey: Guid(65e16ec6a1570944a980e4988e715ae6) Importer(2089858483,192608db42251d675da83286b1cce702)
Start importing Assets/Photon/PhotonUnityNetworking/Demos/DemoAsteroids/Models/Spaceship.fbx using Guid(65e16ec6a1570944a980e4988e715ae6) Importer(2089858483,192608db42251d675da83286b1cce702) (ScriptedImporter) -> (artifact id: '0a30c2e7c60613a29f553bc97828268b') in 0.013482417 seconds
Number of updated asset objects reloaded before import = 0Number of asset objects unloaded after import = 11

========================================================================
Received Import Request.
  Time since last request: 0.000046 seconds.
  path: Assets/Photon/PhotonUnityNetworking/Demos/DemoProcedural/Scripts/Block.cs
  artifactKey: Guid(8b205f33043c113489ab36d5b56f7730) Importer(2089858483,192608db42251d675da83286b1cce702)
Start importing Assets/Photon/PhotonUnityNetworking/Demos/DemoProcedural/Scripts/Block.cs using Guid(8b205f33043c113489ab36d5b56f7730) Importer(2089858483,192608db42251d675da83286b1cce702) (ScriptedImporter) -> (artifact id: '623fecb6cceb09bce6102b9a8cbc7af3') in 0.002783083 seconds
Number of updated asset objects reloaded before import = 0Number of asset objects unloaded after import = 0

========================================================================
Received Import Request.
  Time since last request: 0.000040 seconds.
  path: Assets/Photon/PhotonUnityNetworking/Demos/PunCockpit/Scripts/Lists/FriendListCell.cs
  artifactKey: Guid(b7be18b2f537f4428b8e4cd92373a1e0) Importer(2089858483,192608db42251d675da83286b1cce702)
Start importing Assets/Photon/PhotonUnityNetworking/Demos/PunCockpit/Scripts/Lists/FriendListCell.cs using Guid(b7be18b2f537f4428b8e4cd92373a1e0) Importer(2089858483,192608db42251d675da83286b1cce702) (ScriptedImporter) -> (artifact id: '2f3f34d7e2b3eba6c92653a78b2d962a') in 0.002775875 seconds
Number of updated asset objects reloaded before import = 0Number of asset objects unloaded after import = 0

========================================================================
Received Import Request.
  Time since last request: 0.000056 seconds.
  path: Assets/Photon/PhotonUnityNetworking/Demos
  artifactKey: Guid(cb8ec42b3fa78bd4f9a20b7de289d9cd) Importer(2089858483,192608db42251d675da83286b1cce702)
Start importing Assets/Photon/PhotonUnityNetworking/Demos using Guid(cb8ec42b3fa78bd4f9a20b7de289d9cd) Importer(2089858483,192608db42251d675da83286b1cce702) (ScriptedImporter) -> (artifact id: '2b3d996f6ddc0ab1a06bfc4e3cb76e6e') in 0.001730333 seconds
Number of updated asset objects reloaded before import = 0Number of asset objects unloaded after import = 1

========================================================================
Received Import Request.
  Time since last request: 0.000041 seconds.
  path: Assets/Photon/PhotonUnityNetworking/Demos/Shared Assets/Animations/Materials/EyesMaterial.mat
  artifactKey: Guid(ce5a83fcea7762541ba43ca5bd854dae) Importer(2089858483,192608db42251d675da83286b1cce702)
Start importing Assets/Photon/PhotonUnityNetworking/Demos/Shared Assets/Animations/Materials/EyesMaterial.mat using Guid(ce5a83fcea7762541ba43ca5bd854dae) Importer(2089858483,192608db42251d675da83286b1cce702) (ScriptedImporter) -> (artifact id: '20c7a702cdf1d3fa91bcb123ca836978') in 0.003074875 seconds
Number of updated asset objects reloaded before import = 0Number of asset objects unloaded after import = 1

========================================================================
Received Import Request.
  Time since last request: 0.000036 seconds.
  path: Assets/Photon/PhotonUnityNetworking/Demos/Shared Assets/Textures/Robot_Normal.png
  artifactKey: Guid(a1454d7237641fa49a7f66d6bee624ad) Importer(2089858483,192608db42251d675da83286b1cce702)
Start importing Assets/Photon/PhotonUnityNetworking/Demos/Shared Assets/Textures/Robot_Normal.png using Guid(a1454d7237641fa49a7f66d6bee624ad) Importer(2089858483,192608db42251d675da83286b1cce702) (ScriptedImporter) -> (artifact id: 'e5bed81be42f8fc3a432adfda264b7fd') in 0.008071542 seconds
Number of updated asset objects reloaded before import = 0Number of asset objects unloaded after import = 1

========================================================================
Received Import Request.
  Time since last request: 0.000041 seconds.
  path: Assets/Photon/PhotonUnityNetworking/Code/PhotonUnityNetworking.asmdef
  artifactKey: Guid(57c32fc907df0f54e8e6e8f0d2488336) Importer(2089858483,192608db42251d675da83286b1cce702)
Start importing Assets/Photon/PhotonUnityNetworking/Code/PhotonUnityNetworking.asmdef using Guid(57c32fc907df0f54e8e6e8f0d2488336) Importer(2089858483,192608db42251d675da83286b1cce702) (ScriptedImporter) -> (artifact id: 'b8d7a9b2d606207411c84a41d6659de8') in 0.002649375 seconds
Number of updated asset objects reloaded before import = 0Number of asset objects unloaded after import = 1

========================================================================
Received Import Request.
  Time since last request: 0.000055 seconds.
  path: Assets/Photon/PhotonUnityNetworking/Demos/DemoSlotRacer/Scripts/BezierCurve/Editor/BezierSplineInspector.cs
  artifactKey: Guid(127eddf8173c549d9976751e82f3face) Importer(2089858483,192608db42251d675da83286b1cce702)
Start importing Assets/Photon/PhotonUnityNetworking/Demos/DemoSlotRacer/Scripts/BezierCurve/Editor/BezierSplineInspector.cs using Guid(127eddf8173c549d9976751e82f3face) Importer(2089858483,192608db42251d675da83286b1cce702) (ScriptedImporter) -> (artifact id: '64e6274871902c2edb4d0f530edc2c41') in 0.003120291 seconds
Number of updated asset objects reloaded before import = 0Number of asset objects unloaded after import = 0

========================================================================
Received Import Request.
  Time since last request: 0.000047 seconds.
  path: Assets/Photon/PhotonLibs/WebSocket/SocketWebTcp.cs
  artifactKey: Guid(ac953d6a57a9ea94e96ec689598995d5) Importer(2089858483,192608db42251d675da83286b1cce702)
Start importing Assets/Photon/PhotonLibs/WebSocket/SocketWebTcp.cs using Guid(ac953d6a57a9ea94e96ec689598995d5) Importer(2089858483,192608db42251d675da83286b1cce702) (ScriptedImporter) -> (artifact id: '25420fe99b715e920641b71a0b8d2a1f') in 0.002791917 seconds
Number of updated asset objects reloaded before import = 0Number of asset objects unloaded after import = 0

========================================================================
Received Import Request.
  Time since last request: 0.000059 seconds.
  path: Assets/Photon/PhotonUnityNetworking/Demos/DemoAsteroids/Prefabs/PlayerListEntry.prefab
  artifactKey: Guid(d68bf8413681d9b4aa7328277e632e3f) Importer(2089858483,192608db42251d675da83286b1cce702)
Start importing Assets/Photon/PhotonUnityNetworking/Demos/DemoAsteroids/Prefabs/PlayerListEntry.prefab using Guid(d68bf8413681d9b4aa7328277e632e3f) Importer(2089858483,192608db42251d675da83286b1cce702) (ScriptedImporter) -> (artifact id: '4e2773c9ebdb1d1e426c767b16570c13') in 0.01372725 seconds
Number of updated asset objects reloaded before import = 0Number of asset objects unloaded after import = 39

========================================================================
Received Import Request.
  Time since last request: 0.000064 seconds.
  path: Assets/Photon/PhotonUnityNetworking/Demos/DemoProcedural/Procedural-Scene.unity
  artifactKey: Guid(e1fad393017993c4893877b645062417) Importer(2089858483,192608db42251d675da83286b1cce702)
Start importing Assets/Photon/PhotonUnityNetworking/Demos/DemoProcedural/Procedural-Scene.unity using Guid(e1fad393017993c4893877b645062417) Importer(2089858483,192608db42251d675da83286b1cce702) (ScriptedImporter) -> (artifact id: '5861a1b4248f9c911aca729a25ca4556') in 0.004435667 seconds
Number of updated asset objects reloaded before import = 0Number of asset objects unloaded after import = 1

========================================================================
Received Import Request.
  Time since last request: 0.000061 seconds.
  path: Assets/Photon/PhotonUnityNetworking/Demos/DemoProcedural/Materials/Black.mat
  artifactKey: Guid(1598ff147655ecb4893e78f88baa9475) Importer(2089858483,192608db42251d675da83286b1cce702)
Start importing Assets/Photon/PhotonUnityNetworking/Demos/DemoProcedural/Materials/Black.mat using Guid(1598ff147655ecb4893e78f88baa9475) Importer(2089858483,192608db42251d675da83286b1cce702) (ScriptedImporter) -> (artifact id: 'fd5df8ab05c819fd0e125c1f4721d6a4') in 0.002963208 seconds
Number of updated asset objects reloaded before import = 0Number of asset objects unloaded after import = 1

========================================================================
Received Import Request.
  Time since last request: 0.000042 seconds.
  path: Assets/Photon/PhotonRealtime/Code/WebRpc.cs
  artifactKey: Guid(294b0a24f6c841f48acf4bf696a4d764) Importer(2089858483,192608db42251d675da83286b1cce702)
Start importing Assets/Photon/PhotonRealtime/Code/WebRpc.cs using Guid(294b0a24f6c841f48acf4bf696a4d764) Importer(2089858483,192608db42251d675da83286b1cce702) (ScriptedImporter) -> (artifact id: 'df516aa489a32a2ad996f5c8f10a9333') in 0.002438459 seconds
Number of updated asset objects reloaded before import = 0Number of asset objects unloaded after import = 0

========================================================================
Received Import Request.
  Time since last request: 0.000067 seconds.
  path: Assets/Photon/PhotonUnityNetworking/Demos/PunBasics-Tutorial/Scenes/PunBasics-Room for 2.unity
  artifactKey: Guid(764428c63577f4580af4ce54ca9f4b1b) Importer(2089858483,192608db42251d675da83286b1cce702)
Start importing Assets/Photon/PhotonUnityNetworking/Demos/PunBasics-Tutorial/Scenes/PunBasics-Room for 2.unity using Guid(764428c63577f4580af4ce54ca9f4b1b) Importer(2089858483,192608db42251d675da83286b1cce702) (ScriptedImporter) -> (artifact id: '3b5ab5bce0dbda7a0a5837203c14695a') in 0.006094916 seconds
Number of updated asset objects reloaded before import = 0Number of asset objects unloaded after import = 1

========================================================================
Received Import Request.
  Time since last request: 0.000051 seconds.
  path: Assets/Photon/PhotonUnityNetworking/Demos/DemoSlotRacer/Prefabs/SlotCar_B.prefab
  artifactKey: Guid(71e3000ee30414d368eeee6d87961b6d) Importer(2089858483,192608db42251d675da83286b1cce702)
Start importing Assets/Photon/PhotonUnityNetworking/Demos/DemoSlotRacer/Prefabs/SlotCar_B.prefab using Guid(71e3000ee30414d368eeee6d87961b6d) Importer(2089858483,192608db42251d675da83286b1cce702) (ScriptedImporter) -> (artifact id: '28bddfad30f582e53f29a552f3d080e6') in 0.004181167 seconds
Number of updated asset objects reloaded before import = 0Number of asset objects unloaded after import = 81

========================================================================
Received Import Request.
  Time since last request: 0.000103 seconds.
  path: Assets/Photon/PhotonUnityNetworking/Demos/DemoSlotRacer/Resources
  artifactKey: Guid(c65d62bd709896e4f8984164b2d42853) Importer(2089858483,192608db42251d675da83286b1cce702)
Start importing Assets/Photon/PhotonUnityNetworking/Demos/DemoSlotRacer/Resources using Guid(c65d62bd709896e4f8984164b2d42853) Importer(2089858483,192608db42251d675da83286b1cce702) (ScriptedImporter) -> (artifact id: '32a584648b03e8a0dcda6fd648248a65') in 0.001992375 seconds
Number of updated asset objects reloaded before import = 0Number of asset objects unloaded after import = 1

========================================================================
Received Import Request.
  Time since last request: 0.000036 seconds.
  path: Assets/Photon/PhotonUnityNetworking/Demos/PhotonUnityNetworking.Demos.asmdef
  artifactKey: Guid(35cc2632df2760540bcc67312740008b) Importer(2089858483,192608db42251d675da83286b1cce702)
Start importing Assets/Photon/PhotonUnityNetworking/Demos/PhotonUnityNetworking.Demos.asmdef using Guid(35cc2632df2760540bcc67312740008b) Importer(2089858483,192608db42251d675da83286b1cce702) (ScriptedImporter) -> (artifact id: 'ba6982c8c9f092440d6da8fa62d5a8fc') in 0.002779292 seconds
Number of updated asset objects reloaded before import = 0Number of asset objects unloaded after import = 1

========================================================================
Received Import Request.
  Time since last request: 0.000047 seconds.
  path: Assets/Photon/PhotonUnityNetworking/Demos/DemoSlotRacer/Kenney Assets/Stylized city/Materials/ground_green.mat
  artifactKey: Guid(fef45cc204351a9458f02ad7c0243f18) Importer(2089858483,192608db42251d675da83286b1cce702)
Start importing Assets/Photon/PhotonUnityNetworking/Demos/DemoSlotRacer/Kenney Assets/Stylized city/Materials/ground_green.mat using Guid(fef45cc204351a9458f02ad7c0243f18) Importer(2089858483,192608db42251d675da83286b1cce702) (ScriptedImporter) -> (artifact id: '6e060d17fdeda24be486aa71ddde5141') in 0.003588833 seconds
Number of updated asset objects reloaded before import = 0Number of asset objects unloaded after import = 1

========================================================================
Received Import Request.
  Time since last request: 0.000049 seconds.
  path: Assets/Photon/PhotonUnityNetworking/Demos/DemoAsteroids/Resources/BigAsteroid.prefab
  artifactKey: Guid(15f43343ba0a60e47a63d28496373c3f) Importer(2089858483,192608db42251d675da83286b1cce702)
Start importing Assets/Photon/PhotonUnityNetworking/Demos/DemoAsteroids/Resources/BigAsteroid.prefab using Guid(15f43343ba0a60e47a63d28496373c3f) Importer(2089858483,192608db42251d675da83286b1cce702) (ScriptedImporter) -> (artifact id: 'cab0d83d0af76d9542d32fffc00e5875') in 0.01613475 seconds
Number of updated asset objects reloaded before import = 0Number of asset objects unloaded after import = 13

========================================================================
Received Import Request.
  Time since last request: 0.000051 seconds.
  path: Assets/Photon/PhotonUnityNetworking/Code/Editor/Views/PhotonAnimatorViewEditor.cs
  artifactKey: Guid(a3f61bade114730459f7ad45f5f292c1) Importer(2089858483,192608db42251d675da83286b1cce702)
Start importing Assets/Photon/PhotonUnityNetworking/Code/Editor/Views/PhotonAnimatorViewEditor.cs using Guid(a3f61bade114730459f7ad45f5f292c1) Importer(2089858483,192608db42251d675da83286b1cce702) (ScriptedImporter) -> (artifact id: 'ff111cf88520d43d141d373abbd4cb2c') in 0.002692875 seconds
Number of updated asset objects reloaded before import = 0Number of asset objects unloaded after import = 0

========================================================================
Received Import Request.
  Time since last request: 0.000060 seconds.
  path: Assets/Photon/PhotonLibs
  artifactKey: Guid(ee1734b1a7bac244bb5f15ecd778b5f2) Importer(2089858483,192608db42251d675da83286b1cce702)
Start importing Assets/Photon/PhotonLibs using Guid(ee1734b1a7bac244bb5f15ecd778b5f2) Importer(2089858483,192608db42251d675da83286b1cce702) (ScriptedImporter) -> (artifact id: '585101cd0db93013fef672944118beea') in 0.001997667 seconds
Number of updated asset objects reloaded before import = 0Number of asset objects unloaded after import = 1

========================================================================
Received Import Request.
  Time since last request: 0.000049 seconds.
  path: Assets/Photon/PhotonLibs/Photon3Unity3D.dll
  artifactKey: Guid(aadb37a20a33632429047acaef43658a) Importer(2089858483,192608db42251d675da83286b1cce702)
Start importing Assets/Photon/PhotonLibs/Photon3Unity3D.dll using Guid(aadb37a20a33632429047acaef43658a) Importer(2089858483,192608db42251d675da83286b1cce702) (ScriptedImporter) -> (artifact id: 'e7a090ce39103a42a30d715957167d3a') in 0.003211917 seconds
Number of updated asset objects reloaded before import = 0Number of asset objects unloaded after import = 0

========================================================================
Received Import Request.
  Time since last request: 0.000048 seconds.
  path: Assets/Photon/PhotonUnityNetworking/Demos/DemoSlotRacer/Kenney Assets/Copyrights.txt
  artifactKey: Guid(386ff113c810b4ecfb823874aeb6fb97) Importer(2089858483,192608db42251d675da83286b1cce702)
Start importing Assets/Photon/PhotonUnityNetworking/Demos/DemoSlotRacer/Kenney Assets/Copyrights.txt using Guid(386ff113c810b4ecfb823874aeb6fb97) Importer(2089858483,192608db42251d675da83286b1cce702) (ScriptedImporter) -> (artifact id: 'e3f0b542af94d642d7d439984da3f7d3') in 0.002326667 seconds
Number of updated asset objects reloaded before import = 0Number of asset objects unloaded after import = 1

========================================================================
Received Import Request.
  Time since last request: 0.000056 seconds.
  path: Assets/Photon/PhotonUnityNetworking/Demos/Shared Assets/Animations/HumanoidWalkTurn.fbx
  artifactKey: Guid(1c52c953c83c2254a9fa72d50250f028) Importer(2089858483,192608db42251d675da83286b1cce702)
Start importing Assets/Photon/PhotonUnityNetworking/Demos/Shared Assets/Animations/HumanoidWalkTurn.fbx using Guid(1c52c953c83c2254a9fa72d50250f028) Importer(2089858483,192608db42251d675da83286b1cce702) (ScriptedImporter) -> (artifact id: '15e6852ab7013b10e1f519c02dd61ddc') in 0.016088292 seconds
Number of updated asset objects reloaded before import = 0Number of asset objects unloaded after import = 158

========================================================================
Received Import Request.
  Time since last request: 0.000048 seconds.
  path: Assets/Photon/PhotonChat/Code/ChatClient.cs
  artifactKey: Guid(692e391fa2a297c45b3d530aa85be610) Importer(2089858483,192608db42251d675da83286b1cce702)
Start importing Assets/Photon/PhotonChat/Code/ChatClient.cs using Guid(692e391fa2a297c45b3d530aa85be610) Importer(2089858483,192608db42251d675da83286b1cce702) (ScriptedImporter) -> (artifact id: 'b2d91ba2d2c6def567e2264bd389f68c') in 0.002660042 seconds
Number of updated asset objects reloaded before import = 0Number of asset objects unloaded after import = 0

========================================================================
Received Import Request.
  Time since last request: 0.000045 seconds.
  path: Assets/Photon/PhotonUnityNetworking/Code/PhotonNetwork.cs
  artifactKey: Guid(88e11b3353de7e94d84b1ec5adbdd15e) Importer(2089858483,192608db42251d675da83286b1cce702)
Start importing Assets/Photon/PhotonUnityNetworking/Code/PhotonNetwork.cs using Guid(88e11b3353de7e94d84b1ec5adbdd15e) Importer(2089858483,192608db42251d675da83286b1cce702) (ScriptedImporter) -> (artifact id: 'c590d7a401a7e589f5090b792beed22c') in 0.003220584 seconds
Number of updated asset objects reloaded before import = 0Number of asset objects unloaded after import = 0

========================================================================
Received Import Request.
  Time since last request: 0.000054 seconds.
  path: Assets/Photon/PhotonUnityNetworking/UtilityScripts/UI/GraphicToggleIsOnTransition.cs
  artifactKey: Guid(195602a009c4b42b6a62e0bdf601b70d) Importer(2089858483,192608db42251d675da83286b1cce702)
Start importing Assets/Photon/PhotonUnityNetworking/UtilityScripts/UI/GraphicToggleIsOnTransition.cs using Guid(195602a009c4b42b6a62e0bdf601b70d) Importer(2089858483,192608db42251d675da83286b1cce702) (ScriptedImporter) -> (artifact id: 'fd90957ce76555cba8047c2eacb40f1e') in 0.003108959 seconds
Number of updated asset objects reloaded before import = 0Number of asset objects unloaded after import = 0

========================================================================
Received Import Request.
  Time since last request: 0.000046 seconds.
  path: Assets/Photon/PhotonLibs/Photon3Unity3D.xml
  artifactKey: Guid(8d4f08d435c4b6343969d8af249460ff) Importer(2089858483,192608db42251d675da83286b1cce702)
Start importing Assets/Photon/PhotonLibs/Photon3Unity3D.xml using Guid(8d4f08d435c4b6343969d8af249460ff) Importer(2089858483,192608db42251d675da83286b1cce702) (ScriptedImporter) -> (artifact id: '032d87093542754ecd15dc1943e7a281') in 0.00317975 seconds
Number of updated asset objects reloaded before import = 0Number of asset objects unloaded after import = 1

========================================================================
Received Import Request.
  Time since last request: 0.000042 seconds.
  path: Assets/Photon/PhotonUnityNetworking/Code/Editor/Views/PhotonTransformViewEditor.cs
  artifactKey: Guid(a8c9ec475ad103b43b901d942ff66e02) Importer(2089858483,192608db42251d675da83286b1cce702)
Start importing Assets/Photon/PhotonUnityNetworking/Code/Editor/Views/PhotonTransformViewEditor.cs using Guid(a8c9ec475ad103b43b901d942ff66e02) Importer(2089858483,192608db42251d675da83286b1cce702) (ScriptedImporter) -> (artifact id: '308e32c70a65e208d3ecef90c2ea93aa') in 0.002947333 seconds
Number of updated asset objects reloaded before import = 0Number of asset objects unloaded after import = 0

========================================================================
Received Import Request.
  Time since last request: 0.000051 seconds.
  path: Assets/Settings/Mobile_RPAsset.asset
  artifactKey: Guid(5e6cbd92db86f4b18aec3ed561671858) Importer(2089858483,192608db42251d675da83286b1cce702)
Start importing Assets/Settings/Mobile_RPAsset.asset using Guid(5e6cbd92db86f4b18aec3ed561671858) Importer(2089858483,192608db42251d675da83286b1cce702) (ScriptedImporter) -> (artifact id: '16607b9a90dafc619155ef0d38805fbd') in 0.012630208 seconds
Number of updated asset objects reloaded before import = 0Number of asset objects unloaded after import = 2

========================================================================
Received Import Request.
  Time since last request: 0.000039 seconds.
  path: Assets/Photon/PhotonUnityNetworking/Icons
  artifactKey: Guid(ebc245e9a162d7749b96acd14e6d473e) Importer(2089858483,192608db42251d675da83286b1cce702)
Start importing Assets/Photon/PhotonUnityNetworking/Icons using Guid(ebc245e9a162d7749b96acd14e6d473e) Importer(2089858483,192608db42251d675da83286b1cce702) (ScriptedImporter) -> (artifact id: 'c9d24242b51f44661b73f490262b6d5a') in 0.001772333 seconds
Number of updated asset objects reloaded before import = 0Number of asset objects unloaded after import = 1

========================================================================
Received Import Request.
  Time since last request: 0.000041 seconds.
  path: Assets/Photon/PhotonUnityNetworking/Demos/DemoSlotRacer/Scripts/PlayerControl.cs
  artifactKey: Guid(4fde14656bc40455ba65844c093b79a3) Importer(2089858483,192608db42251d675da83286b1cce702)
Start importing Assets/Photon/PhotonUnityNetworking/Demos/DemoSlotRacer/Scripts/PlayerControl.cs using Guid(4fde14656bc40455ba65844c093b79a3) Importer(2089858483,192608db42251d675da83286b1cce702) (ScriptedImporter) -> (artifact id: 'd8679e53eb5d37dd7f135c3885546e41') in 0.002805416 seconds
Number of updated asset objects reloaded before import = 0Number of asset objects unloaded after import = 0

========================================================================
Received Import Request.
  Time since last request: 0.000042 seconds.
  path: Assets/Photon/PhotonChat/Demos/DemoChat/ChannelSelector.cs
  artifactKey: Guid(48caa72710147fc4f9389b0b5ec6137d) Importer(2089858483,192608db42251d675da83286b1cce702)
Start importing Assets/Photon/PhotonChat/Demos/DemoChat/ChannelSelector.cs using Guid(48caa72710147fc4f9389b0b5ec6137d) Importer(2089858483,192608db42251d675da83286b1cce702) (ScriptedImporter) -> (artifact id: '447704d4fe34284491db89fe282e1ed7') in 0.003050875 seconds
Number of updated asset objects reloaded before import = 0Number of asset objects unloaded after import = 0

========================================================================
Received Import Request.
  Time since last request: 0.000041 seconds.
  path: Assets/Photon/PhotonUnityNetworking/Demos/DemoAsteroids/Scripts/Game/Bullet.cs
  artifactKey: Guid(6321a7d9112988841b7223ac6a925bfc) Importer(2089858483,192608db42251d675da83286b1cce702)
Start importing Assets/Photon/PhotonUnityNetworking/Demos/DemoAsteroids/Scripts/Game/Bullet.cs using Guid(6321a7d9112988841b7223ac6a925bfc) Importer(2089858483,192608db42251d675da83286b1cce702) (ScriptedImporter) -> (artifact id: '1e11e52216e53cdbddbdd19b068bc3c6') in 0.002704 seconds
Number of updated asset objects reloaded before import = 0Number of asset objects unloaded after import = 0

========================================================================
Received Import Request.
  Time since last request: 0.000047 seconds.
  path: Assets/Photon/PhotonUnityNetworking/UtilityScripts/PhotonPlayer/PunPlayerScores.cs
  artifactKey: Guid(6b4df3943860f1d45bfe232053a58d80) Importer(2089858483,192608db42251d675da83286b1cce702)
Start importing Assets/Photon/PhotonUnityNetworking/UtilityScripts/PhotonPlayer/PunPlayerScores.cs using Guid(6b4df3943860f1d45bfe232053a58d80) Importer(2089858483,192608db42251d675da83286b1cce702) (ScriptedImporter) -> (artifact id: 'fc1825e3df45183e83d4ecf3d686121a') in 0.002900958 seconds
Number of updated asset objects reloaded before import = 0Number of asset objects unloaded after import = 0

========================================================================
Received Import Request.
  Time since last request: 0.000060 seconds.
  path: Assets/Photon/PhotonUnityNetworking/Demos/Shared Assets/Animations/HumanoidCrouch.fbx
  artifactKey: Guid(d89ea37480b6d75458aa38843e9688dc) Importer(2089858483,192608db42251d675da83286b1cce702)
Start importing Assets/Photon/PhotonUnityNetworking/Demos/Shared Assets/Animations/HumanoidCrouch.fbx using Guid(d89ea37480b6d75458aa38843e9688dc) Importer(2089858483,192608db42251d675da83286b1cce702) (ScriptedImporter) -> (artifact id: '37a7eec3023b893b6d2d197ba3fd3042') in 0.024087459 seconds
Number of updated asset objects reloaded before import = 0Number of asset objects unloaded after import = 163

========================================================================
Received Import Request.
  Time since last request: 0.000043 seconds.
  path: Assets/Photon/PhotonUnityNetworking/Demos/DemoHub/Sprites/Gradient.png
  artifactKey: Guid(66efb24ed46044ab8a039599cbc47d7b) Importer(2089858483,192608db42251d675da83286b1cce702)
Start importing Assets/Photon/PhotonUnityNetworking/Demos/DemoHub/Sprites/Gradient.png using Guid(66efb24ed46044ab8a039599cbc47d7b) Importer(2089858483,192608db42251d675da83286b1cce702) (ScriptedImporter) -> (artifact id: '7c64941c9b522d94a2a492bdf97bcd6e') in 0.007968083 seconds
Number of updated asset objects reloaded before import = 0Number of asset objects unloaded after import = 3

========================================================================
Received Import Request.
  Time since last request: 0.000037 seconds.
  path: Assets/Photon/PhotonUnityNetworking/Demos/Shared Assets/Animations/Materials/TeethMaterial.mat
  artifactKey: Guid(17dd34e8a826d0641a0e0f43da1e03a0) Importer(2089858483,192608db42251d675da83286b1cce702)
Start importing Assets/Photon/PhotonUnityNetworking/Demos/Shared Assets/Animations/Materials/TeethMaterial.mat using Guid(17dd34e8a826d0641a0e0f43da1e03a0) Importer(2089858483,192608db42251d675da83286b1cce702) (ScriptedImporter) -> (artifact id: 'efcc040b01f747e3a6ecf79408c52718') in 0.00289325 seconds
Number of updated asset objects reloaded before import = 0Number of asset objects unloaded after import = 1

========================================================================
Received Import Request.
  Time since last request: 0.000056 seconds.
  path: Assets/Photon/PhotonUnityNetworking/Demos/PunCockpit/Scripts/Autonomous UI/Generic
  artifactKey: Guid(c6ff6c1b4167dd340a8b3aaae892b377) Importer(2089858483,192608db42251d675da83286b1cce702)
Start importing Assets/Photon/PhotonUnityNetworking/Demos/PunCockpit/Scripts/Autonomous UI/Generic using Guid(c6ff6c1b4167dd340a8b3aaae892b377) Importer(2089858483,192608db42251d675da83286b1cce702) (ScriptedImporter) -> (artifact id: 'f888499cabf51cb346530a2fd531cb4b') in 0.002014875 seconds
Number of updated asset objects reloaded before import = 0Number of asset objects unloaded after import = 1

========================================================================
Received Import Request.
  Time since last request: 0.000047 seconds.
  path: Assets/Photon/PhotonUnityNetworking/Demos/DemoSlotRacer/Kenney Assets/Stylized city/Materials/24 - Default.mat
  artifactKey: Guid(c14837dfa515883428e5652d93e80c72) Importer(2089858483,192608db42251d675da83286b1cce702)
Start importing Assets/Photon/PhotonUnityNetworking/Demos/DemoSlotRacer/Kenney Assets/Stylized city/Materials/24 - Default.mat using Guid(c14837dfa515883428e5652d93e80c72) Importer(2089858483,192608db42251d675da83286b1cce702) (ScriptedImporter) -> (artifact id: 'd2392bc671703b424bea6c44e5ed709c') in 0.003296375 seconds
Number of updated asset objects reloaded before import = 0Number of asset objects unloaded after import = 1

========================================================================
Received Import Request.
  Time since last request: 0.000076 seconds.
  path: Assets/Photon/PhotonRealtime/Code/PhotonPing.cs
  artifactKey: Guid(5a2f6055139b44142954461627d344bc) Importer(2089858483,192608db42251d675da83286b1cce702)
Start importing Assets/Photon/PhotonRealtime/Code/PhotonPing.cs using Guid(5a2f6055139b44142954461627d344bc) Importer(2089858483,192608db42251d675da83286b1cce702) (ScriptedImporter) -> (artifact id: 'c8d5126bf4bcf063e955c9e7317b13d1') in 0.00256825 seconds
Number of updated asset objects reloaded before import = 0Number of asset objects unloaded after import = 0

========================================================================
Received Import Request.
  Time since last request: 0.000056 seconds.
  path: Assets/Photon/PhotonUnityNetworking/Demos/PunCockpit/Scripts/ReadOnlyProperties/CurrentRoomPlayerTtlProperty.cs
  artifactKey: Guid(c0888b956b57041c5892998316eb5a59) Importer(2089858483,192608db42251d675da83286b1cce702)
Start importing Assets/Photon/PhotonUnityNetworking/Demos/PunCockpit/Scripts/ReadOnlyProperties/CurrentRoomPlayerTtlProperty.cs using Guid(c0888b956b57041c5892998316eb5a59) Importer(2089858483,192608db42251d675da83286b1cce702) (ScriptedImporter) -> (artifact id: '1f5aaffdfbe98562857dac9c534f8184') in 0.002760292 seconds
Number of updated asset objects reloaded before import = 0Number of asset objects unloaded after import = 0

========================================================================
Received Import Request.
  Time since last request: 0.000070 seconds.
  path: Assets/Photon/PhotonUnityNetworking/Demos/DemoHub/Sprites
  artifactKey: Guid(cf88f7f45947fce43aece510bff3df94) Importer(2089858483,192608db42251d675da83286b1cce702)
Start importing Assets/Photon/PhotonUnityNetworking/Demos/DemoHub/Sprites using Guid(cf88f7f45947fce43aece510bff3df94) Importer(2089858483,192608db42251d675da83286b1cce702) (ScriptedImporter) -> (artifact id: '1d3ce58af5bf3caf29d7ce5a35f7d4ab') in 0.001754084 seconds
Number of updated asset objects reloaded before import = 0Number of asset objects unloaded after import = 1

========================================================================
Received Import Request.
  Time since last request: 0.000047 seconds.
  path: Assets/Photon/PhotonUnityNetworking/Demos/DemoAsteroids/Materials/WhiteUnlit.mat
  artifactKey: Guid(073b1ee561def20429e655b5c8893ad4) Importer(2089858483,192608db42251d675da83286b1cce702)
Start importing Assets/Photon/PhotonUnityNetworking/Demos/DemoAsteroids/Materials/WhiteUnlit.mat using Guid(073b1ee561def20429e655b5c8893ad4) Importer(2089858483,192608db42251d675da83286b1cce702) (ScriptedImporter) -> (artifact id: '194b2fc3673ac96a84a7196bed0cb0c2') in 0.003121292 seconds
Number of updated asset objects reloaded before import = 0Number of asset objects unloaded after import = 1

========================================================================
Received Import Request.
  Time since last request: 0.000052 seconds.
  path: Assets/Photon/PhotonChat/Demos/DemoChat/Editor
  artifactKey: Guid(c33037d6755b1134db073d59feb6f7d9) Importer(2089858483,192608db42251d675da83286b1cce702)
Start importing Assets/Photon/PhotonChat/Demos/DemoChat/Editor using Guid(c33037d6755b1134db073d59feb6f7d9) Importer(2089858483,192608db42251d675da83286b1cce702) (ScriptedImporter) -> (artifact id: '7c28ea394712ee8131f20e0572f2c016') in 0.001852542 seconds
Number of updated asset objects reloaded before import = 0Number of asset objects unloaded after import = 1

========================================================================
Received Import Request.
  Time since last request: 0.000052 seconds.
  path: Assets/Photon/PhotonChat/Demos/Common/OnStartDelete.cs
  artifactKey: Guid(0b1cdd4de66f84fa1af4cb197e5d901d) Importer(2089858483,192608db42251d675da83286b1cce702)
Start importing Assets/Photon/PhotonChat/Demos/Common/OnStartDelete.cs using Guid(0b1cdd4de66f84fa1af4cb197e5d901d) Importer(2089858483,192608db42251d675da83286b1cce702) (ScriptedImporter) -> (artifact id: '5b146ace694826a5139269dfa01da8b9') in 0.004918625 seconds
Number of updated asset objects reloaded before import = 0Number of asset objects unloaded after import = 0

========================================================================
Received Import Request.
  Time since last request: 0.000043 seconds.
  path: Assets/Photon/PhotonUnityNetworking/Demos/DemoAsteroids/Materials/FlyerPlayership.mat
  artifactKey: Guid(99fced4bc2985174cac8512dc765d2bc) Importer(2089858483,192608db42251d675da83286b1cce702)
Start importing Assets/Photon/PhotonUnityNetworking/Demos/DemoAsteroids/Materials/FlyerPlayership.mat using Guid(99fced4bc2985174cac8512dc765d2bc) Importer(2089858483,192608db42251d675da83286b1cce702) (ScriptedImporter) -> (artifact id: 'ac7aa380036b921d7db1fe0f17d6f4af') in 0.005042958 seconds
Number of updated asset objects reloaded before import = 0Number of asset objects unloaded after import = 4

========================================================================
Received Import Request.
  Time since last request: 0.000046 seconds.
  path: Assets/Photon/PhotonRealtime/Code/Unity
  artifactKey: Guid(fa14aa576f7e18f4bb6c4c93368a235d) Importer(2089858483,192608db42251d675da83286b1cce702)
Start importing Assets/Photon/PhotonRealtime/Code/Unity using Guid(fa14aa576f7e18f4bb6c4c93368a235d) Importer(2089858483,192608db42251d675da83286b1cce702) (ScriptedImporter) -> (artifact id: '3efa3fa2bc458a85a68af4c4609fe239') in 0.001971667 seconds
Number of updated asset objects reloaded before import = 0Number of asset objects unloaded after import = 1

========================================================================
Received Import Request.
  Time since last request: 0.000031 seconds.
  path: Assets/Photon/PhotonUnityNetworking/Code/Views/PhotonAnimatorView.cs
  artifactKey: Guid(9b8c4a61274f60b4ea5fb4299cfdbf14) Importer(2089858483,192608db42251d675da83286b1cce702)
Start importing Assets/Photon/PhotonUnityNetworking/Code/Views/PhotonAnimatorView.cs using Guid(9b8c4a61274f60b4ea5fb4299cfdbf14) Importer(2089858483,192608db42251d675da83286b1cce702) (ScriptedImporter) -> (artifact id: 'c78a21a445ae59a8902120c80c33e8a5') in 0.002718375 seconds
Number of updated asset objects reloaded before import = 0Number of asset objects unloaded after import = 0

========================================================================
Received Import Request.
  Time since last request: 0.000043 seconds.
  path: Assets/Photon/PhotonUnityNetworking/Demos/DemoSlotRacer/Kenney Assets/Racing Kit/Models/rail.fbx
  artifactKey: Guid(c0c42e3ceebd42943ade3b7414c47afd) Importer(2089858483,192608db42251d675da83286b1cce702)
Start importing Assets/Photon/PhotonUnityNetworking/Demos/DemoSlotRacer/Kenney Assets/Racing Kit/Models/rail.fbx using Guid(c0c42e3ceebd42943ade3b7414c47afd) Importer(2089858483,192608db42251d675da83286b1cce702) (ScriptedImporter) -> (artifact id: 'b342207224cea05c5395a1b3300656f0') in 0.008790584 seconds
Number of updated asset objects reloaded before import = 0Number of asset objects unloaded after import = 8

========================================================================
Received Import Request.
  Time since last request: 0.000059 seconds.
  path: Assets/Photon/PhotonUnityNetworking/Demos/DemoAsteroids/Scripts/Lobby/LobbyMainPanel.cs
  artifactKey: Guid(84fd812a67908014cb408f749ca7a55e) Importer(2089858483,192608db42251d675da83286b1cce702)
Start importing Assets/Photon/PhotonUnityNetworking/Demos/DemoAsteroids/Scripts/Lobby/LobbyMainPanel.cs using Guid(84fd812a67908014cb408f749ca7a55e) Importer(2089858483,192608db42251d675da83286b1cce702) (ScriptedImporter) -> (artifact id: '86ea9bcdc02e6c7f950dbdc1686f0dac') in 0.003232167 seconds
Number of updated asset objects reloaded before import = 0Number of asset objects unloaded after import = 0

========================================================================
Received Import Request.
  Time since last request: 0.000046 seconds.
  path: Assets/Photon/PhotonUnityNetworking/Code/PhotonView.cs
  artifactKey: Guid(aa584fbee541324448dd18d8409c7a41) Importer(2089858483,192608db42251d675da83286b1cce702)
Start importing Assets/Photon/PhotonUnityNetworking/Code/PhotonView.cs using Guid(aa584fbee541324448dd18d8409c7a41) Importer(2089858483,192608db42251d675da83286b1cce702) (ScriptedImporter) -> (artifact id: 'f8a909683919ddd5b818ddf7340ee5d7') in 0.002617 seconds
Number of updated asset objects reloaded before import = 0Number of asset objects unloaded after import = 0

========================================================================
Received Import Request.
  Time since last request: 0.000038 seconds.
  path: Assets/Photon/PhotonRealtime/Code/RoomInfo.cs
  artifactKey: Guid(71760b65ad7d5b842942c797a0366fa7) Importer(2089858483,192608db42251d675da83286b1cce702)
Start importing Assets/Photon/PhotonRealtime/Code/RoomInfo.cs using Guid(71760b65ad7d5b842942c797a0366fa7) Importer(2089858483,192608db42251d675da83286b1cce702) (ScriptedImporter) -> (artifact id: 'ecbcc6614288b4360cf12ebb1efe1a1f') in 0.002594459 seconds
Number of updated asset objects reloaded before import = 0Number of asset objects unloaded after import = 0

========================================================================
Received Import Request.
  Time since last request: 0.000048 seconds.
  path: Assets/Photon/PhotonUnityNetworking/Demos/DemoHub/DemoHub-Scene.unity
  artifactKey: Guid(7dfd47dc8b9484dd79d8636d8603a9e5) Importer(2089858483,192608db42251d675da83286b1cce702)
Start importing Assets/Photon/PhotonUnityNetworking/Demos/DemoHub/DemoHub-Scene.unity using Guid(7dfd47dc8b9484dd79d8636d8603a9e5) Importer(2089858483,192608db42251d675da83286b1cce702) (ScriptedImporter) -> (artifact id: '36844b895150239e1811e779bb1ebb24') in 0.007488167 seconds
Number of updated asset objects reloaded before import = 0Number of asset objects unloaded after import = 1

========================================================================
Received Import Request.
  Time since last request: 0.000039 seconds.
  path: Assets/Photon/PhotonUnityNetworking/Code/Interfaces
  artifactKey: Guid(38ae0eecc6fe5d340b82bb221198aa89) Importer(2089858483,192608db42251d675da83286b1cce702)
Start importing Assets/Photon/PhotonUnityNetworking/Code/Interfaces using Guid(38ae0eecc6fe5d340b82bb221198aa89) Importer(2089858483,192608db42251d675da83286b1cce702) (ScriptedImporter) -> (artifact id: 'b21638ecdbf6de2e12a9f58d2b11d1da') in 0.002014125 seconds
Number of updated asset objects reloaded before import = 0Number of asset objects unloaded after import = 1

========================================================================
Received Import Request.
  Time since last request: 0.000040 seconds.
  path: Assets/Photon/PhotonChat/Demos/DemoChat/Files/Gradient.png
  artifactKey: Guid(2fb83ea89df639b43a22d707d3c22af1) Importer(2089858483,192608db42251d675da83286b1cce702)
Start importing Assets/Photon/PhotonChat/Demos/DemoChat/Files/Gradient.png using Guid(2fb83ea89df639b43a22d707d3c22af1) Importer(2089858483,192608db42251d675da83286b1cce702) (ScriptedImporter) -> (artifact id: '6bb09940bb8ce5baaee7df28d49bfd4b') in 0.007558375 seconds
Number of updated asset objects reloaded before import = 0Number of asset objects unloaded after import = 3

========================================================================
Received Import Request.
  Time since last request: 0.000047 seconds.
  path: Assets/Photon/PhotonUnityNetworking/Demos/PunCockpit/Scripts/Autonomous UI/LayoutElementMatchSize.cs
  artifactKey: Guid(3ec618017b87f49b4a2bfc6a0a0bff3d) Importer(2089858483,192608db42251d675da83286b1cce702)
Start importing Assets/Photon/PhotonUnityNetworking/Demos/PunCockpit/Scripts/Autonomous UI/LayoutElementMatchSize.cs using Guid(3ec618017b87f49b4a2bfc6a0a0bff3d) Importer(2089858483,192608db42251d675da83286b1cce702) (ScriptedImporter) -> (artifact id: '1be9a24b8aafa497db157514b6e73928') in 0.0027225 seconds
Number of updated asset objects reloaded before import = 0Number of asset objects unloaded after import = 0

========================================================================
Received Import Request.
  Time since last request: 0.000060 seconds.
  path: Assets/Photon/PhotonChat/Demos/DemoChat/Files/eurof_tt.txt
  artifactKey: Guid(e96690bd3586cf643a223def4feaa4d4) Importer(2089858483,192608db42251d675da83286b1cce702)
Start importing Assets/Photon/PhotonChat/Demos/DemoChat/Files/eurof_tt.txt using Guid(e96690bd3586cf643a223def4feaa4d4) Importer(2089858483,192608db42251d675da83286b1cce702) (ScriptedImporter) -> (artifact id: '4083c72c19a2c6c315248a994f76e442') in 0.002346042 seconds
Number of updated asset objects reloaded before import = 0Number of asset objects unloaded after import = 1

========================================================================
Received Import Request.
  Time since last request: 0.000049 seconds.
  path: Assets/Photon/PhotonUnityNetworking/Demos/PunBasics-Tutorial/Scripts/Launcher.cs
  artifactKey: Guid(4796bc1963eb34e1fa021b0a45b29df4) Importer(2089858483,192608db42251d675da83286b1cce702)
Start importing Assets/Photon/PhotonUnityNetworking/Demos/PunBasics-Tutorial/Scripts/Launcher.cs using Guid(4796bc1963eb34e1fa021b0a45b29df4) Importer(2089858483,192608db42251d675da83286b1cce702) (ScriptedImporter) -> (artifact id: '3b5c6f24e7cacc49632edb7394bc2bd7') in 0.00274 seconds
Number of updated asset objects reloaded before import = 0Number of asset objects unloaded after import = 0

========================================================================
Received Import Request.
  Time since last request: 0.000063 seconds.
  path: Assets/Photon/PhotonUnityNetworking/Demos/Shared Assets/Skin/Jura-Flat-Material.mat
  artifactKey: Guid(c190da5d14d0e904ba512abe82018576) Importer(2089858483,192608db42251d675da83286b1cce702)
Start importing Assets/Photon/PhotonUnityNetworking/Demos/Shared Assets/Skin/Jura-Flat-Material.mat using Guid(c190da5d14d0e904ba512abe82018576) Importer(2089858483,192608db42251d675da83286b1cce702) (ScriptedImporter) -> (artifact id: '7c54270cf0b5dd5d39666d97b3c1b532') in 0.005905417 seconds
Number of updated asset objects reloaded before import = 0Number of asset objects unloaded after import = 2

========================================================================
Received Import Request.
  Time since last request: 0.000060 seconds.
  path: Assets/Photon/PhotonUnityNetworking/Code/Editor/Views/PhotonRigidbody2DViewEditor.cs
  artifactKey: Guid(3a82e8e86b9eecb40ac3f6ebc949f6ef) Importer(2089858483,192608db42251d675da83286b1cce702)
Start importing Assets/Photon/PhotonUnityNetworking/Code/Editor/Views/PhotonRigidbody2DViewEditor.cs using Guid(3a82e8e86b9eecb40ac3f6ebc949f6ef) Importer(2089858483,192608db42251d675da83286b1cce702) (ScriptedImporter) -> (artifact id: 'd3e3c4592cebf870069216591974f4f0') in 0.002743667 seconds
Number of updated asset objects reloaded before import = 0Number of asset objects unloaded after import = 0

========================================================================
Received Import Request.
  Time since last request: 0.000048 seconds.
  path: Assets/Photon/PhotonUnityNetworking/Demos/Shared Assets/Materials/UnitCircleMaterial.mat
  artifactKey: Guid(fb6c12085a6b0a5429029fcd6478a816) Importer(2089858483,192608db42251d675da83286b1cce702)
Start importing Assets/Photon/PhotonUnityNetworking/Demos/Shared Assets/Materials/UnitCircleMaterial.mat using Guid(fb6c12085a6b0a5429029fcd6478a816) Importer(2089858483,192608db42251d675da83286b1cce702) (ScriptedImporter) -> (artifact id: '2e7bf2fb29f00cb42fc9c41527dd6f1c') in 0.004936083 seconds
Number of updated asset objects reloaded before import = 0Number of asset objects unloaded after import = 2

========================================================================
Received Import Request.
  Time since last request: 0.000050 seconds.
  path: Assets/Photon/PhotonRealtime/Code/Player.cs
  artifactKey: Guid(e3e4b5bebc687044b9c6c2803c36be3d) Importer(2089858483,192608db42251d675da83286b1cce702)
Start importing Assets/Photon/PhotonRealtime/Code/Player.cs using Guid(e3e4b5bebc687044b9c6c2803c36be3d) Importer(2089858483,192608db42251d675da83286b1cce702) (ScriptedImporter) -> (artifact id: 'd1bce35991e05b295272f341e49b3a2e') in 0.0025285 seconds
Number of updated asset objects reloaded before import = 0Number of asset objects unloaded after import = 0

========================================================================
Received Import Request.
  Time since last request: 0.000050 seconds.
  path: Assets/Photon/PhotonUnityNetworking/Code/Editor/PhotonViewInspector.cs
  artifactKey: Guid(e73a30c46df19194f873ea7a9ce12753) Importer(2089858483,192608db42251d675da83286b1cce702)
Start importing Assets/Photon/PhotonUnityNetworking/Code/Editor/PhotonViewInspector.cs using Guid(e73a30c46df19194f873ea7a9ce12753) Importer(2089858483,192608db42251d675da83286b1cce702) (ScriptedImporter) -> (artifact id: '75e38ba549ed30f871f659576eb9601d') in 0.002681 seconds
Number of updated asset objects reloaded before import = 0Number of asset objects unloaded after import = 0

========================================================================
Received Import Request.
  Time since last request: 0.000060 seconds.
  path: Assets/Photon/PhotonUnityNetworking/Demos/DemoSlotRacer/Prefabs/SlotCar_C.prefab
  artifactKey: Guid(1fd2963e35ed24ba89705127fca0fba1) Importer(2089858483,192608db42251d675da83286b1cce702)
Start importing Assets/Photon/PhotonUnityNetworking/Demos/DemoSlotRacer/Prefabs/SlotCar_C.prefab using Guid(1fd2963e35ed24ba89705127fca0fba1) Importer(2089858483,192608db42251d675da83286b1cce702) (ScriptedImporter) -> (artifact id: '4b5d2f41ed025775ee8bd751a2320aed') in 0.005080375 seconds
Number of updated asset objects reloaded before import = 0Number of asset objects unloaded after import = 76

========================================================================
Received Import Request.
  Time since last request: 0.000057 seconds.
  path: Assets/Photon/PhotonUnityNetworking/Demos/DemoAsteroids/Scripts/Lobby/RoomListEntry.cs
  artifactKey: Guid(40b744eae97c5fa47879a477d0f0b667) Importer(2089858483,192608db42251d675da83286b1cce702)
Start importing Assets/Photon/PhotonUnityNetworking/Demos/DemoAsteroids/Scripts/Lobby/RoomListEntry.cs using Guid(40b744eae97c5fa47879a477d0f0b667) Importer(2089858483,192608db42251d675da83286b1cce702) (ScriptedImporter) -> (artifact id: '4da9271ed3b1d2348014a7ef90c39d6c') in 0.002779917 seconds
Number of updated asset objects reloaded before import = 0Number of asset objects unloaded after import = 0

========================================================================
Received Import Request.
  Time since last request: 0.000053 seconds.
  path: Assets/Photon/PhotonUnityNetworking/Demos/PunBasics-Tutorial/Prefabs/Quit Room Button.prefab
  artifactKey: Guid(b19bb80838bcf4457bf6f50a19c5593b) Importer(2089858483,192608db42251d675da83286b1cce702)
Start importing Assets/Photon/PhotonUnityNetworking/Demos/PunBasics-Tutorial/Prefabs/Quit Room Button.prefab using Guid(b19bb80838bcf4457bf6f50a19c5593b) Importer(2089858483,192608db42251d675da83286b1cce702) (ScriptedImporter) -> (artifact id: '0701e3150b70f3a1d663e46d1adcc3f4') in 0.012716958 seconds
Number of updated asset objects reloaded before import = 0Number of asset objects unloaded after import = 13

========================================================================
Received Import Request.
  Time since last request: 0.000050 seconds.
  path: Assets/Photon/PhotonUnityNetworking/Demos/Shared Assets/Animations/HumanoidRunTurn.fbx
  artifactKey: Guid(1062212255550964e974f3ffb3cbaae3) Importer(2089858483,192608db42251d675da83286b1cce702)
Start importing Assets/Photon/PhotonUnityNetworking/Demos/Shared Assets/Animations/HumanoidRunTurn.fbx using Guid(1062212255550964e974f3ffb3cbaae3) Importer(2089858483,192608db42251d675da83286b1cce702) (ScriptedImporter) -> (artifact id: '1c702dc20f3f3f994af00d3503ec3f6f') in 0.012593291 seconds
Number of updated asset objects reloaded before import = 0Number of asset objects unloaded after import = 184

========================================================================
Received Import Request.
  Time since last request: 0.000059 seconds.
  path: Assets/Photon/PhotonUnityNetworking/Demos/DemoSlotRacer/Kenney Assets/Stylized city/Materials/tank.mat
  artifactKey: Guid(479cbf10a2ba803449168e0148bcdbb5) Importer(2089858483,192608db42251d675da83286b1cce702)
Start importing Assets/Photon/PhotonUnityNetworking/Demos/DemoSlotRacer/Kenney Assets/Stylized city/Materials/tank.mat using Guid(479cbf10a2ba803449168e0148bcdbb5) Importer(2089858483,192608db42251d675da83286b1cce702) (ScriptedImporter) -> (artifact id: '0d11e7554fe2bc675cb7fcfdf2a63981') in 0.006220042 seconds
Number of updated asset objects reloaded before import = 0Number of asset objects unloaded after import = 1

========================================================================
Received Import Request.
  Time since last request: 0.000039 seconds.
  path: Assets/Photon/PhotonUnityNetworking/Demos/DemoSlotRacer/Scripts/SlotRacerSplashScreen.cs
  artifactKey: Guid(fda2ec3ef73274d5886232a03b450769) Importer(2089858483,192608db42251d675da83286b1cce702)
Start importing Assets/Photon/PhotonUnityNetworking/Demos/DemoSlotRacer/Scripts/SlotRacerSplashScreen.cs using Guid(fda2ec3ef73274d5886232a03b450769) Importer(2089858483,192608db42251d675da83286b1cce702) (ScriptedImporter) -> (artifact id: '0880d8730448014e5d9364f2153e000e') in 0.002876 seconds
Number of updated asset objects reloaded before import = 0Number of asset objects unloaded after import = 0

========================================================================
Received Import Request.
  Time since last request: 0.000040 seconds.
  path: Assets/Photon/PhotonUnityNetworking/Demos/PunCockpit/Scripts/Controllers/PlayerDetailsController.cs
  artifactKey: Guid(a9eaa48793ddf4344b22871af0652c69) Importer(2089858483,192608db42251d675da83286b1cce702)
Start importing Assets/Photon/PhotonUnityNetworking/Demos/PunCockpit/Scripts/Controllers/PlayerDetailsController.cs using Guid(a9eaa48793ddf4344b22871af0652c69) Importer(2089858483,192608db42251d675da83286b1cce702) (ScriptedImporter) -> (artifact id: '3a1ec03e7122abed038fb76e8a4a09c8') in 0.002894375 seconds
Number of updated asset objects reloaded before import = 0Number of asset objects unloaded after import = 0

========================================================================
Received Import Request.
  Time since last request: 0.000036 seconds.
  path: Assets/Photon/PhotonUnityNetworking/Demos/DemoSlotRacer/Scripts/BezierCurve/SplineWalker.cs
  artifactKey: Guid(541a76f9c03874323b5154b14ac00427) Importer(2089858483,192608db42251d675da83286b1cce702)
Start importing Assets/Photon/PhotonUnityNetworking/Demos/DemoSlotRacer/Scripts/BezierCurve/SplineWalker.cs using Guid(541a76f9c03874323b5154b14ac00427) Importer(2089858483,192608db42251d675da83286b1cce702) (ScriptedImporter) -> (artifact id: '6732ae2b18168059ca9fc38cf751cae2') in 0.003220084 seconds
Number of updated asset objects reloaded before import = 0Number of asset objects unloaded after import = 0

========================================================================
Received Import Request.
  Time since last request: 0.000044 seconds.
  path: Assets/Photon/PhotonChat/Demos/DemoChat/ChatAppIdCheckerUI.cs
  artifactKey: Guid(4eb1284704a754507acb17b07b888086) Importer(2089858483,192608db42251d675da83286b1cce702)
Start importing Assets/Photon/PhotonChat/Demos/DemoChat/ChatAppIdCheckerUI.cs using Guid(4eb1284704a754507acb17b07b888086) Importer(2089858483,192608db42251d675da83286b1cce702) (ScriptedImporter) -> (artifact id: 'ca07e2dad46b20106262ee93bef83353') in 0.002913958 seconds
Number of updated asset objects reloaded before import = 0Number of asset objects unloaded after import = 0

========================================================================
Received Import Request.
  Time since last request: 0.000039 seconds.
  path: Assets/Photon/PhotonUnityNetworking/Demos/Shared Assets/Skin/BoxTextHover.png
  artifactKey: Guid(13154691f37c1884c865b54d8bd29d6e) Importer(2089858483,192608db42251d675da83286b1cce702)
Start importing Assets/Photon/PhotonUnityNetworking/Demos/Shared Assets/Skin/BoxTextHover.png using Guid(13154691f37c1884c865b54d8bd29d6e) Importer(2089858483,192608db42251d675da83286b1cce702) (ScriptedImporter) -> (artifact id: 'efd233607631eb9429da2beff7dc16d3') in 0.007063916 seconds
Number of updated asset objects reloaded before import = 0Number of asset objects unloaded after import = 1

========================================================================
Received Import Request.
  Time since last request: 0.000051 seconds.
  path: Assets/Photon/PhotonUnityNetworking/Demos/DemoSlotRacer/Kenney Assets/Stylized city/Models/hamvee.FBX
  artifactKey: Guid(7b912c5dfa554a04296ecbf246180058) Importer(2089858483,192608db42251d675da83286b1cce702)
Start importing Assets/Photon/PhotonUnityNetworking/Demos/DemoSlotRacer/Kenney Assets/Stylized city/Models/hamvee.FBX using Guid(7b912c5dfa554a04296ecbf246180058) Importer(2089858483,192608db42251d675da83286b1cce702) (ScriptedImporter) -> (artifact id: '43968262a3e87f6048c808594a8dd0f3') in 0.016550209 seconds
Number of updated asset objects reloaded before import = 0Number of asset objects unloaded after import = 41

========================================================================
Received Import Request.
  Time since last request: 0.000049 seconds.
  path: Assets/Photon/PhotonUnityNetworking/Demos/DemoSlotRacer/Resources/Player Controller.prefab
  artifactKey: Guid(c9248d8e58293473bb27cf2f5505f88b) Importer(2089858483,192608db42251d675da83286b1cce702)
Start importing Assets/Photon/PhotonUnityNetworking/Demos/DemoSlotRacer/Resources/Player Controller.prefab using Guid(c9248d8e58293473bb27cf2f5505f88b) Importer(2089858483,192608db42251d675da83286b1cce702) (ScriptedImporter) -> (artifact id: 'ac3c5a003a13bb7b5e6f91cf058e820d') in 0.016179584 seconds
Number of updated asset objects reloaded before import = 0Number of asset objects unloaded after import = 307

========================================================================
Received Import Request.
  Time since last request: 0.000053 seconds.
  path: Assets/Photon/PhotonUnityNetworking/Demos/DemoAsteroids/Scripts/Game/AsteroidsGameManager.cs
  artifactKey: Guid(86aba39379844aa428b0d3c0a3d92534) Importer(2089858483,192608db42251d675da83286b1cce702)
Start importing Assets/Photon/PhotonUnityNetworking/Demos/DemoAsteroids/Scripts/Game/AsteroidsGameManager.cs using Guid(86aba39379844aa428b0d3c0a3d92534) Importer(2089858483,192608db42251d675da83286b1cce702) (ScriptedImporter) -> (artifact id: '448aa4d50c74bac81b1af56e89e1288f') in 0.003360666 seconds
Number of updated asset objects reloaded before import = 0Number of asset objects unloaded after import = 0

========================================================================
Received Import Request.
  Time since last request: 0.000045 seconds.
  path: Assets/Photon/PhotonUnityNetworking/Demos/DemoAsteroids/Models/FlyerAsteroidB.fbx
  artifactKey: Guid(757fc9771ce30dc468c775b392518d81) Importer(2089858483,192608db42251d675da83286b1cce702)
Start importing Assets/Photon/PhotonUnityNetworking/Demos/DemoAsteroids/Models/FlyerAsteroidB.fbx using Guid(757fc9771ce30dc468c775b392518d81) Importer(2089858483,192608db42251d675da83286b1cce702) (ScriptedImporter) -> (artifact id: '444865939c3b653f040e4d17f3ab659b') in 0.008597125 seconds
Number of updated asset objects reloaded before import = 0Number of asset objects unloaded after import = 8

========================================================================
Received Import Request.
  Time since last request: 0.000039 seconds.
  path: Assets/Photon/PhotonUnityNetworking/Demos/DemoSlotRacer/Kenney Assets/Racing Kit/Models/Textures/tankco.png
  artifactKey: Guid(438c80613d3f26e4e80aa3455101d21a) Importer(2089858483,192608db42251d675da83286b1cce702)
Start importing Assets/Photon/PhotonUnityNetworking/Demos/DemoSlotRacer/Kenney Assets/Racing Kit/Models/Textures/tankco.png using Guid(438c80613d3f26e4e80aa3455101d21a) Importer(2089858483,192608db42251d675da83286b1cce702) (ScriptedImporter) -> (artifact id: 'a1f9be14968baad44101620aacfec241') in 0.007378042 seconds
Number of updated asset objects reloaded before import = 0Number of asset objects unloaded after import = 1

========================================================================
Received Import Request.
  Time since last request: 0.000036 seconds.
  path: Assets/Photon/PhotonLibs/netstandard2.0/Photon3Unity3D.xml
  artifactKey: Guid(7015e500cd5b71244af56448dfb59804) Importer(2089858483,192608db42251d675da83286b1cce702)
Start importing Assets/Photon/PhotonLibs/netstandard2.0/Photon3Unity3D.xml using Guid(7015e500cd5b71244af56448dfb59804) Importer(2089858483,192608db42251d675da83286b1cce702) (ScriptedImporter) -> (artifact id: 'a3f5b14129b53d4ef6fa6b3e3ae1158b') in 0.002370542 seconds
Number of updated asset objects reloaded before import = 0Number of asset objects unloaded after import = 1

========================================================================
Received Import Request.
  Time since last request: 0.000041 seconds.
  path: Assets/Photon/PhotonUnityNetworking/Demos/PunCockpit/Scripts/ReadOnlyProperties/CurrentRoomExpectedUsersProperty.cs
  artifactKey: Guid(83b21b2f76c734bfab616bc7a3ff65c5) Importer(2089858483,192608db42251d675da83286b1cce702)
Start importing Assets/Photon/PhotonUnityNetworking/Demos/PunCockpit/Scripts/ReadOnlyProperties/CurrentRoomExpectedUsersProperty.cs using Guid(83b21b2f76c734bfab616bc7a3ff65c5) Importer(2089858483,192608db42251d675da83286b1cce702) (ScriptedImporter) -> (artifact id: '46250ef249fd3bcea9d3df4fabe6fa3a') in 0.002942875 seconds
Number of updated asset objects reloaded before import = 0Number of asset objects unloaded after import = 0

========================================================================
Received Import Request.
  Time since last request: 0.000038 seconds.
  path: Assets/Photon/PhotonChat/Code/ChannelCreationOptions.cs
  artifactKey: Guid(6c1aa0fceaa2bc14eabdf85976f4e2c8) Importer(2089858483,192608db42251d675da83286b1cce702)
Start importing Assets/Photon/PhotonChat/Code/ChannelCreationOptions.cs using Guid(6c1aa0fceaa2bc14eabdf85976f4e2c8) Importer(2089858483,192608db42251d675da83286b1cce702) (ScriptedImporter) -> (artifact id: '719ac9ef32cbfdca7d87f757f4c32a6a') in 0.00306475 seconds
Number of updated asset objects reloaded before import = 0Number of asset objects unloaded after import = 0

========================================================================
Received Import Request.
  Time since last request: 0.000042 seconds.
  path: Assets/Photon/PhotonUnityNetworking/UtilityScripts
  artifactKey: Guid(5c9485e879b69bf48bbc3ea64a71dbb2) Importer(2089858483,192608db42251d675da83286b1cce702)
Start importing Assets/Photon/PhotonUnityNetworking/UtilityScripts using Guid(5c9485e879b69bf48bbc3ea64a71dbb2) Importer(2089858483,192608db42251d675da83286b1cce702) (ScriptedImporter) -> (artifact id: '418a13a037050f330abf66c7cdbc5711') in 0.002188042 seconds
Number of updated asset objects reloaded before import = 0Number of asset objects unloaded after import = 1

========================================================================
Received Import Request.
  Time since last request: 0.000049 seconds.
  path: Assets/Photon/PhotonUnityNetworking/Demos/DemoHub/Editor/PunStartup.cs
  artifactKey: Guid(6bafe5c223c99ab44a5f70010efdae47) Importer(2089858483,192608db42251d675da83286b1cce702)
Start importing Assets/Photon/PhotonUnityNetworking/Demos/DemoHub/Editor/PunStartup.cs using Guid(6bafe5c223c99ab44a5f70010efdae47) Importer(2089858483,192608db42251d675da83286b1cce702) (ScriptedImporter) -> (artifact id: 'f56c08e5be0728bed27aeaf7960c2220') in 0.002720042 seconds
Number of updated asset objects reloaded before import = 0Number of asset objects unloaded after import = 0

========================================================================
Received Import Request.
  Time since last request: 0.000039 seconds.
  path: Assets/Photon/PhotonUnityNetworking/Demos/Shared Assets/Animations
  artifactKey: Guid(f24b3374a6f3eb0489f0bd60a499688d) Importer(2089858483,192608db42251d675da83286b1cce702)
Start importing Assets/Photon/PhotonUnityNetworking/Demos/Shared Assets/Animations using Guid(f24b3374a6f3eb0489f0bd60a499688d) Importer(2089858483,192608db42251d675da83286b1cce702) (ScriptedImporter) -> (artifact id: 'e7664537ec91bf519db7ddaf4a086bd7') in 0.001988875 seconds
Number of updated asset objects reloaded before import = 0Number of asset objects unloaded after import = 1

========================================================================
Received Import Request.
  Time since last request: 0.000054 seconds.
  path: Assets/Photon/PhotonUnityNetworking/Code/Editor/ReordableList/ReorderableListResources.cs
  artifactKey: Guid(60c609ded101b0a468fb5cf27b31cf27) Importer(2089858483,192608db42251d675da83286b1cce702)
Start importing Assets/Photon/PhotonUnityNetworking/Code/Editor/ReordableList/ReorderableListResources.cs using Guid(60c609ded101b0a468fb5cf27b31cf27) Importer(2089858483,192608db42251d675da83286b1cce702) (ScriptedImporter) -> (artifact id: 'eda8e38e4681060dee364cfabab136af') in 0.002786334 seconds
Number of updated asset objects reloaded before import = 0Number of asset objects unloaded after import = 0

========================================================================
Received Import Request.
  Time since last request: 0.000043 seconds.
  path: Assets/Photon/PhotonUnityNetworking/UtilityScripts/Prototyping/MoveByKeys.cs
  artifactKey: Guid(99b4daedc5e674a429acdf1e77da6a55) Importer(2089858483,192608db42251d675da83286b1cce702)
Start importing Assets/Photon/PhotonUnityNetworking/UtilityScripts/Prototyping/MoveByKeys.cs using Guid(99b4daedc5e674a429acdf1e77da6a55) Importer(2089858483,192608db42251d675da83286b1cce702) (ScriptedImporter) -> (artifact id: '0b0e8f1e78e20efdd7fa97b0e8b7fdf8') in 0.002919958 seconds
Number of updated asset objects reloaded before import = 0Number of asset objects unloaded after import = 0

========================================================================
Received Import Request.
  Time since last request: 0.000048 seconds.
  path: Assets/Photon/PhotonUnityNetworking/Demos/DemoSlotRacer/Scripts/BezierCurve/SplinePosition.cs
  artifactKey: Guid(92fca85ea3a014374a5c052f9cc2326b) Importer(2089858483,192608db42251d675da83286b1cce702)
Start importing Assets/Photon/PhotonUnityNetworking/Demos/DemoSlotRacer/Scripts/BezierCurve/SplinePosition.cs using Guid(92fca85ea3a014374a5c052f9cc2326b) Importer(2089858483,192608db42251d675da83286b1cce702) (ScriptedImporter) -> (artifact id: '083f00e7aa70741bf50f1fe0f1925e33') in 0.002852833 seconds
Number of updated asset objects reloaded before import = 0Number of asset objects unloaded after import = 0

========================================================================
Received Import Request.
  Time since last request: 0.000046 seconds.
  path: Assets/Photon/PhotonUnityNetworking/Demos/PunCockpit/Scripts/ReadOnlyProperties/CurrentRoomPlayerCountProperty.cs
  artifactKey: Guid(333fe1be201784f8382dd2e7a1d5c610) Importer(2089858483,192608db42251d675da83286b1cce702)
Start importing Assets/Photon/PhotonUnityNetworking/Demos/PunCockpit/Scripts/ReadOnlyProperties/CurrentRoomPlayerCountProperty.cs using Guid(333fe1be201784f8382dd2e7a1d5c610) Importer(2089858483,192608db42251d675da83286b1cce702) (ScriptedImporter) -> (artifact id: 'f7cddc8a2f37613069af9383ce486904') in 0.005635208 seconds
Number of updated asset objects reloaded before import = 0Number of asset objects unloaded after import = 0

========================================================================
Received Import Request.
  Time since last request: 0.000041 seconds.
  path: Assets/Photon/PhotonUnityNetworking/Code/Editor/PunGradient.png
  artifactKey: Guid(1faa1cf0448470c4ebbb23b97759ab50) Importer(2089858483,192608db42251d675da83286b1cce702)
Start importing Assets/Photon/PhotonUnityNetworking/Code/Editor/PunGradient.png using Guid(1faa1cf0448470c4ebbb23b97759ab50) Importer(2089858483,192608db42251d675da83286b1cce702) (ScriptedImporter) -> (artifact id: '693c76ca325940784efe0ab049355224') in 0.007515459 seconds
Number of updated asset objects reloaded before import = 0Number of asset objects unloaded after import = 1

========================================================================
Received Import Request.
  Time since last request: 0.000034 seconds.
  path: Assets/Photon/PhotonRealtime/Code/Region.cs
  artifactKey: Guid(bddf4f4bde2f8dd46927411229ce1302) Importer(2089858483,192608db42251d675da83286b1cce702)
Start importing Assets/Photon/PhotonRealtime/Code/Region.cs using Guid(bddf4f4bde2f8dd46927411229ce1302) Importer(2089858483,192608db42251d675da83286b1cce702) (ScriptedImporter) -> (artifact id: '2e905764449ee041d31530487e6d332e') in 0.002598416 seconds
Number of updated asset objects reloaded before import = 0Number of asset objects unloaded after import = 0

========================================================================
Received Import Request.
  Time since last request: 0.000059 seconds.
  path: Assets/Photon/PhotonUnityNetworking/Demos/Shared Assets/Prefabs/UI/Toggle Regular.prefab
  artifactKey: Guid(82b2227f60269dd46b9a921faca9dc1f) Importer(2089858483,192608db42251d675da83286b1cce702)
Start importing Assets/Photon/PhotonUnityNetworking/Demos/Shared Assets/Prefabs/UI/Toggle Regular.prefab using Guid(82b2227f60269dd46b9a921faca9dc1f) Importer(2089858483,192608db42251d675da83286b1cce702) (ScriptedImporter) -> (artifact id: '0b369412421e18a4cf704f131fb33755') in 0.012565208 seconds
Number of updated asset objects reloaded before import = 0Number of asset objects unloaded after import = 20

========================================================================
Received Import Request.
  Time since last request: 0.000037 seconds.
  path: Assets/Photon/PhotonChat/Demos/Common/TextButtonTransition.cs
  artifactKey: Guid(060fe8295761a47268586d33ef5673e0) Importer(2089858483,192608db42251d675da83286b1cce702)
Start importing Assets/Photon/PhotonChat/Demos/Common/TextButtonTransition.cs using Guid(060fe8295761a47268586d33ef5673e0) Importer(2089858483,192608db42251d675da83286b1cce702) (ScriptedImporter) -> (artifact id: 'c8eda7edff25fc7b5f0ea4d2d8a18b00') in 0.002696667 seconds
Number of updated asset objects reloaded before import = 0Number of asset objects unloaded after import = 0

========================================================================
Received Import Request.
  Time since last request: 0.000044 seconds.
  path: Assets/Photon/PhotonUnityNetworking/Demos/Shared Assets/Skin
  artifactKey: Guid(4b88345814cbcf34c97ce101e4f5d8a6) Importer(2089858483,192608db42251d675da83286b1cce702)
Start importing Assets/Photon/PhotonUnityNetworking/Demos/Shared Assets/Skin using Guid(4b88345814cbcf34c97ce101e4f5d8a6) Importer(2089858483,192608db42251d675da83286b1cce702) (ScriptedImporter) -> (artifact id: 'e86bd7306b350fbdd3c58df213a320be') in 0.00171525 seconds
Number of updated asset objects reloaded before import = 0Number of asset objects unloaded after import = 1

========================================================================
Received Import Request.
  Time since last request: 0.000041 seconds.
  path: Assets/Photon/PhotonUnityNetworking/Demos/DemoAsteroids/Scenes/DemoAsteroids-LobbyScene.unity
  artifactKey: Guid(c8a9d1312a49dc8488a9b32d83d659c7) Importer(2089858483,192608db42251d675da83286b1cce702)
Start importing Assets/Photon/PhotonUnityNetworking/Demos/DemoAsteroids/Scenes/DemoAsteroids-LobbyScene.unity using Guid(c8a9d1312a49dc8488a9b32d83d659c7) Importer(2089858483,192608db42251d675da83286b1cce702) (ScriptedImporter) -> (artifact id: 'a68f3bd749a2ca7d8248c383767af2dc') in 0.004844542 seconds
Number of updated asset objects reloaded before import = 0Number of asset objects unloaded after import = 1

========================================================================
Received Import Request.
  Time since last request: 0.000052 seconds.
  path: Assets/Photon/PhotonUnityNetworking/Demos/DemoAsteroids/Models
  artifactKey: Guid(ffc8b1d9f846b0f4d9e60bafe6e61a83) Importer(2089858483,192608db42251d675da83286b1cce702)
Start importing Assets/Photon/PhotonUnityNetworking/Demos/DemoAsteroids/Models using Guid(ffc8b1d9f846b0f4d9e60bafe6e61a83) Importer(2089858483,192608db42251d675da83286b1cce702) (ScriptedImporter) -> (artifact id: 'db721e8070f56f8326b0e76e049345f6') in 0.001581416 seconds
Number of updated asset objects reloaded before import = 0Number of asset objects unloaded after import = 1

========================================================================
Received Import Request.
  Time since last request: 0.000057 seconds.
  path: Assets/Photon/PhotonUnityNetworking/Demos/DemoProcedural/Materials/Red.mat
  artifactKey: Guid(ad7ce727a68a61f4897679b81da7b344) Importer(2089858483,192608db42251d675da83286b1cce702)
Start importing Assets/Photon/PhotonUnityNetworking/Demos/DemoProcedural/Materials/Red.mat using Guid(ad7ce727a68a61f4897679b81da7b344) Importer(2089858483,192608db42251d675da83286b1cce702) (ScriptedImporter) -> (artifact id: '642c59920966ad05a9c484568e03f9a3') in 0.003565666 seconds
Number of updated asset objects reloaded before import = 0Number of asset objects unloaded after import = 1

========================================================================
Received Import Request.
  Time since last request: 0.000798 seconds.
  path: Assets/Photon/PhotonUnityNetworking/Demos/DemoAsteroids/Models/Materials
  artifactKey: Guid(5b0355c289df177488ae398e713b4769) Importer(2089858483,192608db42251d675da83286b1cce702)
Start importing Assets/Photon/PhotonUnityNetworking/Demos/DemoAsteroids/Models/Materials using Guid(5b0355c289df177488ae398e713b4769) Importer(2089858483,192608db42251d675da83286b1cce702) (ScriptedImporter) -> (artifact id: '520a6f9233613ac8b85c958875ec06f7') in 0.001967292 seconds
Number of updated asset objects reloaded before import = 0Number of asset objects unloaded after import = 1

========================================================================
Received Import Request.
  Time since last request: 0.000177 seconds.
  path: Assets/Photon/PhotonUnityNetworking/UtilityScripts/UI/ButtonInsideScrollList.cs
  artifactKey: Guid(e0e8b381f2c05442ca5c01638958156a) Importer(2089858483,192608db42251d675da83286b1cce702)
Start importing Assets/Photon/PhotonUnityNetworking/UtilityScripts/UI/ButtonInsideScrollList.cs using Guid(e0e8b381f2c05442ca5c01638958156a) Importer(2089858483,192608db42251d675da83286b1cce702) (ScriptedImporter) -> (artifact id: '9b96cbed6d8c792dccafefe0f5309ae2') in 0.003115041 seconds
Number of updated asset objects reloaded before import = 0Number of asset objects unloaded after import = 0

========================================================================
Received Import Request.
  Time since last request: 0.000049 seconds.
  path: Assets/Scripts/OutputTextBox.cs
  artifactKey: Guid(083acdf9178204e7eb3f5bf514e8c626) Importer(2089858483,192608db42251d675da83286b1cce702)
Start importing Assets/Scripts/OutputTextBox.cs using Guid(083acdf9178204e7eb3f5bf514e8c626) Importer(2089858483,192608db42251d675da83286b1cce702) (ScriptedImporter) -> (artifact id: 'cc0bfa68556ac0e11016740ba1a0d3f5') in 0.002656667 seconds
Number of updated asset objects reloaded before import = 0Number of asset objects unloaded after import = 0

========================================================================
Received Import Request.
  Time since last request: 0.000041 seconds.
  path: Assets/Scripts/Log/LogViewerScroll.cs
  artifactKey: Guid(9f492abfa522e8e4a979ab649f26e450) Importer(2089858483,192608db42251d675da83286b1cce702)
Start importing Assets/Scripts/Log/LogViewerScroll.cs using Guid(9f492abfa522e8e4a979ab649f26e450) Importer(2089858483,192608db42251d675da83286b1cce702) (ScriptedImporter) -> (artifact id: '4bc793c47892c35a2715f63d71800794') in 0.002553583 seconds
Number of updated asset objects reloaded before import = 0Number of asset objects unloaded after import = 0

========================================================================
Received Import Request.
  Time since last request: 0.000054 seconds.
  path: Assets/Scripts/API/APIQuestionSender.cs
  artifactKey: Guid(e19838438e5724701a250c5a31ae1a2a) Importer(2089858483,192608db42251d675da83286b1cce702)
Start importing Assets/Scripts/API/APIQuestionSender.cs using Guid(e19838438e5724701a250c5a31ae1a2a) Importer(2089858483,192608db42251d675da83286b1cce702) (ScriptedImporter) -> (artifact id: '02bb823736ad583865304101774f8bde') in 0.002676584 seconds
Number of updated asset objects reloaded before import = 0Number of asset objects unloaded after import = 0

========================================================================
Received Import Request.
  Time since last request: 0.000074 seconds.
  path: Assets/Photon/PhotonUnityNetworking/Demos/DemoSlotRacer/Prefabs/SlotCar_D.prefab
  artifactKey: Guid(9db296b8bb78143c1a5f7fa8f611967e) Importer(2089858483,192608db42251d675da83286b1cce702)
Start importing Assets/Photon/PhotonUnityNetworking/Demos/DemoSlotRacer/Prefabs/SlotCar_D.prefab using Guid(9db296b8bb78143c1a5f7fa8f611967e) Importer(2089858483,192608db42251d675da83286b1cce702) (ScriptedImporter) -> (artifact id: '9dd31cfd0ad5112d8f8a86ea9fbfed24') in 0.00494825 seconds
Number of updated asset objects reloaded before import = 0Number of asset objects unloaded after import = 106

========================================================================
Received Import Request.
  Time since last request: 0.000037 seconds.
  path: Assets/Scripts/Managers/RoomListManager.cs
  artifactKey: Guid(514a0dac12fde4d4c9b96b76c596e5c1) Importer(2089858483,192608db42251d675da83286b1cce702)
Start importing Assets/Scripts/Managers/RoomListManager.cs using Guid(514a0dac12fde4d4c9b96b76c596e5c1) Importer(2089858483,192608db42251d675da83286b1cce702) (ScriptedImporter) -> (artifact id: '3d666c24f645a4a43364e5bfb58ea263') in 0.00274775 seconds
Number of updated asset objects reloaded before import = 0Number of asset objects unloaded after import = 0

========================================================================
Received Import Request.
  Time since last request: 0.000045 seconds.
  path: Assets/Scripts/Connection/PhotonLauncher.cs
  artifactKey: Guid(6126e42eb1309ab42828fbda87be179b) Importer(2089858483,192608db42251d675da83286b1cce702)
Start importing Assets/Scripts/Connection/PhotonLauncher.cs using Guid(6126e42eb1309ab42828fbda87be179b) Importer(2089858483,192608db42251d675da83286b1cce702) (ScriptedImporter) -> (artifact id: 'ae8c315302eff7071fb2e1b7ec526e02') in 0.005037375 seconds
Number of updated asset objects reloaded before import = 0Number of asset objects unloaded after import = 0

========================================================================
Received Import Request.
  Time since last request: 0.000045 seconds.
  path: Assets/Scripts/Log/LogViewer.cs
  artifactKey: Guid(d1c73334ee07ed9478d8c7b5d4264aa5) Importer(2089858483,192608db42251d675da83286b1cce702)
Start importing Assets/Scripts/Log/LogViewer.cs using Guid(d1c73334ee07ed9478d8c7b5d4264aa5) Importer(2089858483,192608db42251d675da83286b1cce702) (ScriptedImporter) -> (artifact id: 'c9c8cbe4304dca9bae880f6dcf247cff') in 0.002604042 seconds
Number of updated asset objects reloaded before import = 0Number of asset objects unloaded after import = 0

========================================================================
Received Import Request.
  Time since last request: 0.000039 seconds.
  path: Assets/Photon/PhotonUnityNetworking/Code/PhotonHandler.cs
  artifactKey: Guid(177bddf229f8d8445a70c0652f03b7df) Importer(2089858483,192608db42251d675da83286b1cce702)
Start importing Assets/Photon/PhotonUnityNetworking/Code/PhotonHandler.cs using Guid(177bddf229f8d8445a70c0652f03b7df) Importer(2089858483,192608db42251d675da83286b1cce702) (ScriptedImporter) -> (artifact id: '8efb38d89ba90a18b4c80fad15ba1742') in 0.002931167 seconds
Number of updated asset objects reloaded before import = 0Number of asset objects unloaded after import = 0

========================================================================
Received Import Request.
  Time since last request: 0.000041 seconds.
  path: Assets/Scripts/UI/RoomItemUI.cs
  artifactKey: Guid(623352f7ad3c2f44298ff5c48ec9e62e) Importer(2089858483,192608db42251d675da83286b1cce702)
Start importing Assets/Scripts/UI/RoomItemUI.cs using Guid(623352f7ad3c2f44298ff5c48ec9e62e) Importer(2089858483,192608db42251d675da83286b1cce702) (ScriptedImporter) -> (artifact id: '9b027ecffaaa85d0a6499da7b4710585') in 0.0025195 seconds
Number of updated asset objects reloaded before import = 0Number of asset objects unloaded after import = 0

========================================================================
Received Import Request.
  Time since last request: 0.000042 seconds.
  path: Assets/Photon/PhotonUnityNetworking/Demos/PunCockpit/Scripts/Autonomous UI/OnlineDocButton.cs
  artifactKey: Guid(738f2e2e03bb948949a9823e60ee65d5) Importer(2089858483,192608db42251d675da83286b1cce702)
Start importing Assets/Photon/PhotonUnityNetworking/Demos/PunCockpit/Scripts/Autonomous UI/OnlineDocButton.cs using Guid(738f2e2e03bb948949a9823e60ee65d5) Importer(2089858483,192608db42251d675da83286b1cce702) (ScriptedImporter) -> (artifact id: '3222fcf39364034762485264bc064b6d') in 0.003087417 seconds
Number of updated asset objects reloaded before import = 0Number of asset objects unloaded after import = 0

========================================================================
Received Import Request.
  Time since last request: 0.000046 seconds.
  path: Assets/Photon/PhotonUnityNetworking/Demos/PunBasics-Tutorial/Prefabs/Player UI.prefab
  artifactKey: Guid(e41946a981c3b444a84d15eb7c608ca4) Importer(2089858483,192608db42251d675da83286b1cce702)
Start importing Assets/Photon/PhotonUnityNetworking/Demos/PunBasics-Tutorial/Prefabs/Player UI.prefab using Guid(e41946a981c3b444a84d15eb7c608ca4) Importer(2089858483,192608db42251d675da83286b1cce702) (ScriptedImporter) -> (artifact id: '3e6abeb1b8c25bf53e3b4d68947e4f81') in 0.013546958 seconds
Number of updated asset objects reloaded before import = 0Number of asset objects unloaded after import = 28

========================================================================
Received Import Request.
  Time since last request: 0.000049 seconds.
  path: Assets/Scripts/Test_Game.cs
  artifactKey: Guid(f0d48753736284701b5eca6ef35fdb59) Importer(2089858483,192608db42251d675da83286b1cce702)
Start importing Assets/Scripts/Test_Game.cs using Guid(f0d48753736284701b5eca6ef35fdb59) Importer(2089858483,192608db42251d675da83286b1cce702) (ScriptedImporter) -> (artifact id: '7db7cf4eaced3f10b7cf42de28192c7a') in 0.017353459 seconds
Number of updated asset objects reloaded before import = 0Number of asset objects unloaded after import = 0

========================================================================
Received Import Request.
  Time since last request: 0.000042 seconds.
  path: Assets/Scripts/Managers/SwitchScene.cs
  artifactKey: Guid(e502d093843fddf419b1d57a92071ed2) Importer(2089858483,192608db42251d675da83286b1cce702)
Start importing Assets/Scripts/Managers/SwitchScene.cs using Guid(e502d093843fddf419b1d57a92071ed2) Importer(2089858483,192608db42251d675da83286b1cce702) (ScriptedImporter) -> (artifact id: '6247e943ef43b1c8296adc5a769d6dd4') in 0.0024945 seconds
Number of updated asset objects reloaded before import = 0Number of asset objects unloaded after import = 0

========================================================================
Received Import Request.
  Time since last request: 0.000051 seconds.
  path: Assets/Photon/PhotonUnityNetworking/UtilityScripts/PhotonView
  artifactKey: Guid(199121930ec5d4aa9bb53d836180b74f) Importer(2089858483,192608db42251d675da83286b1cce702)
Start importing Assets/Photon/PhotonUnityNetworking/UtilityScripts/PhotonView using Guid(199121930ec5d4aa9bb53d836180b74f) Importer(2089858483,192608db42251d675da83286b1cce702) (ScriptedImporter) -> (artifact id: '2c92f4a5b21722d911ea216d3f34e3cc') in 0.001846667 seconds
Number of updated asset objects reloaded before import = 0Number of asset objects unloaded after import = 1

========================================================================
Received Import Request.
  Time since last request: 0.000093 seconds.
  path: Assets/Photon/PhotonUnityNetworking/UtilityScripts/Debugging/StatesGui.cs
  artifactKey: Guid(62880f27e95abf2418fd79e9d9d568b4) Importer(2089858483,192608db42251d675da83286b1cce702)
Start importing Assets/Photon/PhotonUnityNetworking/UtilityScripts/Debugging/StatesGui.cs using Guid(62880f27e95abf2418fd79e9d9d568b4) Importer(2089858483,192608db42251d675da83286b1cce702) (ScriptedImporter) -> (artifact id: 'b918a6712011e28fc90f167044c1aa37') in 0.002787708 seconds
Number of updated asset objects reloaded before import = 0Number of asset objects unloaded after import = 0

========================================================================
Received Import Request.
  Time since last request: 0.000056 seconds.
  path: Assets/Photon/PhotonUnityNetworking/Demos/DemoSlotRacer/Kenney Assets/Racing Kit/Models/Materials/grass.mat
  artifactKey: Guid(ba3bddb608259184783916ac7915d5a2) Importer(2089858483,192608db42251d675da83286b1cce702)
Start importing Assets/Photon/PhotonUnityNetworking/Demos/DemoSlotRacer/Kenney Assets/Racing Kit/Models/Materials/grass.mat using Guid(ba3bddb608259184783916ac7915d5a2) Importer(2089858483,192608db42251d675da83286b1cce702) (ScriptedImporter) -> (artifact id: '8fd80a6fc2c1a506c3ef1362e140fc3b') in 0.003527042 seconds
Number of updated asset objects reloaded before import = 0Number of asset objects unloaded after import = 1

========================================================================
Received Import Request.
  Time since last request: 0.000061 seconds.
  path: Assets/Scripts/GameSystem/ResultView.cs
  artifactKey: Guid(25d8f1d1d81d44853b6a234381d879df) Importer(2089858483,192608db42251d675da83286b1cce702)
Start importing Assets/Scripts/GameSystem/ResultView.cs using Guid(25d8f1d1d81d44853b6a234381d879df) Importer(2089858483,192608db42251d675da83286b1cce702) (ScriptedImporter) -> (artifact id: 'f716ade9518f4ecb2aee4d6b927e4c2d') in 0.002530416 seconds
Number of updated asset objects reloaded before import = 0Number of asset objects unloaded after import = 0

========================================================================
Received Import Request.
  Time since last request: 0.000047 seconds.
  path: Assets/Scripts/GameSystem/JobDistribution.cs
  artifactKey: Guid(901df59bc6bb444a38a5047e22676dad) Importer(2089858483,192608db42251d675da83286b1cce702)
Start importing Assets/Scripts/GameSystem/JobDistribution.cs using Guid(901df59bc6bb444a38a5047e22676dad) Importer(2089858483,192608db42251d675da83286b1cce702) (ScriptedImporter) -> (artifact id: '21c0d1764ade3cef7233b3c3590ee020') in 0.002550583 seconds
Number of updated asset objects reloaded before import = 0Number of asset objects unloaded after import = 0

========================================================================
Received Import Request.
  Time since last request: 0.000081 seconds.
  path: Assets/Photon/PhotonUnityNetworking/Demos/DemoSlotRacer/Kenney Assets/Racing Kit/Models/roadCornerSmall.fbx
  artifactKey: Guid(d873a0d61ff3aa941be0eb85cb9271ef) Importer(2089858483,192608db42251d675da83286b1cce702)
Start importing Assets/Photon/PhotonUnityNetworking/Demos/DemoSlotRacer/Kenney Assets/Racing Kit/Models/roadCornerSmall.fbx using Guid(d873a0d61ff3aa941be0eb85cb9271ef) Importer(2089858483,192608db42251d675da83286b1cce702) (ScriptedImporter) -> (artifact id: 'f0419bb475b0ec7c48aea907fe54125f') in 0.011996 seconds
Number of updated asset objects reloaded before import = 0Number of asset objects unloaded after import = 10

========================================================================
Received Import Request.
  Time since last request: 0.000042 seconds.
  path: Assets/Photon/PhotonUnityNetworking/Demos/PunBasics-Tutorial
  artifactKey: Guid(6f09d91478c1216438bf6766ec098a5d) Importer(2089858483,192608db42251d675da83286b1cce702)
Start importing Assets/Photon/PhotonUnityNetworking/Demos/PunBasics-Tutorial using Guid(6f09d91478c1216438bf6766ec098a5d) Importer(2089858483,192608db42251d675da83286b1cce702) (ScriptedImporter) -> (artifact id: '43f5266c42358be9b788f94bffebe90b') in 0.002043125 seconds
Number of updated asset objects reloaded before import = 0Number of asset objects unloaded after import = 1

========================================================================
Received Import Request.
  Time since last request: 0.000051 seconds.
  path: Assets/Photon/PhotonUnityNetworking/Demos/DemoSlotRacer/Kenney Assets/Stylized city/Materials/13 - Default22662.mat
  artifactKey: Guid(7d91274cc4a876a439f75445704f421b) Importer(2089858483,192608db42251d675da83286b1cce702)
Start importing Assets/Photon/PhotonUnityNetworking/Demos/DemoSlotRacer/Kenney Assets/Stylized city/Materials/13 - Default22662.mat using Guid(7d91274cc4a876a439f75445704f421b) Importer(2089858483,192608db42251d675da83286b1cce702) (ScriptedImporter) -> (artifact id: '00a779e61a04b2f865d55b3d8612b18d') in 0.003986583 seconds
Number of updated asset objects reloaded before import = 0Number of asset objects unloaded after import = 1

========================================================================
Received Import Request.
  Time since last request: 0.000043 seconds.
  path: Assets/Scripts/GameSystem/Answer
  artifactKey: Guid(ddcca5eade42049d0bf3e95e9acd547d) Importer(2089858483,192608db42251d675da83286b1cce702)
Start importing Assets/Scripts/GameSystem/Answer using Guid(ddcca5eade42049d0bf3e95e9acd547d) Importer(2089858483,192608db42251d675da83286b1cce702) (ScriptedImporter) -> (artifact id: '75d4c8c736db4b1e178216ff6a65c891') in 0.001890583 seconds
Number of updated asset objects reloaded before import = 0Number of asset objects unloaded after import = 1

========================================================================
Received Import Request.
  Time since last request: 0.000042 seconds.
  path: Assets/Scripts/GameSystem/HumanPlayerCharacter.cs
  artifactKey: Guid(401d042531294b345b8d6e25e1e58a04) Importer(2089858483,192608db42251d675da83286b1cce702)
Start importing Assets/Scripts/GameSystem/HumanPlayerCharacter.cs using Guid(401d042531294b345b8d6e25e1e58a04) Importer(2089858483,192608db42251d675da83286b1cce702) (ScriptedImporter) -> (artifact id: 'db1660fe6292d537f648222350140895') in 0.002819292 seconds
Number of updated asset objects reloaded before import = 0Number of asset objects unloaded after import = 0

========================================================================
Received Import Request.
  Time since last request: 0.000040 seconds.
  path: Assets/Scenes/RoomScene2.unity
  artifactKey: Guid(40eec852759ef4ef48dea0268b9deaa6) Importer(2089858483,192608db42251d675da83286b1cce702)
Start importing Assets/Scenes/RoomScene2.unity using Guid(40eec852759ef4ef48dea0268b9deaa6) Importer(2089858483,192608db42251d675da83286b1cce702) (ScriptedImporter) -> (artifact id: '04d67afa9f786a90179b1dd4ad8d4961') in 0.006144625 seconds
Number of updated asset objects reloaded before import = 0Number of asset objects unloaded after import = 1

========================================================================
Received Import Request.
  Time since last request: 0.000059 seconds.
  path: Assets/Prefabs/InputField (TMP).prefab
  artifactKey: Guid(baea8b7297d6b4e4bb4ecf0ce413ce76) Importer(2089858483,192608db42251d675da83286b1cce702)
Start importing Assets/Prefabs/InputField (TMP).prefab using Guid(baea8b7297d6b4e4bb4ecf0ce413ce76) Importer(2089858483,192608db42251d675da83286b1cce702) (ScriptedImporter) -> (artifact id: '3240d8182b3eac8604393bd37f1590ca') in 0.329105792 seconds
Number of updated asset objects reloaded before import = 0Number of asset objects unloaded after import = 30

========================================================================
Received Import Request.
  Time since last request: 0.000068 seconds.
  path: Assets/Scenes/Test2.unity
  artifactKey: Guid(8cce425012f6f4145b8d0612c137741d) Importer(2089858483,192608db42251d675da83286b1cce702)
Start importing Assets/Scenes/Test2.unity using Guid(8cce425012f6f4145b8d0612c137741d) Importer(2089858483,192608db42251d675da83286b1cce702) (ScriptedImporter) -> (artifact id: '0ce5db98fba588d3ead61d00a7453f88') in 0.00584225 seconds
Number of updated asset objects reloaded before import = 0Number of asset objects unloaded after import = 1

========================================================================
Received Import Request.
  Time since last request: 0.000059 seconds.
  path: Assets/Scripts/GameSystem/NonPlayerCharacter.cs
  artifactKey: Guid(d3cced90e6438994aa3c472e9caf679f) Importer(2089858483,192608db42251d675da83286b1cce702)
Start importing Assets/Scripts/GameSystem/NonPlayerCharacter.cs using Guid(d3cced90e6438994aa3c472e9caf679f) Importer(2089858483,192608db42251d675da83286b1cce702) (ScriptedImporter) -> (artifact id: 'cfa709d7d48a88099465b76c548a0651') in 0.002720292 seconds
Number of updated asset objects reloaded before import = 0Number of asset objects unloaded after import = 0

========================================================================
Received Import Request.
  Time since last request: 0.000051 seconds.
  path: Assets/Scripts/UI/Lobby/LobbyUIPresentor.cs
  artifactKey: Guid(02c72c736a2cb47988f530f5d70ac113) Importer(2089858483,192608db42251d675da83286b1cce702)
Start importing Assets/Scripts/UI/Lobby/LobbyUIPresentor.cs using Guid(02c72c736a2cb47988f530f5d70ac113) Importer(2089858483,192608db42251d675da83286b1cce702) (ScriptedImporter) -> (artifact id: '3a02e2a75c323c8c0c62850d5d028794') in 0.002426625 seconds
Number of updated asset objects reloaded before import = 0Number of asset objects unloaded after import = 0

========================================================================
Received Import Request.
  Time since last request: 0.000063 seconds.
  path: Assets/Scripts/GameSystem/Question
  artifactKey: Guid(cc070d1d60dfd476bb0a85f7bb4a97b1) Importer(2089858483,192608db42251d675da83286b1cce702)
Start importing Assets/Scripts/GameSystem/Question using Guid(cc070d1d60dfd476bb0a85f7bb4a97b1) Importer(2089858483,192608db42251d675da83286b1cce702) (ScriptedImporter) -> (artifact id: '30918edec4cb8da10debc71e51e70786') in 0.001904917 seconds
Number of updated asset objects reloaded before import = 0Number of asset objects unloaded after import = 1

========================================================================
Received Import Request.
  Time since last request: 0.000049 seconds.
  path: Assets/Sprites/人物アイコン.png
  artifactKey: Guid(3a08005ad6cad45f2868c55493393042) Importer(2089858483,192608db42251d675da83286b1cce702)
Start importing Assets/Sprites/人物アイコン.png using Guid(3a08005ad6cad45f2868c55493393042) Importer(2089858483,192608db42251d675da83286b1cce702) (ScriptedImporter) -> (artifact id: 'a37757f828f127f082bd1a95bf04589a') in 0.012416917 seconds
Number of updated asset objects reloaded before import = 0Number of asset objects unloaded after import = 3

========================================================================
Received Import Request.
  Time since last request: 0.000054 seconds.
  path: Assets/Scripts/UI/Room/PlayerViewElement.cs
  artifactKey: Guid(830d5be51e21144c2976afa912e207a2) Importer(2089858483,192608db42251d675da83286b1cce702)
Start importing Assets/Scripts/UI/Room/PlayerViewElement.cs using Guid(830d5be51e21144c2976afa912e207a2) Importer(2089858483,192608db42251d675da83286b1cce702) (ScriptedImporter) -> (artifact id: '869a7b6c28087e754bc8f05bf50154c2') in 0.004607375 seconds
Number of updated asset objects reloaded before import = 0Number of asset objects unloaded after import = 0

========================================================================
Received Import Request.
  Time since last request: 0.000054 seconds.
  path: Assets/Scripts/UI/InGame/Body/AnswerElement.cs
  artifactKey: Guid(413d8c1e467f64f78b647e9ffefa57eb) Importer(2089858483,192608db42251d675da83286b1cce702)
Start importing Assets/Scripts/UI/InGame/Body/AnswerElement.cs using Guid(413d8c1e467f64f78b647e9ffefa57eb) Importer(2089858483,192608db42251d675da83286b1cce702) (ScriptedImporter) -> (artifact id: '91fd1619de534980dc2f148a74221537') in 0.004819834 seconds
Number of updated asset objects reloaded before import = 0Number of asset objects unloaded after import = 0

========================================================================
Received Import Request.
  Time since last request: 0.000044 seconds.
  path: Assets/Datas/Character/NerdPeople.asset
  artifactKey: Guid(2416f994e51ea492cab0d72b65c2ee63) Importer(2089858483,192608db42251d675da83286b1cce702)
Start importing Assets/Datas/Character/NerdPeople.asset using Guid(2416f994e51ea492cab0d72b65c2ee63) Importer(2089858483,192608db42251d675da83286b1cce702) (ScriptedImporter) -> (artifact id: 'd08be87af81812c11a2fe6d852c4f271') in 0.006607416 seconds
Number of updated asset objects reloaded before import = 0Number of asset objects unloaded after import = 2

========================================================================
Received Import Request.
  Time since last request: 0.000039 seconds.
  path: Assets/Prefabs/UI/PlayerViewElement_Host Variant.prefab
  artifactKey: Guid(b8a38145d7e29421496cbd1714414af2) Importer(2089858483,192608db42251d675da83286b1cce702)
Start importing Assets/Prefabs/UI/PlayerViewElement_Host Variant.prefab using Guid(b8a38145d7e29421496cbd1714414af2) Importer(2089858483,192608db42251d675da83286b1cce702) (ScriptedImporter) -> (artifact id: 'c77f01d63eadc305509871a539b39a98') in 0.265069583 seconds
Number of updated asset objects reloaded before import = 0Number of asset objects unloaded after import = 33

========================================================================
Received Import Request.
  Time since last request: 0.000075 seconds.
  path: Assets/Prefabs/AnswerElement.prefab
  artifactKey: Guid(ebb91010798fa470c9ffe3cff24f2965) Importer(2089858483,192608db42251d675da83286b1cce702)
Start importing Assets/Prefabs/AnswerElement.prefab using Guid(ebb91010798fa470c9ffe3cff24f2965) Importer(2089858483,192608db42251d675da83286b1cce702) (ScriptedImporter) -> (artifact id: '97f21cfbb216087ce8354847b67d34f7') in 0.270636708 seconds
Number of updated asset objects reloaded before import = 0Number of asset objects unloaded after import = 19

========================================================================
Received Import Request.
  Time since last request: 0.000084 seconds.
  path: Assets/Scripts/GameSystem/ResultManager.cs
  artifactKey: Guid(1707962a8a01b4f03b5da1f4f3610c5d) Importer(2089858483,192608db42251d675da83286b1cce702)
Start importing Assets/Scripts/GameSystem/ResultManager.cs using Guid(1707962a8a01b4f03b5da1f4f3610c5d) Importer(2089858483,192608db42251d675da83286b1cce702) (ScriptedImporter) -> (artifact id: '2032eef0a1aec717c8b7c6b86456c37a') in 0.002520708 seconds
Number of updated asset objects reloaded before import = 0Number of asset objects unloaded after import = 0

========================================================================
Received Import Request.
  Time since last request: 0.000464 seconds.
  path: Assets/Sprites/イラスト.png
  artifactKey: Guid(8479f352457ca4d4681c9b912acba767) Importer(2089858483,192608db42251d675da83286b1cce702)
Start importing Assets/Sprites/イラスト.png using Guid(8479f352457ca4d4681c9b912acba767) Importer(2089858483,192608db42251d675da83286b1cce702) (ScriptedImporter) -> (artifact id: 'c947e9a5c8ec175fd277bad642047a93') in 0.007791208 seconds
Number of updated asset objects reloaded before import = 0Number of asset objects unloaded after import = 3

========================================================================
Received Import Request.
  Time since last request: 0.000063 seconds.
  path: Assets/Fonts/APJapanesefont SDF.asset
  artifactKey: Guid(8f5dca6d8486f4447b2e008106b46dc1) Importer(2089858483,192608db42251d675da83286b1cce702)
Start importing Assets/Fonts/APJapanesefont SDF.asset using Guid(8f5dca6d8486f4447b2e008106b46dc1) Importer(2089858483,192608db42251d675da83286b1cce702) (ScriptedImporter) -> (artifact id: '7afd730350c3066a686dfe0f8800fc74') in 0.432344083 seconds
Number of updated asset objects reloaded before import = 0Number of asset objects unloaded after import = 3

========================================================================
Received Import Request.
  Time since last request: 0.000052 seconds.
  path: Assets/Photon/PhotonUnityNetworking/UtilityScripts/Prototyping/OnJoinedInstantiate.cs
  artifactKey: Guid(ed3b5dcba7bf9114cb13fc59e0a71f55) Importer(2089858483,192608db42251d675da83286b1cce702)
Start importing Assets/Photon/PhotonUnityNetworking/UtilityScripts/Prototyping/OnJoinedInstantiate.cs using Guid(ed3b5dcba7bf9114cb13fc59e0a71f55) Importer(2089858483,192608db42251d675da83286b1cce702) (ScriptedImporter) -> (artifact id: 'a9f09cdf5d2053fdfd70f22e6aacf1e9') in 0.002704625 seconds
Number of updated asset objects reloaded before import = 0Number of asset objects unloaded after import = 0

========================================================================
Received Import Request.
  Time since last request: 0.000028 seconds.
  path: Assets/Photon/PhotonUnityNetworking/Demos/DemoSlotRacer/Kenney Assets/Racing Kit/Models/billboardLower.fbx
  artifactKey: Guid(271d69ba92e5ec94eaa3779f0ea4ce47) Importer(2089858483,192608db42251d675da83286b1cce702)
Start importing Assets/Photon/PhotonUnityNetworking/Demos/DemoSlotRacer/Kenney Assets/Racing Kit/Models/billboardLower.fbx using Guid(271d69ba92e5ec94eaa3779f0ea4ce47) Importer(2089858483,192608db42251d675da83286b1cce702) (ScriptedImporter) -> (artifact id: 'c615a8cfb66216504f6ee47e211d8dcb') in 0.009706917 seconds
Number of updated asset objects reloaded before import = 0Number of asset objects unloaded after import = 12

========================================================================
Received Import Request.
  Time since last request: 0.000053 seconds.
  path: Assets/Photon/PhotonUnityNetworking/Demos/PunCockpit/Scripts/Autonomous UI/SendRateField.cs
  artifactKey: Guid(f6ed1c2b7c01b4b3cba625a08a991c7f) Importer(2089858483,192608db42251d675da83286b1cce702)
Start importing Assets/Photon/PhotonUnityNetworking/Demos/PunCockpit/Scripts/Autonomous UI/SendRateField.cs using Guid(f6ed1c2b7c01b4b3cba625a08a991c7f) Importer(2089858483,192608db42251d675da83286b1cce702) (ScriptedImporter) -> (artifact id: '9f0ae9504277f0bf075d9c3ccc2fb063') in 0.002550209 seconds
Number of updated asset objects reloaded before import = 0Number of asset objects unloaded after import = 0

========================================================================
Received Import Request.
  Time since last request: 0.000065 seconds.
  path: Assets/Photon/PhotonLibs/netstandard2.0/Photon3Unity3D.deps.json
  artifactKey: Guid(a966b98b651e18748abf2829786b5899) Importer(2089858483,192608db42251d675da83286b1cce702)
Start importing Assets/Photon/PhotonLibs/netstandard2.0/Photon3Unity3D.deps.json using Guid(a966b98b651e18748abf2829786b5899) Importer(2089858483,192608db42251d675da83286b1cce702) (ScriptedImporter) -> (artifact id: '43deb4cf1357a789b67463b0c641b62d') in 0.002298042 seconds
Number of updated asset objects reloaded before import = 0Number of asset objects unloaded after import = 1

========================================================================
Received Import Request.
  Time since last request: 0.000031 seconds.
  path: Assets/Photon/PhotonUnityNetworking/Demos/PunCockpit/Scripts/PropertyFields
  artifactKey: Guid(738dd6f6259233a4fb0d3e871097dacf) Importer(2089858483,192608db42251d675da83286b1cce702)
Start importing Assets/Photon/PhotonUnityNetworking/Demos/PunCockpit/Scripts/PropertyFields using Guid(738dd6f6259233a4fb0d3e871097dacf) Importer(2089858483,192608db42251d675da83286b1cce702) (ScriptedImporter) -> (artifact id: 'c3939ad08fb6da345d958d280a8624cc') in 0.001797959 seconds
Number of updated asset objects reloaded before import = 0Number of asset objects unloaded after import = 1

========================================================================
Received Import Request.
  Time since last request: 0.000061 seconds.
  path: Assets/Scripts/API
  artifactKey: Guid(b9d74801de2e84794af00a7d282ade34) Importer(2089858483,192608db42251d675da83286b1cce702)
Start importing Assets/Scripts/API using Guid(b9d74801de2e84794af00a7d282ade34) Importer(2089858483,192608db42251d675da83286b1cce702) (ScriptedImporter) -> (artifact id: '1b2a1f09c254f2a2e2aa9b47c2a640d8') in 0.001567542 seconds
Number of updated asset objects reloaded before import = 0Number of asset objects unloaded after import = 1

========================================================================
Received Import Request.
  Time since last request: 0.000037 seconds.
  path: Assets/Photon/PhotonUnityNetworking/Demos/DemoAsteroids/Textures/FlyerAsteroidEmissive.tif
  artifactKey: Guid(bfc02e2f0447eaf4190d17879193f0e2) Importer(2089858483,192608db42251d675da83286b1cce702)
Start importing Assets/Photon/PhotonUnityNetworking/Demos/DemoAsteroids/Textures/FlyerAsteroidEmissive.tif using Guid(bfc02e2f0447eaf4190d17879193f0e2) Importer(2089858483,192608db42251d675da83286b1cce702) (ScriptedImporter) -> (artifact id: '816b9701ea598ffd881debae1da9f924') in 0.006639541 seconds
Number of updated asset objects reloaded before import = 0Number of asset objects unloaded after import = 1

========================================================================
Received Import Request.
  Time since last request: 0.000037 seconds.
  path: Assets/Scripts/PlayerInfo.cs
  artifactKey: Guid(410fc719fe9f54cb6bbcf869dac27422) Importer(2089858483,192608db42251d675da83286b1cce702)
Start importing Assets/Scripts/PlayerInfo.cs using Guid(410fc719fe9f54cb6bbcf869dac27422) Importer(2089858483,192608db42251d675da83286b1cce702) (ScriptedImporter) -> (artifact id: '1323479d148204750f9596dbc09e291f') in 0.002272709 seconds
Number of updated asset objects reloaded before import = 0Number of asset objects unloaded after import = 0

========================================================================
Received Import Request.
  Time since last request: 0.000043 seconds.
  path: Assets/Photon/PhotonChat/Code/IChatClientListener.cs
  artifactKey: Guid(bab7c8053b486e34aa0d4ca99dcbec80) Importer(2089858483,192608db42251d675da83286b1cce702)
Start importing Assets/Photon/PhotonChat/Code/IChatClientListener.cs using Guid(bab7c8053b486e34aa0d4ca99dcbec80) Importer(2089858483,192608db42251d675da83286b1cce702) (ScriptedImporter) -> (artifact id: '55f463b013de0240d19344ffa329aae1') in 0.004790959 seconds
Number of updated asset objects reloaded before import = 0Number of asset objects unloaded after import = 0

========================================================================
Received Import Request.
  Time since last request: 0.000057 seconds.
  path: Assets/Prefabs/PhotonLauncher.prefab
  artifactKey: Guid(40be52191c5736e409fbee947b069ac5) Importer(2089858483,192608db42251d675da83286b1cce702)
Start importing Assets/Prefabs/PhotonLauncher.prefab using Guid(40be52191c5736e409fbee947b069ac5) Importer(2089858483,192608db42251d675da83286b1cce702) (ScriptedImporter) -> (artifact id: 'f48d85814377b3d2371c3380cdfe47b2') in 0.009076917 seconds
Number of updated asset objects reloaded before import = 0Number of asset objects unloaded after import = 6

========================================================================
Received Import Request.
  Time since last request: 0.000053 seconds.
  path: Assets/Photon/PhotonUnityNetworking/UtilityScripts/PhotonPlayer/Editor
  artifactKey: Guid(f1d46a1c486645945a3667d8bbe2d2e7) Importer(2089858483,192608db42251d675da83286b1cce702)
Start importing Assets/Photon/PhotonUnityNetworking/UtilityScripts/PhotonPlayer/Editor using Guid(f1d46a1c486645945a3667d8bbe2d2e7) Importer(2089858483,192608db42251d675da83286b1cce702) (ScriptedImporter) -> (artifact id: 'c4a13126b3894419873af7f77fa8e0f7') in 0.001834542 seconds
Number of updated asset objects reloaded before import = 0Number of asset objects unloaded after import = 1

========================================================================
Received Import Request.
  Time since last request: 0.000059 seconds.
  path: Assets/Photon/PhotonUnityNetworking/UtilityScripts/UI/TabViewManager.cs
  artifactKey: Guid(c94485733838d40fda441b2c0fbbec10) Importer(2089858483,192608db42251d675da83286b1cce702)
Start importing Assets/Photon/PhotonUnityNetworking/UtilityScripts/UI/TabViewManager.cs using Guid(c94485733838d40fda441b2c0fbbec10) Importer(2089858483,192608db42251d675da83286b1cce702) (ScriptedImporter) -> (artifact id: 'a5c194f43035cb14719e70ea89260e4d') in 0.002628208 seconds
Number of updated asset objects reloaded before import = 0Number of asset objects unloaded after import = 0

========================================================================
Received Import Request.
  Time since last request: 0.000037 seconds.
  path: Assets/Photon/PhotonUnityNetworking/Demos/DemoSlotRacer/Kenney Assets/Stylized city/Materials/roof.mat
  artifactKey: Guid(ede00b712b6fb134282e1efba44fefd8) Importer(2089858483,192608db42251d675da83286b1cce702)
Start importing Assets/Photon/PhotonUnityNetworking/Demos/DemoSlotRacer/Kenney Assets/Stylized city/Materials/roof.mat using Guid(ede00b712b6fb134282e1efba44fefd8) Importer(2089858483,192608db42251d675da83286b1cce702) (ScriptedImporter) -> (artifact id: '974a9c73b1eb64ec0b7108a9e36f480b') in 0.00314875 seconds
Number of updated asset objects reloaded before import = 0Number of asset objects unloaded after import = 1

========================================================================
Received Import Request.
  Time since last request: 0.000048 seconds.
  path: Assets/Prefabs/Button.prefab
  artifactKey: Guid(b0b2ca86034034556a4759a4697acf88) Importer(2089858483,192608db42251d675da83286b1cce702)
Start importing Assets/Prefabs/Button.prefab using Guid(b0b2ca86034034556a4759a4697acf88) Importer(2089858483,192608db42251d675da83286b1cce702) (ScriptedImporter) -> (artifact id: '677bba75c3b4080bf37c89b5317842b4') in 0.0315935 seconds
Number of updated asset objects reloaded before import = 0Number of asset objects unloaded after import = 21

========================================================================
Received Import Request.
  Time since last request: 0.000056 seconds.
  path: Assets/Scripts/GameSystem/Vote.cs
  artifactKey: Guid(016e0bec57af24f2c9f232125fd5b5dc) Importer(2089858483,192608db42251d675da83286b1cce702)
Start importing Assets/Scripts/GameSystem/Vote.cs using Guid(016e0bec57af24f2c9f232125fd5b5dc) Importer(2089858483,192608db42251d675da83286b1cce702) (ScriptedImporter) -> (artifact id: 'b2f994b162ce5b301c2867a348ee9ba6') in 0.002724041 seconds
Number of updated asset objects reloaded before import = 0Number of asset objects unloaded after import = 0

========================================================================
Received Import Request.
  Time since last request: 0.000044 seconds.
  path: Assets/New Folder
  artifactKey: Guid(f8a6c23690a4d4e319f5755678037d86) Importer(2089858483,192608db42251d675da83286b1cce702)
Start importing Assets/New Folder using Guid(f8a6c23690a4d4e319f5755678037d86) Importer(2089858483,192608db42251d675da83286b1cce702) (ScriptedImporter) -> (artifact id: '538b9c0a1bb0cefad52b13058883e141') in 0.001778167 seconds
Number of updated asset objects reloaded before import = 0Number of asset objects unloaded after import = 1

========================================================================
Received Import Request.
  Time since last request: 0.000038 seconds.
  path: Assets/Photon/PhotonUnityNetworking/Demos/PunCockpit/Scripts/ReadOnlyProperties/PropertyListenerBase.cs
  artifactKey: Guid(4be7d208de29c469d8cc6e686be2329c) Importer(2089858483,192608db42251d675da83286b1cce702)
Start importing Assets/Photon/PhotonUnityNetworking/Demos/PunCockpit/Scripts/ReadOnlyProperties/PropertyListenerBase.cs using Guid(4be7d208de29c469d8cc6e686be2329c) Importer(2089858483,192608db42251d675da83286b1cce702) (ScriptedImporter) -> (artifact id: '63dadafd48b8446d77135acba0531722') in 0.002551958 seconds
Number of updated asset objects reloaded before import = 0Number of asset objects unloaded after import = 0

========================================================================
Received Import Request.
  Time since last request: 0.000037 seconds.
  path: Assets/Photon/PhotonUnityNetworking/Demos/Shared Assets/Skin/DropDown Arrow.png
  artifactKey: Guid(936345f7fc3934efa8119a8700d904c7) Importer(2089858483,192608db42251d675da83286b1cce702)
Start importing Assets/Photon/PhotonUnityNetworking/Demos/Shared Assets/Skin/DropDown Arrow.png using Guid(936345f7fc3934efa8119a8700d904c7) Importer(2089858483,192608db42251d675da83286b1cce702) (ScriptedImporter) -> (artifact id: 'd6733c065c9429907e86f5defcf7468a') in 0.010604 seconds
Number of updated asset objects reloaded before import = 0Number of asset objects unloaded after import = 3

========================================================================
Received Import Request.
  Time since last request: 0.000061 seconds.
  path: Assets/Scenes/TitleScene.unity
  artifactKey: Guid(a5ef0139969054b489c2d643a66e9ddc) Importer(2089858483,192608db42251d675da83286b1cce702)
Start importing Assets/Scenes/TitleScene.unity using Guid(a5ef0139969054b489c2d643a66e9ddc) Importer(2089858483,192608db42251d675da83286b1cce702) (ScriptedImporter) -> (artifact id: '44bca1ca85695289c3f0316044272349') in 0.004937042 seconds
Number of updated asset objects reloaded before import = 0Number of asset objects unloaded after import = 1

========================================================================
Received Import Request.
  Time since last request: 0.000055 seconds.
  path: Assets/Photon/PhotonUnityNetworking/Code/Editor/Views/PhotonRigidbodyViewEditor.cs
  artifactKey: Guid(4bcfebc9a2f1074488adedd1fe84e6c9) Importer(2089858483,192608db42251d675da83286b1cce702)
Start importing Assets/Photon/PhotonUnityNetworking/Code/Editor/Views/PhotonRigidbodyViewEditor.cs using Guid(4bcfebc9a2f1074488adedd1fe84e6c9) Importer(2089858483,192608db42251d675da83286b1cce702) (ScriptedImporter) -> (artifact id: '10d446b24e4dc90dc3f2d6cfbf127d0e') in 0.002791292 seconds
Number of updated asset objects reloaded before import = 0Number of asset objects unloaded after import = 0

========================================================================
Received Import Request.
  Time since last request: 0.000059 seconds.
  path: Assets/Photon/PhotonUnityNetworking/Code/Editor/PunSceneSettingsFile.asset
  artifactKey: Guid(d0aacb83307022d449e90a09d28222ae) Importer(2089858483,192608db42251d675da83286b1cce702)
Start importing Assets/Photon/PhotonUnityNetworking/Code/Editor/PunSceneSettingsFile.asset using Guid(d0aacb83307022d449e90a09d28222ae) Importer(2089858483,192608db42251d675da83286b1cce702) (ScriptedImporter) -> (artifact id: 'fe376c5f4ea93bb67eb28c272579a982') in 0.003451167 seconds
Number of updated asset objects reloaded before import = 0Number of asset objects unloaded after import = 1

========================================================================
Received Import Request.
  Time since last request: 0.000056 seconds.
  path: Assets/Photon/PhotonUnityNetworking/Demos/PunBasics-Tutorial/Scripts/PlayerNameInputField.cs
  artifactKey: Guid(c22ee30e9b2b34fe38b62e48c7d79dfa) Importer(2089858483,192608db42251d675da83286b1cce702)
Start importing Assets/Photon/PhotonUnityNetworking/Demos/PunBasics-Tutorial/Scripts/PlayerNameInputField.cs using Guid(c22ee30e9b2b34fe38b62e48c7d79dfa) Importer(2089858483,192608db42251d675da83286b1cce702) (ScriptedImporter) -> (artifact id: 'c8400c3f070c3a1f2d9eb254e0187225') in 0.0025865 seconds
Number of updated asset objects reloaded before import = 0Number of asset objects unloaded after import = 0

========================================================================
Received Import Request.
  Time since last request: 0.000040 seconds.
  path: Assets/Scenes/LobbyScene2.unity
  artifactKey: Guid(204bfb3e998644d05a58a9f56e2310ea) Importer(2089858483,192608db42251d675da83286b1cce702)
Start importing Assets/Scenes/LobbyScene2.unity using Guid(204bfb3e998644d05a58a9f56e2310ea) Importer(2089858483,192608db42251d675da83286b1cce702) (ScriptedImporter) -> (artifact id: '6b6b57f854dba94af892654fdc5fb043') in 0.006907375 seconds
Number of updated asset objects reloaded before import = 0Number of asset objects unloaded after import = 1

========================================================================
Received Import Request.
  Time since last request: 0.000057 seconds.
  path: Assets/Datas/Character/Gal.asset
  artifactKey: Guid(bf5e3cd21e39a482cac171761873dde3) Importer(2089858483,192608db42251d675da83286b1cce702)
Start importing Assets/Datas/Character/Gal.asset using Guid(bf5e3cd21e39a482cac171761873dde3) Importer(2089858483,192608db42251d675da83286b1cce702) (ScriptedImporter) -> (artifact id: '93c38d7065b1fa08dcf4203ce170affe') in 0.003566333 seconds
Number of updated asset objects reloaded before import = 0Number of asset objects unloaded after import = 2

========================================================================
Received Import Request.
  Time since last request: 0.000043 seconds.
  path: Assets/Photon/PhotonUnityNetworking/Demos/DemoHub/Scripts/ToDemoHubButton.cs
  artifactKey: Guid(f877c2f2d403a4d4f975fb1fd64fe7e8) Importer(2089858483,192608db42251d675da83286b1cce702)
Start importing Assets/Photon/PhotonUnityNetworking/Demos/DemoHub/Scripts/ToDemoHubButton.cs using Guid(f877c2f2d403a4d4f975fb1fd64fe7e8) Importer(2089858483,192608db42251d675da83286b1cce702) (ScriptedImporter) -> (artifact id: '8794a4c0daadf61614f70696a3473fa6') in 0.002496958 seconds
Number of updated asset objects reloaded before import = 0Number of asset objects unloaded after import = 0

========================================================================
Received Import Request.
  Time since last request: 0.000034 seconds.
  path: Assets/Photon/PhotonUnityNetworking/Demos/Shared Assets/Textures/UnitTextureBlue.png
  artifactKey: Guid(bf44fd0b5bb0c4142b16ba9db02789fc) Importer(2089858483,192608db42251d675da83286b1cce702)
Start importing Assets/Photon/PhotonUnityNetworking/Demos/Shared Assets/Textures/UnitTextureBlue.png using Guid(bf44fd0b5bb0c4142b16ba9db02789fc) Importer(2089858483,192608db42251d675da83286b1cce702) (ScriptedImporter) -> (artifact id: 'a14fcca195fb34bb1629b8a9979ff495') in 0.007017083 seconds
Number of updated asset objects reloaded before import = 0Number of asset objects unloaded after import = 1

========================================================================
Received Import Request.
  Time since last request: 0.000053 seconds.
  path: Assets/Photon/PhotonUnityNetworking/Demos/WebRpcImplementationExample.cs
  artifactKey: Guid(e5c26fb35dbf64c4eb0d1f24f1a853e9) Importer(2089858483,192608db42251d675da83286b1cce702)
Start importing Assets/Photon/PhotonUnityNetworking/Demos/WebRpcImplementationExample.cs using Guid(e5c26fb35dbf64c4eb0d1f24f1a853e9) Importer(2089858483,192608db42251d675da83286b1cce702) (ScriptedImporter) -> (artifact id: '222c346415f6cbb5f44e0ca187fd33de') in 0.002636791 seconds
Number of updated asset objects reloaded before import = 0Number of asset objects unloaded after import = 0

========================================================================
Received Import Request.
  Time since last request: 0.000038 seconds.
  path: Assets/Photon/PhotonRealtime
  artifactKey: Guid(b54c221855bde4a4ba511877e7b6b904) Importer(2089858483,192608db42251d675da83286b1cce702)
Start importing Assets/Photon/PhotonRealtime using Guid(b54c221855bde4a4ba511877e7b6b904) Importer(2089858483,192608db42251d675da83286b1cce702) (ScriptedImporter) -> (artifact id: '547dc085e8700f32745a1d79074ff428') in 0.001887958 seconds
Number of updated asset objects reloaded before import = 0Number of asset objects unloaded after import = 1

========================================================================
Received Import Request.
  Time since last request: 0.000053 seconds.
  path: Assets/Photon/PhotonLibs/Photon3Unity3D.pdb
  artifactKey: Guid(93859f4db66a6aa4183dbad399a56e24) Importer(2089858483,192608db42251d675da83286b1cce702)
Start importing Assets/Photon/PhotonLibs/Photon3Unity3D.pdb using Guid(93859f4db66a6aa4183dbad399a56e24) Importer(2089858483,192608db42251d675da83286b1cce702) (ScriptedImporter) -> (artifact id: '1b0862fe7f65ec54e3459c009b63f41d') in 0.002629417 seconds
Number of updated asset objects reloaded before import = 0Number of asset objects unloaded after import = 1

========================================================================
Received Import Request.
  Time since last request: 0.000062 seconds.
  path: Assets/Photon/PhotonUnityNetworking/UtilityScripts/PhotonPlayer/PhotonTeamsManager.cs
  artifactKey: Guid(8701526de72d8774fa165e66daf050ed) Importer(2089858483,192608db42251d675da83286b1cce702)
Start importing Assets/Photon/PhotonUnityNetworking/UtilityScripts/PhotonPlayer/PhotonTeamsManager.cs using Guid(8701526de72d8774fa165e66daf050ed) Importer(2089858483,192608db42251d675da83286b1cce702) (ScriptedImporter) -> (artifact id: 'c81af95ba237b6d4e84d04ade9514d41') in 0.002763208 seconds
Number of updated asset objects reloaded before import = 0Number of asset objects unloaded after import = 0

========================================================================
Received Import Request.
  Time since last request: 0.000065 seconds.
  path: Assets/Photon/PhotonUnityNetworking/Demos/PunCockpit/Forms
  artifactKey: Guid(8206eb39e85921d48879ad858b40a7ee) Importer(2089858483,192608db42251d675da83286b1cce702)
Start importing Assets/Photon/PhotonUnityNetworking/Demos/PunCockpit/Forms using Guid(8206eb39e85921d48879ad858b40a7ee) Importer(2089858483,192608db42251d675da83286b1cce702) (ScriptedImporter) -> (artifact id: '1d2dd8d6add67a66a49dc9b79d6b96ba') in 0.001904541 seconds
Number of updated asset objects reloaded before import = 0Number of asset objects unloaded after import = 1

========================================================================
Received Import Request.
  Time since last request: 0.000054 seconds.
  path: Assets/Photon/PhotonUnityNetworking/UtilityScripts/PhotonPlayer/Editor/PhotonTeamsManagerInspector.cs
  artifactKey: Guid(8cb74f08e3fc52942a0d8557772bf4dc) Importer(2089858483,192608db42251d675da83286b1cce702)
Start importing Assets/Photon/PhotonUnityNetworking/UtilityScripts/PhotonPlayer/Editor/PhotonTeamsManagerInspector.cs using Guid(8cb74f08e3fc52942a0d8557772bf4dc) Importer(2089858483,192608db42251d675da83286b1cce702) (ScriptedImporter) -> (artifact id: 'cfdfcd6ab9d9e1d11ddf1040adc31b00') in 0.002662041 seconds
Number of updated asset objects reloaded before import = 0Number of asset objects unloaded after import = 0

========================================================================
Received Import Request.
  Time since last request: 0.000047 seconds.
  path: Assets/Photon/PhotonUnityNetworking/Demos/PunCockpit/Scripts/Autonomous UI/BackgroundTimeOutField.cs
  artifactKey: Guid(44aff3084c8664497aa6048e66e71a7c) Importer(2089858483,192608db42251d675da83286b1cce702)
Start importing Assets/Photon/PhotonUnityNetworking/Demos/PunCockpit/Scripts/Autonomous UI/BackgroundTimeOutField.cs using Guid(44aff3084c8664497aa6048e66e71a7c) Importer(2089858483,192608db42251d675da83286b1cce702) (ScriptedImporter) -> (artifact id: '4d5547f4ca54342fee1037b0a0bf977d') in 0.005500417 seconds
Number of updated asset objects reloaded before import = 0Number of asset objects unloaded after import = 0

========================================================================
Received Import Request.
  Time since last request: 0.000061 seconds.
  path: Assets/Photon/PhotonUnityNetworking/Demos/PunBasics-Tutorial/Scenes/PunBasics-Room for 1.unity
  artifactKey: Guid(9b8561c6e396849a5ba48c3eb9524049) Importer(2089858483,192608db42251d675da83286b1cce702)
Start importing Assets/Photon/PhotonUnityNetworking/Demos/PunBasics-Tutorial/Scenes/PunBasics-Room for 1.unity using Guid(9b8561c6e396849a5ba48c3eb9524049) Importer(2089858483,192608db42251d675da83286b1cce702) (ScriptedImporter) -> (artifact id: 'd5dc8ed18d7019db60b1d257b99a09eb') in 0.003914333 seconds
Number of updated asset objects reloaded before import = 0Number of asset objects unloaded after import = 1

========================================================================
Received Import Request.
  Time since last request: 0.000062 seconds.
  path: Assets/Photon/PhotonUnityNetworking/Demos/DemoSlotRacer/Scripts/BezierCurve/BezierCurve.cs
  artifactKey: Guid(b7b6b4e22427e4efbb847bd026324e59) Importer(2089858483,192608db42251d675da83286b1cce702)
Start importing Assets/Photon/PhotonUnityNetworking/Demos/DemoSlotRacer/Scripts/BezierCurve/BezierCurve.cs using Guid(b7b6b4e22427e4efbb847bd026324e59) Importer(2089858483,192608db42251d675da83286b1cce702) (ScriptedImporter) -> (artifact id: '51d494a31ef38a531bd5499dc3ba529a') in 0.002638166 seconds
Number of updated asset objects reloaded before import = 0Number of asset objects unloaded after import = 0

========================================================================
Received Import Request.
  Time since last request: 0.000061 seconds.
  path: Assets/Photon/PhotonLibs/Metro
  artifactKey: Guid(887ac71c799552346b6cf7654fb699cb) Importer(2089858483,192608db42251d675da83286b1cce702)
Start importing Assets/Photon/PhotonLibs/Metro using Guid(887ac71c799552346b6cf7654fb699cb) Importer(2089858483,192608db42251d675da83286b1cce702) (ScriptedImporter) -> (artifact id: '8dd529836b799b8bacd18cf6954386b1') in 0.001608709 seconds
Number of updated asset objects reloaded before import = 0Number of asset objects unloaded after import = 1

========================================================================
Received Import Request.
  Time since last request: 0.000061 seconds.
  path: Assets/Scripts/Nakanishi
  artifactKey: Guid(e25fd0f83ee9a47dea1b2b7ffbe98ed8) Importer(2089858483,192608db42251d675da83286b1cce702)
Start importing Assets/Scripts/Nakanishi using Guid(e25fd0f83ee9a47dea1b2b7ffbe98ed8) Importer(2089858483,192608db42251d675da83286b1cce702) (ScriptedImporter) -> (artifact id: '8280a5a74b8b4063b6f36b891ed260c7') in 0.001556083 seconds
Number of updated asset objects reloaded before import = 0Number of asset objects unloaded after import = 1

========================================================================
Received Import Request.
  Time since last request: 0.000060 seconds.
  path: Assets/Resources
  artifactKey: Guid(4e6489fcc6eb5d2449bfcc54ca507819) Importer(2089858483,192608db42251d675da83286b1cce702)
Start importing Assets/Resources using Guid(4e6489fcc6eb5d2449bfcc54ca507819) Importer(2089858483,192608db42251d675da83286b1cce702) (ScriptedImporter) -> (artifact id: 'eaa3d89d499ff381d173f56f1ffbfdb9') in 0.001654291 seconds
Number of updated asset objects reloaded before import = 0Number of asset objects unloaded after import = 1

========================================================================
Received Import Request.
  Time since last request: 0.000043 seconds.
  path: Assets/Photon/PhotonUnityNetworking/Code/PhotonStreamQueue.cs
  artifactKey: Guid(006991e32d9020c4d896f161318a2bc0) Importer(2089858483,192608db42251d675da83286b1cce702)
Start importing Assets/Photon/PhotonUnityNetworking/Code/PhotonStreamQueue.cs using Guid(006991e32d9020c4d896f161318a2bc0) Importer(2089858483,192608db42251d675da83286b1cce702) (ScriptedImporter) -> (artifact id: '64379160c3e4dc7e3bea21d18585b161') in 0.002499 seconds
Number of updated asset objects reloaded before import = 0Number of asset objects unloaded after import = 0

========================================================================
Received Import Request.
  Time since last request: 0.000054 seconds.
  path: Assets/Scripts/Managers/GameFlowController.cs
  artifactKey: Guid(fca4fe160fc454f28975498beb6d1e12) Importer(2089858483,192608db42251d675da83286b1cce702)
Start importing Assets/Scripts/Managers/GameFlowController.cs using Guid(fca4fe160fc454f28975498beb6d1e12) Importer(2089858483,192608db42251d675da83286b1cce702) (ScriptedImporter) -> (artifact id: '0a02e2b03c02322e991c0a20cce3dd5a') in 0.002603541 seconds
Number of updated asset objects reloaded before import = 0Number of asset objects unloaded after import = 0

========================================================================
Received Import Request.
  Time since last request: 0.000046 seconds.
  path: Assets/Photon/PhotonUnityNetworking/Demos/DemoSlotRacer
  artifactKey: Guid(f596cf04a966f2c4f99e675fea04c8a0) Importer(2089858483,192608db42251d675da83286b1cce702)
Start importing Assets/Photon/PhotonUnityNetworking/Demos/DemoSlotRacer using Guid(f596cf04a966f2c4f99e675fea04c8a0) Importer(2089858483,192608db42251d675da83286b1cce702) (ScriptedImporter) -> (artifact id: 'ad7a945ad4e9212d8b576603575f7cad') in 0.001856042 seconds
Number of updated asset objects reloaded before import = 0Number of asset objects unloaded after import = 1

========================================================================
Received Import Request.
  Time since last request: 0.000036 seconds.
  path: Assets/Photon/PhotonUnityNetworking/Demos/PunCockpit/Scripts/ReadOnlyProperties/CurrentRoomIsOpenProperty.cs
  artifactKey: Guid(616aae5178f614b47911b3ada06ac650) Importer(2089858483,192608db42251d675da83286b1cce702)
Start importing Assets/Photon/PhotonUnityNetworking/Demos/PunCockpit/Scripts/ReadOnlyProperties/CurrentRoomIsOpenProperty.cs using Guid(616aae5178f614b47911b3ada06ac650) Importer(2089858483,192608db42251d675da83286b1cce702) (ScriptedImporter) -> (artifact id: '71bf827f3e7bf7d57ed0c04d910ab82f') in 0.002997583 seconds
Number of updated asset objects reloaded before import = 0Number of asset objects unloaded after import = 0

========================================================================
Received Import Request.
  Time since last request: 0.000057 seconds.
  path: Assets/Photon/PhotonUnityNetworking/Demos/DemoProcedural/Scripts/ProceduralController.cs
  artifactKey: Guid(11937abc60ef5bc4796d4b3a3d273f83) Importer(2089858483,192608db42251d675da83286b1cce702)
Start importing Assets/Photon/PhotonUnityNetworking/Demos/DemoProcedural/Scripts/ProceduralController.cs using Guid(11937abc60ef5bc4796d4b3a3d273f83) Importer(2089858483,192608db42251d675da83286b1cce702) (ScriptedImporter) -> (artifact id: '57f0afc35cb0f72f8527916f30bac7b2') in 0.002906 seconds
Number of updated asset objects reloaded before import = 0Number of asset objects unloaded after import = 0

========================================================================
Received Import Request.
  Time since last request: 0.000048 seconds.
  path: Assets/Photon/PhotonUnityNetworking/Demos/PunCockpit/Scripts/Lists/PlayerListView.cs
  artifactKey: Guid(e9df448c4ba9a4d4cb5a369b4692ceb2) Importer(2089858483,192608db42251d675da83286b1cce702)
Start importing Assets/Photon/PhotonUnityNetworking/Demos/PunCockpit/Scripts/Lists/PlayerListView.cs using Guid(e9df448c4ba9a4d4cb5a369b4692ceb2) Importer(2089858483,192608db42251d675da83286b1cce702) (ScriptedImporter) -> (artifact id: 'eb7be198d571622303c40ee2846cdd3a') in 0.002649666 seconds
Number of updated asset objects reloaded before import = 0Number of asset objects unloaded after import = 0

========================================================================
Received Import Request.
  Time since last request: 0.000044 seconds.
  path: Assets/Scripts/UI/InGame
  artifactKey: Guid(9281e4c1d9a3e434d97fbf38f5b42f94) Importer(2089858483,192608db42251d675da83286b1cce702)
Start importing Assets/Scripts/UI/InGame using Guid(9281e4c1d9a3e434d97fbf38f5b42f94) Importer(2089858483,192608db42251d675da83286b1cce702) (ScriptedImporter) -> (artifact id: '68226486ca1f96d6c1e4603adb32a0a2') in 0.001630916 seconds
Number of updated asset objects reloaded before import = 0Number of asset objects unloaded after import = 1

========================================================================
Received Import Request.
  Time since last request: 0.000046 seconds.
  path: Assets/Scripts/Managers
  artifactKey: Guid(1ca6a86559d113b418efafc16d47e027) Importer(2089858483,192608db42251d675da83286b1cce702)
Start importing Assets/Scripts/Managers using Guid(1ca6a86559d113b418efafc16d47e027) Importer(2089858483,192608db42251d675da83286b1cce702) (ScriptedImporter) -> (artifact id: '4ab5a0c494eddc168875538ff6ad9292') in 0.001590833 seconds
Number of updated asset objects reloaded before import = 0Number of asset objects unloaded after import = 1

========================================================================
Received Import Request.
  Time since last request: 0.000064 seconds.
  path: Assets/Scripts/UI/Lobby/RoomTableManager.cs
  artifactKey: Guid(67adde3a978754de487ba2e632ea6a50) Importer(2089858483,192608db42251d675da83286b1cce702)
Start importing Assets/Scripts/UI/Lobby/RoomTableManager.cs using Guid(67adde3a978754de487ba2e632ea6a50) Importer(2089858483,192608db42251d675da83286b1cce702) (ScriptedImporter) -> (artifact id: '2792f09f4fd85d17b4bf2c992fe15ddb') in 0.002397709 seconds
Number of updated asset objects reloaded before import = 0Number of asset objects unloaded after import = 0

========================================================================
Received Import Request.
  Time since last request: 0.000040 seconds.
  path: Assets/Photon/PhotonUnityNetworking/Demos/DemoSlotRacer/Kenney Assets/Racing Kit/Models/Materials/bark.mat
  artifactKey: Guid(5b3826dd21e1d2b4a947c774023d1db3) Importer(2089858483,192608db42251d675da83286b1cce702)
Start importing Assets/Photon/PhotonUnityNetworking/Demos/DemoSlotRacer/Kenney Assets/Racing Kit/Models/Materials/bark.mat using Guid(5b3826dd21e1d2b4a947c774023d1db3) Importer(2089858483,192608db42251d675da83286b1cce702) (ScriptedImporter) -> (artifact id: '47730025e3947ea9e092c2b7b6a3293d') in 0.00302975 seconds
Number of updated asset objects reloaded before import = 0Number of asset objects unloaded after import = 1

========================================================================
Received Import Request.
  Time since last request: 0.000062 seconds.
  path: Assets/Photon/PhotonUnityNetworking/Demos/DemoSlotRacer/Kenney Assets/Stylized city/Models
  artifactKey: Guid(b61dc31d0efd4334fb27e47ed08e6851) Importer(2089858483,192608db42251d675da83286b1cce702)
Start importing Assets/Photon/PhotonUnityNetworking/Demos/DemoSlotRacer/Kenney Assets/Stylized city/Models using Guid(b61dc31d0efd4334fb27e47ed08e6851) Importer(2089858483,192608db42251d675da83286b1cce702) (ScriptedImporter) -> (artifact id: 'a58d542eb45341b623f41e40f1a7630c') in 0.001683416 seconds
Number of updated asset objects reloaded before import = 0Number of asset objects unloaded after import = 1

========================================================================
Received Import Request.
  Time since last request: 2.088380 seconds.
  path: Assets/Scripts/Managers/CharacterDataList.cs
  artifactKey: Guid(fce9c82840a864941ab5449eeb1d71a3) Importer(2089858483,192608db42251d675da83286b1cce702)
Start importing Assets/Scripts/Managers/CharacterDataList.cs using Guid(fce9c82840a864941ab5449eeb1d71a3) Importer(2089858483,192608db42251d675da83286b1cce702) (ScriptedImporter) -> (artifact id: '8afbeb6790002a7945e0be623189a7d2') in 0.002620875 seconds
Number of updated asset objects reloaded before import = 0Number of asset objects unloaded after import = 0

========================================================================
Received Import Request.
  Time since last request: 0.000047 seconds.
  path: Assets/Prefabs/Sound/BGMManager.prefab
  artifactKey: Guid(637259ec47001554cbfb9eb163e08311) Importer(2089858483,192608db42251d675da83286b1cce702)
Start importing Assets/Prefabs/Sound/BGMManager.prefab using Guid(637259ec47001554cbfb9eb163e08311) Importer(2089858483,192608db42251d675da83286b1cce702) (ScriptedImporter) -> (artifact id: '62b1e54817cf3a5fb2a37dd682fdc344') in 0.01351 seconds
Number of updated asset objects reloaded before import = 0Number of asset objects unloaded after import = 11

========================================================================
Received Import Request.
  Time since last request: 0.000056 seconds.
  path: Assets/Scripts/Sound/AudioManager.cs
  artifactKey: Guid(5b617651b51bdb24cb9f8e91144b2a80) Importer(2089858483,192608db42251d675da83286b1cce702)
Start importing Assets/Scripts/Sound/AudioManager.cs using Guid(5b617651b51bdb24cb9f8e91144b2a80) Importer(2089858483,192608db42251d675da83286b1cce702) (ScriptedImporter) -> (artifact id: 'c55200df422ac15dd44405f01a4027b1') in 0.002648416 seconds
Number of updated asset objects reloaded before import = 0Number of asset objects unloaded after import = 0

========================================================================
Received Import Request.
  Time since last request: 0.000051 seconds.
  path: Assets/Sprites/kureyon 1.png
  artifactKey: Guid(dce7fb9828644472cb59bcddfc191c14) Importer(2089858483,192608db42251d675da83286b1cce702)
Start importing Assets/Sprites/kureyon 1.png using Guid(dce7fb9828644472cb59bcddfc191c14) Importer(2089858483,192608db42251d675da83286b1cce702) (ScriptedImporter) -> (artifact id: '48b77157be39bf2ea6bbafea6045d759') in 0.009653667 seconds
Number of updated asset objects reloaded before import = 0Number of asset objects unloaded after import = 1

========================================================================
Received Import Request.
  Time since last request: 0.000053 seconds.
  path: Assets/Scripts/UI/Title/Particle System.prefab
  artifactKey: Guid(3a49bc2124953574d918602e6e7c7f82) Importer(2089858483,192608db42251d675da83286b1cce702)
Start importing Assets/Scripts/UI/Title/Particle System.prefab using Guid(3a49bc2124953574d918602e6e7c7f82) Importer(2089858483,192608db42251d675da83286b1cce702) (ScriptedImporter) -> (artifact id: '84aed65ca94ee0c97ad3f954844a6d9c') in 0.080865709 seconds
Number of updated asset objects reloaded before import = 0Number of asset objects unloaded after import = 6

========================================================================
Received Import Request.
  Time since last request: 0.000055 seconds.
  path: Assets/Prefabs/UI/AnswerElement.prefab
  artifactKey: Guid(f76ca59cb082241188dea5923d3361ee) Importer(2089858483,192608db42251d675da83286b1cce702)
Start importing Assets/Prefabs/UI/AnswerElement.prefab using Guid(f76ca59cb082241188dea5923d3361ee) Importer(2089858483,192608db42251d675da83286b1cce702) (ScriptedImporter) -> (artifact id: '512671ff39a4c43161a36b799c4665ae') in 0.261875708 seconds
Number of updated asset objects reloaded before import = 0Number of asset objects unloaded after import = 53

========================================================================
Received Import Request.
  Time since last request: 0.000051 seconds.
  path: Assets/Fonts/mitimasu SDF.asset
  artifactKey: Guid(998173a2d13f560458a3099b1034caee) Importer(2089858483,192608db42251d675da83286b1cce702)
Start importing Assets/Fonts/mitimasu SDF.asset using Guid(998173a2d13f560458a3099b1034caee) Importer(2089858483,192608db42251d675da83286b1cce702) (ScriptedImporter) -> (artifact id: '818466acf1a3d576a7fbf619a73f5017') in 0.419570708 seconds
Number of updated asset objects reloaded before import = 0Number of asset objects unloaded after import = 3

========================================================================
Received Import Request.
  Time since last request: 0.000047 seconds.
  path: Assets/Scripts/Sound/maou_se_chime14.mp3
  artifactKey: Guid(4084af5acc4be51479cf27cfa980be95) Importer(2089858483,192608db42251d675da83286b1cce702)
Start importing Assets/Scripts/Sound/maou_se_chime14.mp3 using Guid(4084af5acc4be51479cf27cfa980be95) Importer(2089858483,192608db42251d675da83286b1cce702) (ScriptedImporter) -> (artifact id: '1546d64634bfede24c4a5f2c4793d51e') in 0.027027666 seconds
Number of updated asset objects reloaded before import = 0Number of asset objects unloaded after import = 1

========================================================================
Received Import Request.
  Time since last request: 0.000070 seconds.
  path: Assets/Scripts/Sound
  artifactKey: Guid(42bc6ba68a295f648a86726c06c18a2b) Importer(2089858483,192608db42251d675da83286b1cce702)
Start importing Assets/Scripts/Sound using Guid(42bc6ba68a295f648a86726c06c18a2b) Importer(2089858483,192608db42251d675da83286b1cce702) (ScriptedImporter) -> (artifact id: '75ea84db386ba081daa0f1363e6932d1') in 0.0022405 seconds
Number of updated asset objects reloaded before import = 0Number of asset objects unloaded after import = 1

========================================================================
Received Import Request.
  Time since last request: 0.000058 seconds.
  path: Assets/Sprites/inputzone.png
  artifactKey: Guid(3c6c28dae75eb4e91b16c216562998a4) Importer(2089858483,192608db42251d675da83286b1cce702)
Start importing Assets/Sprites/inputzone.png using Guid(3c6c28dae75eb4e91b16c216562998a4) Importer(2089858483,192608db42251d675da83286b1cce702) (ScriptedImporter) -> (artifact id: 'dd173afd65bdf13a0eded5f280b3c533') in 0.008545208 seconds
Number of updated asset objects reloaded before import = 0Number of asset objects unloaded after import = 3

========================================================================
Received Import Request.
  Time since last request: 0.000044 seconds.
  path: Assets/Sprites/Icons/gyaru.png
  artifactKey: Guid(651d2f164c8f2402c9a33e153ee957cc) Importer(2089858483,192608db42251d675da83286b1cce702)
Start importing Assets/Sprites/Icons/gyaru.png using Guid(651d2f164c8f2402c9a33e153ee957cc) Importer(2089858483,192608db42251d675da83286b1cce702) (ScriptedImporter) -> (artifact id: '22ffe350c33e2db097bd6b210e63cbce') in 0.009105833 seconds
Number of updated asset objects reloaded before import = 0Number of asset objects unloaded after import = 3

========================================================================
Received Import Request.
  Time since last request: 0.000057 seconds.
  path: Assets/Sprites/kureyon.png
  artifactKey: Guid(c485f55c71f494132a0c460a575f69c6) Importer(2089858483,192608db42251d675da83286b1cce702)
Start importing Assets/Sprites/kureyon.png using Guid(c485f55c71f494132a0c460a575f69c6) Importer(2089858483,192608db42251d675da83286b1cce702) (ScriptedImporter) -> (artifact id: '8b38536deaf0134b235947c71f85c197') in 0.010010792 seconds
Number of updated asset objects reloaded before import = 0Number of asset objects unloaded after import = 3

========================================================================
Received Import Request.
  Time since last request: 0.000051 seconds.
  path: Assets/Scripts/UI/InGame/Utils/CharacterIcon.cs
  artifactKey: Guid(2e8c016bb51114676bcdc97a4c297636) Importer(2089858483,192608db42251d675da83286b1cce702)
Start importing Assets/Scripts/UI/InGame/Utils/CharacterIcon.cs using Guid(2e8c016bb51114676bcdc97a4c297636) Importer(2089858483,192608db42251d675da83286b1cce702) (ScriptedImporter) -> (artifact id: '7159852de308944a30701a2e4157d388') in 0.002681083 seconds
Number of updated asset objects reloaded before import = 0Number of asset objects unloaded after import = 0

========================================================================
Received Import Request.
  Time since last request: 0.000046 seconds.
  path: Assets/Sprites/Square_Rounded.png
  artifactKey: Guid(ecc14f23590384247bc16b2ef6fe6bb3) Importer(2089858483,192608db42251d675da83286b1cce702)
Start importing Assets/Sprites/Square_Rounded.png using Guid(ecc14f23590384247bc16b2ef6fe6bb3) Importer(2089858483,192608db42251d675da83286b1cce702) (ScriptedImporter) -> (artifact id: 'fa1493cc1c715ee71c9a01ff8f2b7d3e') in 0.007967334 seconds
Number of updated asset objects reloaded before import = 0Number of asset objects unloaded after import = 3

========================================================================
Received Import Request.
  Time since last request: 0.000044 seconds.
  path: Assets/Scripts/GameSystem/Retry/RetryWindow.cs
  artifactKey: Guid(4932987be68354d86b50efd4c3794c5b) Importer(2089858483,192608db42251d675da83286b1cce702)
Start importing Assets/Scripts/GameSystem/Retry/RetryWindow.cs using Guid(4932987be68354d86b50efd4c3794c5b) Importer(2089858483,192608db42251d675da83286b1cce702) (ScriptedImporter) -> (artifact id: '9513441118a8e483d0bc6f3ae1589de9') in 0.002699541 seconds
Number of updated asset objects reloaded before import = 0Number of asset objects unloaded after import = 0

========================================================================
Received Import Request.
  Time since last request: 0.000054 seconds.
  path: Assets/Sprites/Group 27.png
  artifactKey: Guid(731c736c3405ae343ab1d0ce9454a21e) Importer(2089858483,192608db42251d675da83286b1cce702)
Start importing Assets/Sprites/Group 27.png using Guid(731c736c3405ae343ab1d0ce9454a21e) Importer(2089858483,192608db42251d675da83286b1cce702) (ScriptedImporter) -> (artifact id: '455156eef2f5830b62a6bbba55b73a69') in 0.010909083 seconds
Number of updated asset objects reloaded before import = 0Number of asset objects unloaded after import = 3

========================================================================
Received Import Request.
  Time since last request: 0.000064 seconds.
  path: Assets/Scripts/UI/InGame/Header/UIPresenter_Header.cs
  artifactKey: Guid(ef3fc22612a9b4279ab3e467ce775547) Importer(2089858483,192608db42251d675da83286b1cce702)
Start importing Assets/Scripts/UI/InGame/Header/UIPresenter_Header.cs using Guid(ef3fc22612a9b4279ab3e467ce775547) Importer(2089858483,192608db42251d675da83286b1cce702) (ScriptedImporter) -> (artifact id: '7d0d42ddeff3c3a026d4beb084a44cd0') in 0.002714208 seconds
Number of updated asset objects reloaded before import = 0Number of asset objects unloaded after import = 0

========================================================================
Received Import Request.
  Time since last request: 0.000049 seconds.
  path: Assets/Datas/Character/Elder.asset
  artifactKey: Guid(0cddfb7bdc0c545d8a54fb002cfedb98) Importer(2089858483,192608db42251d675da83286b1cce702)
Start importing Assets/Datas/Character/Elder.asset using Guid(0cddfb7bdc0c545d8a54fb002cfedb98) Importer(2089858483,192608db42251d675da83286b1cce702) (ScriptedImporter) -> (artifact id: '5a0ab50a05aadd70f3cafd05e8737eb5') in 0.00404275 seconds
Number of updated asset objects reloaded before import = 0Number of asset objects unloaded after import = 2

========================================================================
Received Import Request.
  Time since last request: 0.000068 seconds.
  path: Assets/Sprites/elder.png
  artifactKey: Guid(1d2883b87c5444054ab7313762910e5e) Importer(2089858483,192608db42251d675da83286b1cce702)
Start importing Assets/Sprites/elder.png using Guid(1d2883b87c5444054ab7313762910e5e) Importer(2089858483,192608db42251d675da83286b1cce702) (ScriptedImporter) -> (artifact id: '49601de95870ebdf4f4b48a0ad0f38c2') in 0.010049167 seconds
Number of updated asset objects reloaded before import = 0Number of asset objects unloaded after import = 3

========================================================================
Received Import Request.
  Time since last request: 0.004106 seconds.
  path: Assets/Scripts/UI/Title
  artifactKey: Guid(99a64e5a40c4a454da7a9ee49baeed1e) Importer(2089858483,192608db42251d675da83286b1cce702)
Start importing Assets/Scripts/UI/Title using Guid(99a64e5a40c4a454da7a9ee49baeed1e) Importer(2089858483,192608db42251d675da83286b1cce702) (ScriptedImporter) -> (artifact id: '045bb51f88e20caed5edda7f417a6278') in 0.002096167 seconds
Number of updated asset objects reloaded before import = 0Number of asset objects unloaded after import = 1

========================================================================
Received Import Request.
  Time since last request: 0.000472 seconds.
  path: Assets/Sprites/Icons/elder(1).png
  artifactKey: Guid(72cb19a45f38d4c2286d4237a2fc85a8) Importer(2089858483,192608db42251d675da83286b1cce702)
Start importing Assets/Sprites/Icons/elder(1).png using Guid(72cb19a45f38d4c2286d4237a2fc85a8) Importer(2089858483,192608db42251d675da83286b1cce702) (ScriptedImporter) -> (artifact id: 'a35ec130f19a11487e272cd56c79ee59') in 0.009828542 seconds
Number of updated asset objects reloaded before import = 0Number of asset objects unloaded after import = 3

========================================================================
Received Import Request.
  Time since last request: 0.000062 seconds.
  path: Assets/Prefabs/UI
  artifactKey: Guid(d75b05dcaf0f94c7ebc377c5685e405e) Importer(2089858483,192608db42251d675da83286b1cce702)
Start importing Assets/Prefabs/UI using Guid(d75b05dcaf0f94c7ebc377c5685e405e) Importer(2089858483,192608db42251d675da83286b1cce702) (ScriptedImporter) -> (artifact id: '3f65153ae25d545a770d40e8213919f0') in 0.00449325 seconds
Number of updated asset objects reloaded before import = 0Number of asset objects unloaded after import = 1

========================================================================
Received Import Request.
  Time since last request: 0.000043 seconds.
  path: Assets/Sprites/AIdentity 5.png
  artifactKey: Guid(dafb74641dec3f746be1d00599e889c9) Importer(2089858483,192608db42251d675da83286b1cce702)
Start importing Assets/Sprites/AIdentity 5.png using Guid(dafb74641dec3f746be1d00599e889c9) Importer(2089858483,192608db42251d675da83286b1cce702) (ScriptedImporter) -> (artifact id: '123bd4f8fd3552dfa954b6cc12aabde5') in 0.009204666 seconds
Number of updated asset objects reloaded before import = 0Number of asset objects unloaded after import = 3

========================================================================
Received Import Request.
  Time since last request: 0.000044 seconds.
  path: Assets/Fonts/uzura SDF.asset
  artifactKey: Guid(5ad44182838534874ba071b44f25dc5c) Importer(2089858483,192608db42251d675da83286b1cce702)
Start importing Assets/Fonts/uzura SDF.asset using Guid(5ad44182838534874ba071b44f25dc5c) Importer(2089858483,192608db42251d675da83286b1cce702) (ScriptedImporter) -> (artifact id: '6d3cc5221eef57ced9680c38fb041cbc') in 0.456810875 seconds
Number of updated asset objects reloaded before import = 0Number of asset objects unloaded after import = 3

========================================================================
Received Import Request.
  Time since last request: 0.000120 seconds.
  path: Assets/Sprites/wood.png
  artifactKey: Guid(3e7d6c5d3d3c04a4ab1428e77d92adca) Importer(2089858483,192608db42251d675da83286b1cce702)
Start importing Assets/Sprites/wood.png using Guid(3e7d6c5d3d3c04a4ab1428e77d92adca) Importer(2089858483,192608db42251d675da83286b1cce702) (ScriptedImporter) -> (artifact id: 'ee30a9b735d3370aee29e64a1616bb62') in 0.01115275 seconds
Number of updated asset objects reloaded before import = 0Number of asset objects unloaded after import = 3

========================================================================
Received Import Request.
  Time since last request: 0.000061 seconds.
  path: Assets/Sprites/鉛筆アイコン8.png
  artifactKey: Guid(f90253ccb28334560a371cf45b1514e4) Importer(2089858483,192608db42251d675da83286b1cce702)
Start importing Assets/Sprites/鉛筆アイコン8.png using Guid(f90253ccb28334560a371cf45b1514e4) Importer(2089858483,192608db42251d675da83286b1cce702) (ScriptedImporter) -> (artifact id: '6bbf234cb17b7fcf850c1581b0be65bb') in 0.010146084 seconds
Number of updated asset objects reloaded before import = 0Number of asset objects unloaded after import = 3

========================================================================
Received Import Request.
  Time since last request: 0.002325 seconds.
  path: Assets/Sprites/Group 28.png
  artifactKey: Guid(4dbdbe4a76b3ee94382656acb4478205) Importer(2089858483,192608db42251d675da83286b1cce702)
Start importing Assets/Sprites/Group 28.png using Guid(4dbdbe4a76b3ee94382656acb4478205) Importer(2089858483,192608db42251d675da83286b1cce702) (ScriptedImporter) -> (artifact id: 'cc000eac742d6722182c13de8304a76f') in 0.008703084 seconds
Number of updated asset objects reloaded before import = 0Number of asset objects unloaded after import = 3

========================================================================
Received Import Request.
  Time since last request: 0.000041 seconds.
  path: Assets/Scenes/ButtonTest2.unity
  artifactKey: Guid(2ce5559ae9f5e51429e219bd5c7f2685) Importer(2089858483,192608db42251d675da83286b1cce702)
Start importing Assets/Scenes/ButtonTest2.unity using Guid(2ce5559ae9f5e51429e219bd5c7f2685) Importer(2089858483,192608db42251d675da83286b1cce702) (ScriptedImporter) -> (artifact id: '0215eb192f8cade32ef3d3752d1d09e4') in 0.004434125 seconds
Number of updated asset objects reloaded before import = 0Number of asset objects unloaded after import = 1

========================================================================
Received Import Request.
  Time since last request: 0.000043 seconds.
  path: Assets/Scripts/Nakanishi/CustomTypeRegistration.cs
  artifactKey: Guid(87bdfd9ac2a484787ab29de52f35e79a) Importer(2089858483,192608db42251d675da83286b1cce702)
Start importing Assets/Scripts/Nakanishi/CustomTypeRegistration.cs using Guid(87bdfd9ac2a484787ab29de52f35e79a) Importer(2089858483,192608db42251d675da83286b1cce702) (ScriptedImporter) -> (artifact id: '593c5c97cc3e6e8259cdd7061bd91e3a') in 0.002582333 seconds
Number of updated asset objects reloaded before import = 0Number of asset objects unloaded after import = 0

========================================================================
Received Import Request.
  Time since last request: 0.000047 seconds.
  path: Assets/Fonts/07にくまるフォント.otf
  artifactKey: Guid(34c381fd131fd5447a34e63f3248f08c) Importer(2089858483,192608db42251d675da83286b1cce702)
Start importing Assets/Fonts/07にくまるフォント.otf using Guid(34c381fd131fd5447a34e63f3248f08c) Importer(2089858483,192608db42251d675da83286b1cce702) (ScriptedImporter) -> (artifact id: '22f411c481f5160b17714c9d9bbfdba8') in 0.006848333 seconds
Number of updated asset objects reloaded before import = 0Number of asset objects unloaded after import = 3

========================================================================
Received Import Request.
  Time since last request: 0.000048 seconds.
  path: Assets/Prefabs/UI/Input_InGame.prefab
  artifactKey: Guid(5dc2a4e8f82ea465fbb52e2312b5cc38) Importer(2089858483,192608db42251d675da83286b1cce702)
Start importing Assets/Prefabs/UI/Input_InGame.prefab using Guid(5dc2a4e8f82ea465fbb52e2312b5cc38) Importer(2089858483,192608db42251d675da83286b1cce702) (ScriptedImporter) -> (artifact id: '2c3b1c4ba6c24838475717a620c1daed') in 0.272077583 seconds
Number of updated asset objects reloaded before import = 0Number of asset objects unloaded after import = 43

========================================================================
Received Import Request.
  Time since last request: 6.382215 seconds.
  path: Assets/Scenes/ButtonTest.unity
  artifactKey: Guid(78e2a2de6b88cf949844abc6d8337058) Importer(815301076,1909f56bfc062723c751e8b465ee728b)
Start importing Assets/Scenes/ButtonTest.unity using Guid(78e2a2de6b88cf949844abc6d8337058) Importer(815301076,1909f56bfc062723c751e8b465ee728b) (PreviewImporter) -> (artifact id: '9103cc730af9a1a3518086f92954d8f5') in 0.00077575 seconds
Number of updated asset objects reloaded before import = 0Number of asset objects unloaded after import = 0

========================================================================
Received Prepare
Refreshing native plugins compatible for Editor in 1.13 ms, found 5 plugins.
Preloading 0 native plugins for Editor in 0.00 ms.
Unloading 14 Unused Serialized files (Serialized files now loaded: 0)
Unloading 6579 unused Assets / (4.3 MB). Loaded Objects now: 7343.
Memory consumption went from 149.5 MB to 145.2 MB.
Total: 14.037542 ms (FindLiveObjects: 0.533958 ms CreateObjectMapping: 0.293833 ms MarkObjects: 11.194125 ms  DeleteObjects: 2.015250 ms)

Prepare: number of updated asset objects reloaded= 0
========================================================================
Received Prepare
Begin MonoManager ReloadAssembly
Thread 0x17f307000 may have been prematurely finalized
- Loaded All Assemblies, in  0.640 seconds
Refreshing native plugins compatible for Editor in 0.83 ms, found 5 plugins.
Native extension for LinuxStandalone target not found
Native extension for iOS target not found
Native extension for Android target not found
Native extension for OSXStandalone target not found
Native extension for WebGL target not found
Mono: successfully reloaded assembly
- Finished resetting the current domain, in  0.832 seconds
Domain Reload Profiling: 1474ms
	BeginReloadAssembly (172ms)
		ExecutionOrderSort (0ms)
		DisableScriptedObjects (6ms)
		BackupInstance (0ms)
		ReleaseScriptingObjects (0ms)
		CreateAndSetChildDomain (85ms)
	RebuildCommonClasses (42ms)
	RebuildNativeTypeToScriptingClass (13ms)
	initialDomainReloadingComplete (21ms)
	LoadAllAssembliesAndSetupDomain (393ms)
		LoadAssemblies (239ms)
		RebuildTransferFunctionScriptingTraits (0ms)
		AnalyzeDomain (198ms)
			TypeCache.Refresh (13ms)
				TypeCache.ScanAssembly (2ms)
			BuildScriptInfoCaches (168ms)
			ResolveRequiredComponents (14ms)
	FinalizeReload (832ms)
		ReleaseScriptCaches (0ms)
		RebuildScriptCaches (0ms)
		SetupLoadedEditorAssemblies (631ms)
			LogAssemblyErrors (0ms)
			InitializePlatformSupportModulesInManaged (46ms)
			SetLoadedEditorAssemblies (6ms)
			BeforeProcessingInitializeOnLoad (120ms)
			ProcessInitializeOnLoadAttributes (406ms)
			ProcessInitializeOnLoadMethodAttributes (52ms)
			AfterProcessingInitializeOnLoad (1ms)
			EditorAssembliesLoaded (0ms)
		ExecutionOrderSort2 (0ms)
		AwakeInstancesAfterBackupRestoration (8ms)
Refreshing native plugins compatible for Editor in 1.00 ms, found 5 plugins.
Preloading 0 native plugins for Editor in 0.00 ms.
Unloading 14 Unused Serialized files (Serialized files now loaded: 0)
Unloading 6593 unused Assets / (4.3 MB). Loaded Objects now: 7345.
Memory consumption went from 156.9 MB to 152.6 MB.
Total: 7.635458 ms (FindLiveObjects: 0.338459 ms CreateObjectMapping: 0.292916 ms MarkObjects: 5.065292 ms  DeleteObjects: 1.938333 ms)

Prepare: number of updated asset objects reloaded= 0
========================================================================
Received Prepare
Refreshing native plugins compatible for Editor in 0.98 ms, found 5 plugins.
Preloading 0 native plugins for Editor in 0.00 ms.
Unloading 14 Unused Serialized files (Serialized files now loaded: 0)
Unloading 6574 unused Assets / (4.3 MB). Loaded Objects now: 7345.
Memory consumption went from 147.8 MB to 143.6 MB.
Total: 7.384125 ms (FindLiveObjects: 0.378250 ms CreateObjectMapping: 0.243000 ms MarkObjects: 4.935375 ms  DeleteObjects: 1.826958 ms)

Prepare: number of updated asset objects reloaded= 0
========================================================================
Received Prepare
Begin MonoManager ReloadAssembly
Thread 0x17f307000 may have been prematurely finalized
- Loaded All Assemblies, in  0.609 seconds
Refreshing native plugins compatible for Editor in 0.88 ms, found 5 plugins.
Native extension for LinuxStandalone target not found
Native extension for iOS target not found
Native extension for Android target not found
Native extension for OSXStandalone target not found
Native extension for WebGL target not found
Mono: successfully reloaded assembly
- Finished resetting the current domain, in  0.820 seconds
Domain Reload Profiling: 1432ms
	BeginReloadAssembly (145ms)
		ExecutionOrderSort (0ms)
		DisableScriptedObjects (5ms)
		BackupInstance (0ms)
		ReleaseScriptingObjects (0ms)
		CreateAndSetChildDomain (63ms)
	RebuildCommonClasses (42ms)
	RebuildNativeTypeToScriptingClass (13ms)
	initialDomainReloadingComplete (21ms)
	LoadAllAssembliesAndSetupDomain (390ms)
		LoadAssemblies (235ms)
		RebuildTransferFunctionScriptingTraits (0ms)
		AnalyzeDomain (195ms)
			TypeCache.Refresh (12ms)
				TypeCache.ScanAssembly (2ms)
			BuildScriptInfoCaches (167ms)
			ResolveRequiredComponents (15ms)
	FinalizeReload (820ms)
		ReleaseScriptCaches (0ms)
		RebuildScriptCaches (0ms)
		SetupLoadedEditorAssemblies (621ms)
			LogAssemblyErrors (0ms)
			InitializePlatformSupportModulesInManaged (43ms)
			SetLoadedEditorAssemblies (6ms)
			BeforeProcessingInitializeOnLoad (120ms)
			ProcessInitializeOnLoadAttributes (402ms)
			ProcessInitializeOnLoadMethodAttributes (49ms)
			AfterProcessingInitializeOnLoad (1ms)
			EditorAssembliesLoaded (0ms)
		ExecutionOrderSort2 (0ms)
		AwakeInstancesAfterBackupRestoration (8ms)
Refreshing native plugins compatible for Editor in 1.02 ms, found 5 plugins.
Preloading 0 native plugins for Editor in 0.00 ms.
Unloading 14 Unused Serialized files (Serialized files now loaded: 0)
Unloading 6593 unused Assets / (4.3 MB). Loaded Objects now: 7347.
Memory consumption went from 156.9 MB to 152.6 MB.
Total: 7.778583 ms (FindLiveObjects: 0.363834 ms CreateObjectMapping: 0.305000 ms MarkObjects: 5.055959 ms  DeleteObjects: 2.053292 ms)

Prepare: number of updated asset objects reloaded= 0
========================================================================
Received Prepare
Refreshing native plugins compatible for Editor in 1.06 ms, found 5 plugins.
Preloading 0 native plugins for Editor in 0.00 ms.
Unloading 14 Unused Serialized files (Serialized files now loaded: 0)
Unloading 6574 unused Assets / (3.4 MB). Loaded Objects now: 7347.
Memory consumption went from 147.8 MB to 144.4 MB.
Total: 7.791166 ms (FindLiveObjects: 0.454417 ms CreateObjectMapping: 0.296541 ms MarkObjects: 4.936292 ms  DeleteObjects: 2.103042 ms)

Prepare: number of updated asset objects reloaded= 0
========================================================================
Received Prepare
Begin MonoManager ReloadAssembly
Thread 0x17f393000 may have been prematurely finalized
- Loaded All Assemblies, in  0.691 seconds
Refreshing native plugins compatible for Editor in 0.86 ms, found 5 plugins.
Native extension for LinuxStandalone target not found
Native extension for iOS target not found
Native extension for Android target not found
Native extension for OSXStandalone target not found
Native extension for WebGL target not found
Mono: successfully reloaded assembly
- Finished resetting the current domain, in  0.875 seconds
Domain Reload Profiling: 1568ms
	BeginReloadAssembly (161ms)
		ExecutionOrderSort (0ms)
		DisableScriptedObjects (5ms)
		BackupInstance (0ms)
		ReleaseScriptingObjects (0ms)
		CreateAndSetChildDomain (70ms)
	RebuildCommonClasses (43ms)
	RebuildNativeTypeToScriptingClass (14ms)
	initialDomainReloadingComplete (24ms)
	LoadAllAssembliesAndSetupDomain (451ms)
		LoadAssemblies (285ms)
		RebuildTransferFunctionScriptingTraits (0ms)
		AnalyzeDomain (212ms)
			TypeCache.Refresh (15ms)
				TypeCache.ScanAssembly (2ms)
			BuildScriptInfoCaches (179ms)
			ResolveRequiredComponents (15ms)
	FinalizeReload (876ms)
		ReleaseScriptCaches (0ms)
		RebuildScriptCaches (0ms)
		SetupLoadedEditorAssemblies (662ms)
			LogAssemblyErrors (0ms)
			InitializePlatformSupportModulesInManaged (46ms)
			SetLoadedEditorAssemblies (6ms)
			BeforeProcessingInitializeOnLoad (126ms)
			ProcessInitializeOnLoadAttributes (431ms)
			ProcessInitializeOnLoadMethodAttributes (52ms)
			AfterProcessingInitializeOnLoad (1ms)
			EditorAssembliesLoaded (0ms)
		ExecutionOrderSort2 (0ms)
		AwakeInstancesAfterBackupRestoration (9ms)
Refreshing native plugins compatible for Editor in 1.00 ms, found 5 plugins.
Preloading 0 native plugins for Editor in 0.00 ms.
Unloading 14 Unused Serialized files (Serialized files now loaded: 0)
Unloading 6593 unused Assets / (4.2 MB). Loaded Objects now: 7349.
Memory consumption went from 156.9 MB to 152.6 MB.
Total: 7.903750 ms (FindLiveObjects: 0.385750 ms CreateObjectMapping: 0.316208 ms MarkObjects: 5.221667 ms  DeleteObjects: 1.979250 ms)

Prepare: number of updated asset objects reloaded= 0
========================================================================
Received Prepare
Refreshing native plugins compatible for Editor in 0.98 ms, found 5 plugins.
Preloading 0 native plugins for Editor in 0.00 ms.
Unloading 14 Unused Serialized files (Serialized files now loaded: 0)
Unloading 6574 unused Assets / (4.4 MB). Loaded Objects now: 7349.
Memory consumption went from 147.8 MB to 143.4 MB.
Total: 7.866500 ms (FindLiveObjects: 0.433125 ms CreateObjectMapping: 0.274333 ms MarkObjects: 5.421417 ms  DeleteObjects: 1.736917 ms)

Prepare: number of updated asset objects reloaded= 0
========================================================================
Received Prepare
Begin MonoManager ReloadAssembly
Thread 0x17f393000 may have been prematurely finalized
- Loaded All Assemblies, in  0.609 seconds
Refreshing native plugins compatible for Editor in 0.85 ms, found 5 plugins.
Native extension for LinuxStandalone target not found
Native extension for iOS target not found
Native extension for Android target not found
Native extension for OSXStandalone target not found
Native extension for WebGL target not found
Mono: successfully reloaded assembly
- Finished resetting the current domain, in  0.821 seconds
Domain Reload Profiling: 1433ms
	BeginReloadAssembly (148ms)
		ExecutionOrderSort (0ms)
		DisableScriptedObjects (5ms)
		BackupInstance (0ms)
		ReleaseScriptingObjects (0ms)
		CreateAndSetChildDomain (63ms)
	RebuildCommonClasses (41ms)
	RebuildNativeTypeToScriptingClass (13ms)
	initialDomainReloadingComplete (21ms)
	LoadAllAssembliesAndSetupDomain (388ms)
		LoadAssemblies (234ms)
		RebuildTransferFunctionScriptingTraits (0ms)
		AnalyzeDomain (197ms)
			TypeCache.Refresh (12ms)
				TypeCache.ScanAssembly (2ms)
			BuildScriptInfoCaches (168ms)
			ResolveRequiredComponents (15ms)
	FinalizeReload (822ms)
		ReleaseScriptCaches (0ms)
		RebuildScriptCaches (0ms)
		SetupLoadedEditorAssemblies (621ms)
			LogAssemblyErrors (0ms)
			InitializePlatformSupportModulesInManaged (44ms)
			SetLoadedEditorAssemblies (6ms)
			BeforeProcessingInitializeOnLoad (114ms)
			ProcessInitializeOnLoadAttributes (404ms)
			ProcessInitializeOnLoadMethodAttributes (51ms)
			AfterProcessingInitializeOnLoad (1ms)
			EditorAssembliesLoaded (0ms)
		ExecutionOrderSort2 (0ms)
		AwakeInstancesAfterBackupRestoration (8ms)
Refreshing native plugins compatible for Editor in 1.17 ms, found 5 plugins.
Preloading 0 native plugins for Editor in 0.00 ms.
Unloading 14 Unused Serialized files (Serialized files now loaded: 0)
Unloading 6593 unused Assets / (4.3 MB). Loaded Objects now: 7351.
Memory consumption went from 156.9 MB to 152.6 MB.
Total: 6.967708 ms (FindLiveObjects: 0.355791 ms CreateObjectMapping: 0.285834 ms MarkObjects: 4.669834 ms  DeleteObjects: 1.655833 ms)

Prepare: number of updated asset objects reloaded= 0
========================================================================
Received Prepare
Refreshing native plugins compatible for Editor in 0.89 ms, found 5 plugins.
Preloading 0 native plugins for Editor in 0.00 ms.
Unloading 14 Unused Serialized files (Serialized files now loaded: 0)
Unloading 6573 unused Assets / (4.1 MB). Loaded Objects now: 7350.
Memory consumption went from 147.8 MB to 143.7 MB.
Total: 7.030125 ms (FindLiveObjects: 0.358875 ms CreateObjectMapping: 0.227166 ms MarkObjects: 4.955875 ms  DeleteObjects: 1.487709 ms)

Prepare: number of updated asset objects reloaded= 0
========================================================================
Received Prepare
Refreshing native plugins compatible for Editor in 1.01 ms, found 5 plugins.
Preloading 0 native plugins for Editor in 0.00 ms.
Unloading 14 Unused Serialized files (Serialized files now loaded: 0)
Unloading 6574 unused Assets / (4.2 MB). Loaded Objects now: 7351.
Memory consumption went from 147.8 MB to 143.6 MB.
Total: 7.761458 ms (FindLiveObjects: 0.415959 ms CreateObjectMapping: 0.281500 ms MarkObjects: 5.229083 ms  DeleteObjects: 1.834375 ms)

Prepare: number of updated asset objects reloaded= 0
========================================================================
Received Prepare
Begin MonoManager ReloadAssembly
Thread 0x17f393000 may have been prematurely finalized
- Loaded All Assemblies, in  0.617 seconds
Refreshing native plugins compatible for Editor in 0.85 ms, found 5 plugins.
Native extension for LinuxStandalone target not found
Native extension for iOS target not found
Native extension for Android target not found
Native extension for OSXStandalone target not found
Native extension for WebGL target not found
Mono: successfully reloaded assembly
- Finished resetting the current domain, in  0.824 seconds
Domain Reload Profiling: 1444ms
	BeginReloadAssembly (152ms)
		ExecutionOrderSort (0ms)
		DisableScriptedObjects (5ms)
		BackupInstance (0ms)
		ReleaseScriptingObjects (0ms)
		CreateAndSetChildDomain (67ms)
	RebuildCommonClasses (41ms)
	RebuildNativeTypeToScriptingClass (14ms)
	initialDomainReloadingComplete (21ms)
	LoadAllAssembliesAndSetupDomain (392ms)
		LoadAssemblies (241ms)
		RebuildTransferFunctionScriptingTraits (0ms)
		AnalyzeDomain (194ms)
			TypeCache.Refresh (12ms)
				TypeCache.ScanAssembly (2ms)
			BuildScriptInfoCaches (165ms)
			ResolveRequiredComponents (14ms)
	FinalizeReload (824ms)
		ReleaseScriptCaches (0ms)
		RebuildScriptCaches (0ms)
		SetupLoadedEditorAssemblies (624ms)
			LogAssemblyErrors (0ms)
			InitializePlatformSupportModulesInManaged (45ms)
			SetLoadedEditorAssemblies (6ms)
			BeforeProcessingInitializeOnLoad (117ms)
			ProcessInitializeOnLoadAttributes (403ms)
			ProcessInitializeOnLoadMethodAttributes (52ms)
			AfterProcessingInitializeOnLoad (1ms)
			EditorAssembliesLoaded (0ms)
		ExecutionOrderSort2 (0ms)
		AwakeInstancesAfterBackupRestoration (8ms)
Refreshing native plugins compatible for Editor in 0.94 ms, found 5 plugins.
Preloading 0 native plugins for Editor in 0.00 ms.
Unloading 14 Unused Serialized files (Serialized files now loaded: 0)
Unloading 6593 unused Assets / (4.2 MB). Loaded Objects now: 7353.
Memory consumption went from 156.9 MB to 152.7 MB.
Total: 7.137417 ms (FindLiveObjects: 0.371917 ms CreateObjectMapping: 0.290291 ms MarkObjects: 4.716500 ms  DeleteObjects: 1.758000 ms)

Prepare: number of updated asset objects reloaded= 0
========================================================================
Received Prepare
Refreshing native plugins compatible for Editor in 0.94 ms, found 5 plugins.
Preloading 0 native plugins for Editor in 0.00 ms.
Unloading 14 Unused Serialized files (Serialized files now loaded: 0)
Unloading 6574 unused Assets / (4.2 MB). Loaded Objects now: 7353.
Memory consumption went from 147.8 MB to 143.7 MB.
Total: 7.202625 ms (FindLiveObjects: 0.370000 ms CreateObjectMapping: 0.222000 ms MarkObjects: 5.083750 ms  DeleteObjects: 1.526334 ms)

Prepare: number of updated asset objects reloaded= 0
========================================================================
Received Import Request.
  Time since last request: 3876.649151 seconds.
  path: Assets/Scripts/GameSystem/JobDistribution/JobDistribution.cs
  artifactKey: Guid(a1de8df0146b9401289d68e8c4a964a6) Importer(2089858483,192608db42251d675da83286b1cce702)
Start importing Assets/Scripts/GameSystem/JobDistribution/JobDistribution.cs using Guid(a1de8df0146b9401289d68e8c4a964a6) Importer(2089858483,192608db42251d675da83286b1cce702) (ScriptedImporter) -> (artifact id: '4dc17e17bb3eb33613729bdca1a82118') in 0.174997791 seconds
Number of updated asset objects reloaded before import = 0Number of asset objects unloaded after import = 0

========================================================================
Received Prepare
Begin MonoManager ReloadAssembly
Thread 0x17f393000 may have been prematurely finalized
- Loaded All Assemblies, in  0.627 seconds
Refreshing native plugins compatible for Editor in 0.82 ms, found 5 plugins.
Native extension for LinuxStandalone target not found
Native extension for iOS target not found
Native extension for Android target not found
Native extension for OSXStandalone target not found
Native extension for WebGL target not found
Mono: successfully reloaded assembly
- Finished resetting the current domain, in  0.807 seconds
Domain Reload Profiling: 1437ms
	BeginReloadAssembly (168ms)
		ExecutionOrderSort (0ms)
		DisableScriptedObjects (5ms)
		BackupInstance (0ms)
		ReleaseScriptingObjects (0ms)
		CreateAndSetChildDomain (82ms)
	RebuildCommonClasses (42ms)
	RebuildNativeTypeToScriptingClass (13ms)
	initialDomainReloadingComplete (22ms)
	LoadAllAssembliesAndSetupDomain (385ms)
		LoadAssemblies (237ms)
		RebuildTransferFunctionScriptingTraits (0ms)
		AnalyzeDomain (192ms)
			TypeCache.Refresh (12ms)
				TypeCache.ScanAssembly (2ms)
			BuildScriptInfoCaches (163ms)
			ResolveRequiredComponents (15ms)
	FinalizeReload (807ms)
		ReleaseScriptCaches (0ms)
		RebuildScriptCaches (0ms)
		SetupLoadedEditorAssemblies (612ms)
			LogAssemblyErrors (0ms)
			InitializePlatformSupportModulesInManaged (42ms)
			SetLoadedEditorAssemblies (6ms)
			BeforeProcessingInitializeOnLoad (114ms)
			ProcessInitializeOnLoadAttributes (397ms)
			ProcessInitializeOnLoadMethodAttributes (51ms)
			AfterProcessingInitializeOnLoad (1ms)
			EditorAssembliesLoaded (0ms)
		ExecutionOrderSort2 (0ms)
		AwakeInstancesAfterBackupRestoration (8ms)
Refreshing native plugins compatible for Editor in 0.92 ms, found 5 plugins.
Preloading 0 native plugins for Editor in 0.00 ms.
Unloading 14 Unused Serialized files (Serialized files now loaded: 0)
Unloading 6593 unused Assets / (4.3 MB). Loaded Objects now: 7355.
Memory consumption went from 157.6 MB to 153.4 MB.
Total: 7.070334 ms (FindLiveObjects: 0.378375 ms CreateObjectMapping: 0.284750 ms MarkObjects: 4.750958 ms  DeleteObjects: 1.653292 ms)

Prepare: number of updated asset objects reloaded= 0
========================================================================
Received Prepare
Refreshing native plugins compatible for Editor in 1.00 ms, found 5 plugins.
Preloading 0 native plugins for Editor in 0.00 ms.
Unloading 14 Unused Serialized files (Serialized files now loaded: 0)
Unloading 6574 unused Assets / (4.3 MB). Loaded Objects now: 7355.
Memory consumption went from 147.8 MB to 143.5 MB.
Total: 7.817833 ms (FindLiveObjects: 0.437042 ms CreateObjectMapping: 0.299750 ms MarkObjects: 5.294750 ms  DeleteObjects: 1.785667 ms)

Prepare: number of updated asset objects reloaded= 0
========================================================================
Received Prepare
Refreshing native plugins compatible for Editor in 1.17 ms, found 5 plugins.
Preloading 0 native plugins for Editor in 0.00 ms.
Unloading 14 Unused Serialized files (Serialized files now loaded: 0)
Unloading 6574 unused Assets / (4.0 MB). Loaded Objects now: 7355.
Memory consumption went from 147.8 MB to 143.8 MB.
Total: 7.885459 ms (FindLiveObjects: 0.405541 ms CreateObjectMapping: 0.243333 ms MarkObjects: 5.182417 ms  DeleteObjects: 2.053417 ms)

Prepare: number of updated asset objects reloaded= 0
========================================================================
Received Import Request.
  Time since last request: 647.523319 seconds.
  path: Assets/Scripts/GameSystem/Vote/VoteProcess.cs
  artifactKey: Guid(0b3945f263a1f9b4ab014a0f93cd7236) Importer(815301076,1909f56bfc062723c751e8b465ee728b)
Start importing Assets/Scripts/GameSystem/Vote/VoteProcess.cs using Guid(0b3945f263a1f9b4ab014a0f93cd7236) Importer(815301076,1909f56bfc062723c751e8b465ee728b) (PreviewImporter) -> (artifact id: '8c6644d729e3f30c44c6c7aed3a61a10') in 0.001274041 seconds
Number of updated asset objects reloaded before import = 0Number of asset objects unloaded after import = 0

========================================================================
Received Prepare
Begin MonoManager ReloadAssembly
Thread 0x16b5c7000 may have been prematurely finalized
- Loaded All Assemblies, in  0.654 seconds
Refreshing native plugins compatible for Editor in 0.88 ms, found 5 plugins.
Native extension for LinuxStandalone target not found
Native extension for iOS target not found
Native extension for Android target not found
Native extension for OSXStandalone target not found
Native extension for WebGL target not found
Mono: successfully reloaded assembly
- Finished resetting the current domain, in  0.862 seconds
Domain Reload Profiling: 1518ms
	BeginReloadAssembly (169ms)
		ExecutionOrderSort (0ms)
		DisableScriptedObjects (5ms)
		BackupInstance (0ms)
		ReleaseScriptingObjects (0ms)
		CreateAndSetChildDomain (76ms)
	RebuildCommonClasses (43ms)
	RebuildNativeTypeToScriptingClass (14ms)
	initialDomainReloadingComplete (24ms)
	LoadAllAssembliesAndSetupDomain (407ms)
		LoadAssemblies (262ms)
		RebuildTransferFunctionScriptingTraits (0ms)
		AnalyzeDomain (193ms)
			TypeCache.Refresh (13ms)
				TypeCache.ScanAssembly (2ms)
			BuildScriptInfoCaches (163ms)
			ResolveRequiredComponents (14ms)
	FinalizeReload (862ms)
		ReleaseScriptCaches (0ms)
		RebuildScriptCaches (0ms)
		SetupLoadedEditorAssemblies (659ms)
			LogAssemblyErrors (0ms)
			InitializePlatformSupportModulesInManaged (47ms)
			SetLoadedEditorAssemblies (6ms)
			BeforeProcessingInitializeOnLoad (123ms)
			ProcessInitializeOnLoadAttributes (427ms)
			ProcessInitializeOnLoadMethodAttributes (55ms)
			AfterProcessingInitializeOnLoad (1ms)
			EditorAssembliesLoaded (0ms)
		ExecutionOrderSort2 (0ms)
		AwakeInstancesAfterBackupRestoration (8ms)
Refreshing native plugins compatible for Editor in 0.95 ms, found 5 plugins.
Preloading 0 native plugins for Editor in 0.00 ms.
Unloading 14 Unused Serialized files (Serialized files now loaded: 0)
Unloading 6593 unused Assets / (4.1 MB). Loaded Objects now: 7357.
Memory consumption went from 156.8 MB to 152.7 MB.
Total: 8.820375 ms (FindLiveObjects: 0.535291 ms CreateObjectMapping: 0.329708 ms MarkObjects: 5.571250 ms  DeleteObjects: 2.383250 ms)

Prepare: number of updated asset objects reloaded= 0
========================================================================
Received Prepare
Refreshing native plugins compatible for Editor in 1.04 ms, found 5 plugins.
Preloading 0 native plugins for Editor in 0.00 ms.
Unloading 14 Unused Serialized files (Serialized files now loaded: 0)
Unloading 6574 unused Assets / (3.9 MB). Loaded Objects now: 7357.
Memory consumption went from 147.9 MB to 144.0 MB.
Total: 7.990625 ms (FindLiveObjects: 0.408584 ms CreateObjectMapping: 0.256959 ms MarkObjects: 5.489000 ms  DeleteObjects: 1.835250 ms)

Prepare: number of updated asset objects reloaded= 0
========================================================================
Received Prepare
Refreshing native plugins compatible for Editor in 1.08 ms, found 5 plugins.
Preloading 0 native plugins for Editor in 0.00 ms.
Unloading 14 Unused Serialized files (Serialized files now loaded: 0)
Unloading 6574 unused Assets / (4.1 MB). Loaded Objects now: 7357.
Memory consumption went from 147.9 MB to 143.8 MB.
Total: 8.062917 ms (FindLiveObjects: 0.411042 ms CreateObjectMapping: 0.253666 ms MarkObjects: 5.214292 ms  DeleteObjects: 2.183417 ms)

Prepare: number of updated asset objects reloaded= 0
========================================================================
Received Prepare
Begin MonoManager ReloadAssembly
Thread 0x16b5c7000 may have been prematurely finalized
- Loaded All Assemblies, in  0.677 seconds
Refreshing native plugins compatible for Editor in 0.84 ms, found 5 plugins.
Native extension for LinuxStandalone target not found
Native extension for iOS target not found
Native extension for Android target not found
Native extension for OSXStandalone target not found
Native extension for WebGL target not found
Mono: successfully reloaded assembly
- Finished resetting the current domain, in  0.863 seconds
Domain Reload Profiling: 1542ms
	BeginReloadAssembly (166ms)
		ExecutionOrderSort (0ms)
		DisableScriptedObjects (5ms)
		BackupInstance (0ms)
		ReleaseScriptingObjects (0ms)
		CreateAndSetChildDomain (74ms)
	RebuildCommonClasses (43ms)
	RebuildNativeTypeToScriptingClass (13ms)
	initialDomainReloadingComplete (24ms)
	LoadAllAssembliesAndSetupDomain (433ms)
		LoadAssemblies (274ms)
		RebuildTransferFunctionScriptingTraits (0ms)
		AnalyzeDomain (205ms)
			TypeCache.Refresh (13ms)
				TypeCache.ScanAssembly (2ms)
			BuildScriptInfoCaches (174ms)
			ResolveRequiredComponents (15ms)
	FinalizeReload (863ms)
		ReleaseScriptCaches (0ms)
		RebuildScriptCaches (0ms)
		SetupLoadedEditorAssemblies (655ms)
			LogAssemblyErrors (0ms)
			InitializePlatformSupportModulesInManaged (46ms)
			SetLoadedEditorAssemblies (6ms)
			BeforeProcessingInitializeOnLoad (125ms)
			ProcessInitializeOnLoadAttributes (425ms)
			ProcessInitializeOnLoadMethodAttributes (51ms)
			AfterProcessingInitializeOnLoad (1ms)
			EditorAssembliesLoaded (0ms)
		ExecutionOrderSort2 (0ms)
		AwakeInstancesAfterBackupRestoration (8ms)
Refreshing native plugins compatible for Editor in 1.09 ms, found 5 plugins.
Preloading 0 native plugins for Editor in 0.00 ms.
Unloading 14 Unused Serialized files (Serialized files now loaded: 0)
Unloading 6593 unused Assets / (4.1 MB). Loaded Objects now: 7359.
Memory consumption went from 156.7 MB to 152.6 MB.
Total: 8.299916 ms (FindLiveObjects: 0.461750 ms CreateObjectMapping: 0.332583 ms MarkObjects: 5.472875 ms  DeleteObjects: 2.031541 ms)

Prepare: number of updated asset objects reloaded= 0
========================================================================
Received Prepare
Refreshing native plugins compatible for Editor in 0.94 ms, found 5 plugins.
Preloading 0 native plugins for Editor in 0.00 ms.
Unloading 14 Unused Serialized files (Serialized files now loaded: 0)
Unloading 6574 unused Assets / (4.2 MB). Loaded Objects now: 7359.
Memory consumption went from 147.9 MB to 143.6 MB.
Total: 7.825750 ms (FindLiveObjects: 0.401584 ms CreateObjectMapping: 0.235791 ms MarkObjects: 5.271875 ms  DeleteObjects: 1.915625 ms)

Prepare: number of updated asset objects reloaded= 0
========================================================================
Received Import Request.
  Time since last request: 25.838235 seconds.
  path: Assets/Scripts/GameSystem/PlayerAnswer.cs
  artifactKey: Guid(ec4a9223debf144f79d33ef4eb1872f1) Importer(815301076,1909f56bfc062723c751e8b465ee728b)
Start importing Assets/Scripts/GameSystem/PlayerAnswer.cs using Guid(ec4a9223debf144f79d33ef4eb1872f1) Importer(815301076,1909f56bfc062723c751e8b465ee728b) (PreviewImporter) -> (artifact id: 'f786d575983d4d2946319a721774df42') in 0.001253583 seconds
Number of updated asset objects reloaded before import = 0Number of asset objects unloaded after import = 0

========================================================================
Received Prepare
Begin MonoManager ReloadAssembly
Thread 0x17f307000 may have been prematurely finalized
- Loaded All Assemblies, in  0.654 seconds
Refreshing native plugins compatible for Editor in 0.85 ms, found 5 plugins.
Native extension for LinuxStandalone target not found
Native extension for iOS target not found
Native extension for Android target not found
Native extension for OSXStandalone target not found
Native extension for WebGL target not found
Mono: successfully reloaded assembly
- Finished resetting the current domain, in  0.865 seconds
Domain Reload Profiling: 1522ms
	BeginReloadAssembly (159ms)
		ExecutionOrderSort (0ms)
		DisableScriptedObjects (5ms)
		BackupInstance (0ms)
		ReleaseScriptingObjects (0ms)
		CreateAndSetChildDomain (71ms)
	RebuildCommonClasses (42ms)
	RebuildNativeTypeToScriptingClass (13ms)
	initialDomainReloadingComplete (22ms)
	LoadAllAssembliesAndSetupDomain (420ms)
		LoadAssemblies (268ms)
		RebuildTransferFunctionScriptingTraits (0ms)
		AnalyzeDomain (197ms)
			TypeCache.Refresh (12ms)
				TypeCache.ScanAssembly (2ms)
			BuildScriptInfoCaches (167ms)
			ResolveRequiredComponents (15ms)
	FinalizeReload (865ms)
		ReleaseScriptCaches (0ms)
		RebuildScriptCaches (0ms)
		SetupLoadedEditorAssemblies (662ms)
			LogAssemblyErrors (0ms)
			InitializePlatformSupportModulesInManaged (46ms)
			SetLoadedEditorAssemblies (6ms)
			BeforeProcessingInitializeOnLoad (129ms)
			ProcessInitializeOnLoadAttributes (425ms)
			ProcessInitializeOnLoadMethodAttributes (55ms)
			AfterProcessingInitializeOnLoad (1ms)
			EditorAssembliesLoaded (0ms)
		ExecutionOrderSort2 (0ms)
		AwakeInstancesAfterBackupRestoration (9ms)
Refreshing native plugins compatible for Editor in 1.01 ms, found 5 plugins.
Preloading 0 native plugins for Editor in 0.00 ms.
Unloading 14 Unused Serialized files (Serialized files now loaded: 0)
Unloading 6593 unused Assets / (4.3 MB). Loaded Objects now: 7361.
Memory consumption went from 156.7 MB to 152.3 MB.
Total: 8.721125 ms (FindLiveObjects: 0.416750 ms CreateObjectMapping: 0.344417 ms MarkObjects: 5.477833 ms  DeleteObjects: 2.481250 ms)

Prepare: number of updated asset objects reloaded= 0
========================================================================
Received Prepare
Refreshing native plugins compatible for Editor in 0.95 ms, found 5 plugins.
Preloading 0 native plugins for Editor in 0.00 ms.
Unloading 14 Unused Serialized files (Serialized files now loaded: 0)
Unloading 6574 unused Assets / (4.2 MB). Loaded Objects now: 7361.
Memory consumption went from 147.9 MB to 143.6 MB.
Total: 7.763334 ms (FindLiveObjects: 0.436583 ms CreateObjectMapping: 0.264250 ms MarkObjects: 5.205542 ms  DeleteObjects: 1.856000 ms)

Prepare: number of updated asset objects reloaded= 0
========================================================================
Received Prepare
Begin MonoManager ReloadAssembly
Thread 0x17f307000 may have been prematurely finalized
- Loaded All Assemblies, in  0.669 seconds
Refreshing native plugins compatible for Editor in 0.88 ms, found 5 plugins.
Native extension for LinuxStandalone target not found
Native extension for iOS target not found
Native extension for Android target not found
Native extension for OSXStandalone target not found
Native extension for WebGL target not found
Mono: successfully reloaded assembly
- Finished resetting the current domain, in  0.865 seconds
Domain Reload Profiling: 1537ms
	BeginReloadAssembly (165ms)
		ExecutionOrderSort (0ms)
		DisableScriptedObjects (5ms)
		BackupInstance (0ms)
		ReleaseScriptingObjects (0ms)
		CreateAndSetChildDomain (74ms)
	RebuildCommonClasses (45ms)
	RebuildNativeTypeToScriptingClass (14ms)
	initialDomainReloadingComplete (24ms)
	LoadAllAssembliesAndSetupDomain (425ms)
		LoadAssemblies (269ms)
		RebuildTransferFunctionScriptingTraits (0ms)
		AnalyzeDomain (204ms)
			TypeCache.Refresh (12ms)
				TypeCache.ScanAssembly (2ms)
			BuildScriptInfoCaches (174ms)
			ResolveRequiredComponents (15ms)
	FinalizeReload (865ms)
		ReleaseScriptCaches (0ms)
		RebuildScriptCaches (0ms)
		SetupLoadedEditorAssemblies (654ms)
			LogAssemblyErrors (0ms)
			InitializePlatformSupportModulesInManaged (46ms)
			SetLoadedEditorAssemblies (6ms)
			BeforeProcessingInitializeOnLoad (126ms)
			ProcessInitializeOnLoadAttributes (421ms)
			ProcessInitializeOnLoadMethodAttributes (54ms)
			AfterProcessingInitializeOnLoad (1ms)
			EditorAssembliesLoaded (0ms)
		ExecutionOrderSort2 (0ms)
		AwakeInstancesAfterBackupRestoration (9ms)
Refreshing native plugins compatible for Editor in 1.02 ms, found 5 plugins.
Preloading 0 native plugins for Editor in 0.00 ms.
Unloading 14 Unused Serialized files (Serialized files now loaded: 0)
Unloading 6593 unused Assets / (4.2 MB). Loaded Objects now: 7363.
Memory consumption went from 156.5 MB to 152.4 MB.
Total: 8.508208 ms (FindLiveObjects: 0.532417 ms CreateObjectMapping: 0.446625 ms MarkObjects: 5.434125 ms  DeleteObjects: 2.094042 ms)

Prepare: number of updated asset objects reloaded= 0
========================================================================
Received Prepare
Refreshing native plugins compatible for Editor in 1.01 ms, found 5 plugins.
Preloading 0 native plugins for Editor in 0.00 ms.
Unloading 14 Unused Serialized files (Serialized files now loaded: 0)
Unloading 6574 unused Assets / (4.2 MB). Loaded Objects now: 7363.
Memory consumption went from 147.9 MB to 143.7 MB.
Total: 6.913834 ms (FindLiveObjects: 0.363583 ms CreateObjectMapping: 0.220334 ms MarkObjects: 4.778958 ms  DeleteObjects: 1.550417 ms)

Prepare: number of updated asset objects reloaded= 0
========================================================================
Received Prepare
Begin MonoManager ReloadAssembly
Thread 0x17f307000 may have been prematurely finalized
- Loaded All Assemblies, in  0.617 seconds
Refreshing native plugins compatible for Editor in 0.82 ms, found 5 plugins.
Native extension for LinuxStandalone target not found
Native extension for iOS target not found
Native extension for Android target not found
Native extension for OSXStandalone target not found
Native extension for WebGL target not found
Mono: successfully reloaded assembly
- Finished resetting the current domain, in  0.814 seconds
Domain Reload Profiling: 1434ms
	BeginReloadAssembly (154ms)
		ExecutionOrderSort (0ms)
		DisableScriptedObjects (5ms)
		BackupInstance (0ms)
		ReleaseScriptingObjects (0ms)
		CreateAndSetChildDomain (67ms)
	RebuildCommonClasses (41ms)
	RebuildNativeTypeToScriptingClass (13ms)
	initialDomainReloadingComplete (21ms)
	LoadAllAssembliesAndSetupDomain (390ms)
		LoadAssemblies (244ms)
		RebuildTransferFunctionScriptingTraits (0ms)
		AnalyzeDomain (192ms)
			TypeCache.Refresh (12ms)
				TypeCache.ScanAssembly (2ms)
			BuildScriptInfoCaches (162ms)
			ResolveRequiredComponents (14ms)
	FinalizeReload (814ms)
		ReleaseScriptCaches (0ms)
		RebuildScriptCaches (0ms)
		SetupLoadedEditorAssemblies (618ms)
			LogAssemblyErrors (0ms)
			InitializePlatformSupportModulesInManaged (43ms)
			SetLoadedEditorAssemblies (6ms)
			BeforeProcessingInitializeOnLoad (116ms)
			ProcessInitializeOnLoadAttributes (402ms)
			ProcessInitializeOnLoadMethodAttributes (49ms)
			AfterProcessingInitializeOnLoad (1ms)
			EditorAssembliesLoaded (0ms)
		ExecutionOrderSort2 (0ms)
		AwakeInstancesAfterBackupRestoration (8ms)
Refreshing native plugins compatible for Editor in 0.95 ms, found 5 plugins.
Preloading 0 native plugins for Editor in 0.00 ms.
Unloading 14 Unused Serialized files (Serialized files now loaded: 0)
Unloading 6593 unused Assets / (4.3 MB). Loaded Objects now: 7365.
Memory consumption went from 156.6 MB to 152.2 MB.
Total: 7.141458 ms (FindLiveObjects: 0.365167 ms CreateObjectMapping: 0.322750 ms MarkObjects: 4.745417 ms  DeleteObjects: 1.707500 ms)

Prepare: number of updated asset objects reloaded= 0
========================================================================
Received Prepare
Refreshing native plugins compatible for Editor in 0.91 ms, found 5 plugins.
Preloading 0 native plugins for Editor in 0.00 ms.
Unloading 14 Unused Serialized files (Serialized files now loaded: 0)
Unloading 6574 unused Assets / (4.2 MB). Loaded Objects now: 7365.
Memory consumption went from 147.9 MB to 143.6 MB.
Total: 7.076042 ms (FindLiveObjects: 0.365333 ms CreateObjectMapping: 0.214542 ms MarkObjects: 4.850167 ms  DeleteObjects: 1.645500 ms)

Prepare: number of updated asset objects reloaded= 0
========================================================================
Received Prepare
Begin MonoManager ReloadAssembly
Thread 0x17f307000 may have been prematurely finalized
- Loaded All Assemblies, in  0.622 seconds
Refreshing native plugins compatible for Editor in 0.84 ms, found 5 plugins.
Native extension for LinuxStandalone target not found
Native extension for iOS target not found
Native extension for Android target not found
Native extension for OSXStandalone target not found
Native extension for WebGL target not found
Mono: successfully reloaded assembly
- Finished resetting the current domain, in  0.804 seconds
Domain Reload Profiling: 1429ms
	BeginReloadAssembly (157ms)
		ExecutionOrderSort (0ms)
		DisableScriptedObjects (5ms)
		BackupInstance (0ms)
		ReleaseScriptingObjects (0ms)
		CreateAndSetChildDomain (68ms)
	RebuildCommonClasses (41ms)
	RebuildNativeTypeToScriptingClass (14ms)
	initialDomainReloadingComplete (21ms)
	LoadAllAssembliesAndSetupDomain (392ms)
		LoadAssemblies (247ms)
		RebuildTransferFunctionScriptingTraits (0ms)
		AnalyzeDomain (191ms)
			TypeCache.Refresh (12ms)
				TypeCache.ScanAssembly (2ms)
			BuildScriptInfoCaches (162ms)
			ResolveRequiredComponents (15ms)
	FinalizeReload (805ms)
		ReleaseScriptCaches (0ms)
		RebuildScriptCaches (0ms)
		SetupLoadedEditorAssemblies (610ms)
			LogAssemblyErrors (0ms)
			InitializePlatformSupportModulesInManaged (42ms)
			SetLoadedEditorAssemblies (6ms)
			BeforeProcessingInitializeOnLoad (117ms)
			ProcessInitializeOnLoadAttributes (392ms)
			ProcessInitializeOnLoadMethodAttributes (53ms)
			AfterProcessingInitializeOnLoad (1ms)
			EditorAssembliesLoaded (1ms)
		ExecutionOrderSort2 (0ms)
		AwakeInstancesAfterBackupRestoration (8ms)
Refreshing native plugins compatible for Editor in 1.11 ms, found 5 plugins.
Preloading 0 native plugins for Editor in 0.00 ms.
Unloading 14 Unused Serialized files (Serialized files now loaded: 0)
Unloading 6593 unused Assets / (4.2 MB). Loaded Objects now: 7367.
Memory consumption went from 156.6 MB to 152.4 MB.
Total: 7.045875 ms (FindLiveObjects: 0.365541 ms CreateObjectMapping: 0.292584 ms MarkObjects: 4.712917 ms  DeleteObjects: 1.674500 ms)

Prepare: number of updated asset objects reloaded= 0
========================================================================
Received Prepare
Refreshing native plugins compatible for Editor in 1.00 ms, found 5 plugins.
Preloading 0 native plugins for Editor in 0.00 ms.
Unloading 14 Unused Serialized files (Serialized files now loaded: 0)
Unloading 6574 unused Assets / (4.2 MB). Loaded Objects now: 7367.
Memory consumption went from 147.9 MB to 143.7 MB.
Total: 6.960209 ms (FindLiveObjects: 0.374875 ms CreateObjectMapping: 0.217000 ms MarkObjects: 4.788375 ms  DeleteObjects: 1.579250 ms)

Prepare: number of updated asset objects reloaded= 0
========================================================================
Received Prepare
Begin MonoManager ReloadAssembly
Thread 0x17f307000 may have been prematurely finalized
- Loaded All Assemblies, in  0.627 seconds
Refreshing native plugins compatible for Editor in 0.88 ms, found 5 plugins.
Native extension for LinuxStandalone target not found
Native extension for iOS target not found
Native extension for Android target not found
Native extension for OSXStandalone target not found
Native extension for WebGL target not found
Mono: successfully reloaded assembly
- Finished resetting the current domain, in  0.827 seconds
Domain Reload Profiling: 1457ms
	BeginReloadAssembly (153ms)
		ExecutionOrderSort (0ms)
		DisableScriptedObjects (5ms)
		BackupInstance (0ms)
		ReleaseScriptingObjects (0ms)
		CreateAndSetChildDomain (67ms)
	RebuildCommonClasses (41ms)
	RebuildNativeTypeToScriptingClass (13ms)
	initialDomainReloadingComplete (21ms)
	LoadAllAssembliesAndSetupDomain (401ms)
		LoadAssemblies (254ms)
		RebuildTransferFunctionScriptingTraits (0ms)
		AnalyzeDomain (192ms)
			TypeCache.Refresh (12ms)
				TypeCache.ScanAssembly (2ms)
			BuildScriptInfoCaches (163ms)
			ResolveRequiredComponents (14ms)
	FinalizeReload (828ms)
		ReleaseScriptCaches (0ms)
		RebuildScriptCaches (0ms)
		SetupLoadedEditorAssemblies (622ms)
			LogAssemblyErrors (0ms)
			InitializePlatformSupportModulesInManaged (44ms)
			SetLoadedEditorAssemblies (6ms)
			BeforeProcessingInitializeOnLoad (119ms)
			ProcessInitializeOnLoadAttributes (401ms)
			ProcessInitializeOnLoadMethodAttributes (51ms)
			AfterProcessingInitializeOnLoad (1ms)
			EditorAssembliesLoaded (0ms)
		ExecutionOrderSort2 (0ms)
		AwakeInstancesAfterBackupRestoration (8ms)
Refreshing native plugins compatible for Editor in 0.96 ms, found 5 plugins.
Preloading 0 native plugins for Editor in 0.00 ms.
Unloading 14 Unused Serialized files (Serialized files now loaded: 0)
Unloading 6593 unused Assets / (4.4 MB). Loaded Objects now: 7369.
Memory consumption went from 156.6 MB to 152.1 MB.
Total: 7.250833 ms (FindLiveObjects: 0.398458 ms CreateObjectMapping: 0.281042 ms MarkObjects: 4.792583 ms  DeleteObjects: 1.777959 ms)

Prepare: number of updated asset objects reloaded= 0
========================================================================
Received Prepare
Refreshing native plugins compatible for Editor in 0.91 ms, found 5 plugins.
Preloading 0 native plugins for Editor in 0.00 ms.
Unloading 14 Unused Serialized files (Serialized files now loaded: 0)
Unloading 6574 unused Assets / (4.0 MB). Loaded Objects now: 7369.
Memory consumption went from 147.9 MB to 143.9 MB.
Total: 6.941916 ms (FindLiveObjects: 0.343084 ms CreateObjectMapping: 0.207709 ms MarkObjects: 4.772416 ms  DeleteObjects: 1.618125 ms)

Prepare: number of updated asset objects reloaded= 0
========================================================================
Received Import Request.
  Time since last request: 364.127350 seconds.
  path: Assets/Scripts/Test/Test_APIConnector.cs
  artifactKey: Guid(c7d921d540b9a4d8a9b9b1a9f0f50ab8) Importer(2089858483,192608db42251d675da83286b1cce702)
Start importing Assets/Scripts/Test/Test_APIConnector.cs using Guid(c7d921d540b9a4d8a9b9b1a9f0f50ab8) Importer(2089858483,192608db42251d675da83286b1cce702) (ScriptedImporter) -> (artifact id: '946c345fafa4757694a0e3d2786c5e16') in 0.164523 seconds
Number of updated asset objects reloaded before import = 0Number of asset objects unloaded after import = 0

========================================================================
Received Prepare
Begin MonoManager ReloadAssembly
Thread 0x17f307000 may have been prematurely finalized
- Loaded All Assemblies, in  0.616 seconds
Refreshing native plugins compatible for Editor in 1.17 ms, found 5 plugins.
Native extension for LinuxStandalone target not found
Native extension for iOS target not found
Native extension for Android target not found
Native extension for OSXStandalone target not found
Native extension for WebGL target not found
Mono: successfully reloaded assembly
- Finished resetting the current domain, in  0.802 seconds
Domain Reload Profiling: 1421ms
	BeginReloadAssembly (167ms)
		ExecutionOrderSort (0ms)
		DisableScriptedObjects (5ms)
		BackupInstance (0ms)
		ReleaseScriptingObjects (0ms)
		CreateAndSetChildDomain (85ms)
	RebuildCommonClasses (40ms)
	RebuildNativeTypeToScriptingClass (13ms)
	initialDomainReloadingComplete (21ms)
	LoadAllAssembliesAndSetupDomain (378ms)
		LoadAssemblies (234ms)
		RebuildTransferFunctionScriptingTraits (0ms)
		AnalyzeDomain (186ms)
			TypeCache.Refresh (12ms)
				TypeCache.ScanAssembly (2ms)
			BuildScriptInfoCaches (157ms)
			ResolveRequiredComponents (14ms)
	FinalizeReload (802ms)
		ReleaseScriptCaches (0ms)
		RebuildScriptCaches (0ms)
		SetupLoadedEditorAssemblies (614ms)
			LogAssemblyErrors (0ms)
			InitializePlatformSupportModulesInManaged (42ms)
			SetLoadedEditorAssemblies (5ms)
			BeforeProcessingInitializeOnLoad (114ms)
			ProcessInitializeOnLoadAttributes (403ms)
			ProcessInitializeOnLoadMethodAttributes (49ms)
			AfterProcessingInitializeOnLoad (1ms)
			EditorAssembliesLoaded (0ms)
		ExecutionOrderSort2 (0ms)
		AwakeInstancesAfterBackupRestoration (7ms)
Refreshing native plugins compatible for Editor in 1.23 ms, found 5 plugins.
Preloading 0 native plugins for Editor in 0.00 ms.
Unloading 14 Unused Serialized files (Serialized files now loaded: 0)
Unloading 6593 unused Assets / (4.2 MB). Loaded Objects now: 7371.
Memory consumption went from 156.9 MB to 152.8 MB.
Total: 7.210625 ms (FindLiveObjects: 0.379708 ms CreateObjectMapping: 0.305625 ms MarkObjects: 4.810583 ms  DeleteObjects: 1.714125 ms)

Prepare: number of updated asset objects reloaded= 0
========================================================================
Received Prepare
Refreshing native plugins compatible for Editor in 1.02 ms, found 5 plugins.
Preloading 0 native plugins for Editor in 0.00 ms.
Unloading 14 Unused Serialized files (Serialized files now loaded: 0)
Unloading 6574 unused Assets / (3.8 MB). Loaded Objects now: 7371.
Memory consumption went from 147.9 MB to 144.1 MB.
Total: 6.894666 ms (FindLiveObjects: 0.365875 ms CreateObjectMapping: 0.215333 ms MarkObjects: 4.691667 ms  DeleteObjects: 1.621250 ms)

Prepare: number of updated asset objects reloaded= 0
========================================================================
Received Import Request.
  Time since last request: 32.735239 seconds.
  path: Assets/Scripts/Test/OutputTextBox.cs
  artifactKey: Guid(083acdf9178204e7eb3f5bf514e8c626) Importer(2089858483,192608db42251d675da83286b1cce702)
Start importing Assets/Scripts/Test/OutputTextBox.cs using Guid(083acdf9178204e7eb3f5bf514e8c626) Importer(2089858483,192608db42251d675da83286b1cce702) (ScriptedImporter) -> (artifact id: '4f802e4c658108051b2de99417f5eb4e') in 0.166765416 seconds
Number of updated asset objects reloaded before import = 0Number of asset objects unloaded after import = 0

========================================================================
Received Prepare
Begin MonoManager ReloadAssembly
Thread 0x17f307000 may have been prematurely finalized
- Loaded All Assemblies, in  0.620 seconds
Refreshing native plugins compatible for Editor in 1.03 ms, found 5 plugins.
Native extension for LinuxStandalone target not found
Native extension for iOS target not found
Native extension for Android target not found
Native extension for OSXStandalone target not found
Native extension for WebGL target not found
Mono: successfully reloaded assembly
- Finished resetting the current domain, in  0.827 seconds
Domain Reload Profiling: 1450ms
	BeginReloadAssembly (169ms)
		ExecutionOrderSort (0ms)
		DisableScriptedObjects (5ms)
		BackupInstance (0ms)
		ReleaseScriptingObjects (0ms)
		CreateAndSetChildDomain (87ms)
	RebuildCommonClasses (40ms)
	RebuildNativeTypeToScriptingClass (13ms)
	initialDomainReloadingComplete (21ms)
	LoadAllAssembliesAndSetupDomain (379ms)
		LoadAssemblies (231ms)
		RebuildTransferFunctionScriptingTraits (0ms)
		AnalyzeDomain (190ms)
			TypeCache.Refresh (12ms)
				TypeCache.ScanAssembly (2ms)
			BuildScriptInfoCaches (161ms)
			ResolveRequiredComponents (14ms)
	FinalizeReload (828ms)
		ReleaseScriptCaches (0ms)
		RebuildScriptCaches (0ms)
		SetupLoadedEditorAssemblies (636ms)
			LogAssemblyErrors (0ms)
			InitializePlatformSupportModulesInManaged (41ms)
			SetLoadedEditorAssemblies (6ms)
			BeforeProcessingInitializeOnLoad (127ms)
			ProcessInitializeOnLoadAttributes (409ms)
			ProcessInitializeOnLoadMethodAttributes (52ms)
			AfterProcessingInitializeOnLoad (1ms)
			EditorAssembliesLoaded (0ms)
		ExecutionOrderSort2 (0ms)
		AwakeInstancesAfterBackupRestoration (8ms)
Refreshing native plugins compatible for Editor in 0.92 ms, found 5 plugins.
Preloading 0 native plugins for Editor in 0.00 ms.
Unloading 14 Unused Serialized files (Serialized files now loaded: 0)
Unloading 6593 unused Assets / (4.3 MB). Loaded Objects now: 7373.
Memory consumption went from 156.8 MB to 152.5 MB.
Total: 7.348125 ms (FindLiveObjects: 0.403458 ms CreateObjectMapping: 0.320375 ms MarkObjects: 4.866709 ms  DeleteObjects: 1.757000 ms)

Prepare: number of updated asset objects reloaded= 0
========================================================================
Received Prepare
Refreshing native plugins compatible for Editor in 0.92 ms, found 5 plugins.
Preloading 0 native plugins for Editor in 0.00 ms.
Unloading 14 Unused Serialized files (Serialized files now loaded: 0)
Unloading 6573 unused Assets / (4.3 MB). Loaded Objects now: 7372.
Memory consumption went from 147.9 MB to 143.6 MB.
Total: 6.974583 ms (FindLiveObjects: 0.389875 ms CreateObjectMapping: 0.235125 ms MarkObjects: 4.783625 ms  DeleteObjects: 1.565458 ms)

Prepare: number of updated asset objects reloaded= 0
========================================================================
Received Prepare
Refreshing native plugins compatible for Editor in 1.02 ms, found 5 plugins.
Preloading 0 native plugins for Editor in 0.00 ms.
Unloading 14 Unused Serialized files (Serialized files now loaded: 0)
Unloading 6572 unused Assets / (4.2 MB). Loaded Objects now: 7371.
Memory consumption went from 147.9 MB to 143.7 MB.
Total: 6.845750 ms (FindLiveObjects: 0.367750 ms CreateObjectMapping: 0.212209 ms MarkObjects: 4.666334 ms  DeleteObjects: 1.598875 ms)

Prepare: number of updated asset objects reloaded= 0
========================================================================
Received Prepare
Begin MonoManager ReloadAssembly
Thread 0x17f307000 may have been prematurely finalized
- Loaded All Assemblies, in  0.602 seconds
Refreshing native plugins compatible for Editor in 0.83 ms, found 5 plugins.
Native extension for LinuxStandalone target not found
Native extension for iOS target not found
Native extension for Android target not found
Native extension for OSXStandalone target not found
Native extension for WebGL target not found
Mono: successfully reloaded assembly
- Finished resetting the current domain, in  0.783 seconds
Domain Reload Profiling: 1388ms
	BeginReloadAssembly (147ms)
		ExecutionOrderSort (0ms)
		DisableScriptedObjects (5ms)
		BackupInstance (0ms)
		ReleaseScriptingObjects (0ms)
		CreateAndSetChildDomain (67ms)
	RebuildCommonClasses (40ms)
	RebuildNativeTypeToScriptingClass (13ms)
	initialDomainReloadingComplete (21ms)
	LoadAllAssembliesAndSetupDomain (384ms)
		LoadAssemblies (234ms)
		RebuildTransferFunctionScriptingTraits (0ms)
		AnalyzeDomain (190ms)
			TypeCache.Refresh (12ms)
				TypeCache.ScanAssembly (2ms)
			BuildScriptInfoCaches (161ms)
			ResolveRequiredComponents (14ms)
	FinalizeReload (783ms)
		ReleaseScriptCaches (0ms)
		RebuildScriptCaches (0ms)
		SetupLoadedEditorAssemblies (596ms)
			LogAssemblyErrors (0ms)
			InitializePlatformSupportModulesInManaged (40ms)
			SetLoadedEditorAssemblies (5ms)
			BeforeProcessingInitializeOnLoad (117ms)
			ProcessInitializeOnLoadAttributes (385ms)
			ProcessInitializeOnLoadMethodAttributes (47ms)
			AfterProcessingInitializeOnLoad (1ms)
			EditorAssembliesLoaded (0ms)
		ExecutionOrderSort2 (0ms)
		AwakeInstancesAfterBackupRestoration (7ms)
Refreshing native plugins compatible for Editor in 0.93 ms, found 5 plugins.
Preloading 0 native plugins for Editor in 0.00 ms.
Unloading 14 Unused Serialized files (Serialized files now loaded: 0)
Unloading 6591 unused Assets / (3.9 MB). Loaded Objects now: 7373.
Memory consumption went from 156.3 MB to 152.5 MB.
Total: 7.406834 ms (FindLiveObjects: 0.369834 ms CreateObjectMapping: 0.273542 ms MarkObjects: 4.810458 ms  DeleteObjects: 1.952417 ms)

Prepare: number of updated asset objects reloaded= 0
========================================================================
Received Prepare
Refreshing native plugins compatible for Editor in 0.90 ms, found 5 plugins.
Preloading 0 native plugins for Editor in 0.00 ms.
Unloading 14 Unused Serialized files (Serialized files now loaded: 0)
Unloading 6571 unused Assets / (4.2 MB). Loaded Objects now: 7372.
Memory consumption went from 147.9 MB to 143.7 MB.
Total: 6.982083 ms (FindLiveObjects: 0.371375 ms CreateObjectMapping: 0.220792 ms MarkObjects: 4.719250 ms  DeleteObjects: 1.669958 ms)

Prepare: number of updated asset objects reloaded= 0
========================================================================
Received Prepare
Begin MonoManager ReloadAssembly
Thread 0x17f307000 may have been prematurely finalized
- Loaded All Assemblies, in  0.610 seconds
Refreshing native plugins compatible for Editor in 0.82 ms, found 5 plugins.
Native extension for LinuxStandalone target not found
Native extension for iOS target not found
Native extension for Android target not found
Native extension for OSXStandalone target not found
Native extension for WebGL target not found
Mono: successfully reloaded assembly
- Finished resetting the current domain, in  0.804 seconds
Domain Reload Profiling: 1417ms
	BeginReloadAssembly (151ms)
		ExecutionOrderSort (0ms)
		DisableScriptedObjects (5ms)
		BackupInstance (0ms)
		ReleaseScriptingObjects (0ms)
		CreateAndSetChildDomain (70ms)
	RebuildCommonClasses (40ms)
	RebuildNativeTypeToScriptingClass (13ms)
	initialDomainReloadingComplete (21ms)
	LoadAllAssembliesAndSetupDomain (388ms)
		LoadAssemblies (234ms)
		RebuildTransferFunctionScriptingTraits (0ms)
		AnalyzeDomain (195ms)
			TypeCache.Refresh (12ms)
				TypeCache.ScanAssembly (2ms)
			BuildScriptInfoCaches (165ms)
			ResolveRequiredComponents (15ms)
	FinalizeReload (804ms)
		ReleaseScriptCaches (0ms)
		RebuildScriptCaches (0ms)
		SetupLoadedEditorAssemblies (611ms)
			LogAssemblyErrors (0ms)
			InitializePlatformSupportModulesInManaged (43ms)
			SetLoadedEditorAssemblies (6ms)
			BeforeProcessingInitializeOnLoad (117ms)
			ProcessInitializeOnLoadAttributes (392ms)
			ProcessInitializeOnLoadMethodAttributes (53ms)
			AfterProcessingInitializeOnLoad (1ms)
			EditorAssembliesLoaded (0ms)
		ExecutionOrderSort2 (0ms)
		AwakeInstancesAfterBackupRestoration (8ms)
Refreshing native plugins compatible for Editor in 0.91 ms, found 5 plugins.
Preloading 0 native plugins for Editor in 0.00 ms.
Unloading 14 Unused Serialized files (Serialized files now loaded: 0)
Unloading 6590 unused Assets / (4.1 MB). Loaded Objects now: 7374.
Memory consumption went from 156.3 MB to 152.3 MB.
Total: 7.023208 ms (FindLiveObjects: 0.375583 ms CreateObjectMapping: 0.285917 ms MarkObjects: 4.711250 ms  DeleteObjects: 1.650041 ms)

Prepare: number of updated asset objects reloaded= 0
========================================================================
Received Prepare
Refreshing native plugins compatible for Editor in 1.19 ms, found 5 plugins.
Preloading 0 native plugins for Editor in 0.00 ms.
Unloading 14 Unused Serialized files (Serialized files now loaded: 0)
Unloading 6571 unused Assets / (4.4 MB). Loaded Objects now: 7374.
Memory consumption went from 147.9 MB to 143.5 MB.
Total: 7.629500 ms (FindLiveObjects: 0.406875 ms CreateObjectMapping: 0.242541 ms MarkObjects: 5.133334 ms  DeleteObjects: 1.845667 ms)

Prepare: number of updated asset objects reloaded= 0
========================================================================
Received Prepare
Begin MonoManager ReloadAssembly
Thread 0x16b5c7000 may have been prematurely finalized
- Loaded All Assemblies, in  0.604 seconds
Refreshing native plugins compatible for Editor in 0.98 ms, found 5 plugins.
Native extension for LinuxStandalone target not found
Native extension for iOS target not found
Native extension for Android target not found
Native extension for OSXStandalone target not found
Native extension for WebGL target not found
Mono: successfully reloaded assembly
- Finished resetting the current domain, in  0.788 seconds
Domain Reload Profiling: 1394ms
	BeginReloadAssembly (148ms)
		ExecutionOrderSort (0ms)
		DisableScriptedObjects (5ms)
		BackupInstance (0ms)
		ReleaseScriptingObjects (0ms)
		CreateAndSetChildDomain (65ms)
	RebuildCommonClasses (40ms)
	RebuildNativeTypeToScriptingClass (13ms)
	initialDomainReloadingComplete (21ms)
	LoadAllAssembliesAndSetupDomain (384ms)
		LoadAssemblies (237ms)
		RebuildTransferFunctionScriptingTraits (0ms)
		AnalyzeDomain (189ms)
			TypeCache.Refresh (12ms)
				TypeCache.ScanAssembly (2ms)
			BuildScriptInfoCaches (161ms)
			ResolveRequiredComponents (14ms)
	FinalizeReload (788ms)
		ReleaseScriptCaches (0ms)
		RebuildScriptCaches (0ms)
		SetupLoadedEditorAssemblies (600ms)
			LogAssemblyErrors (0ms)
			InitializePlatformSupportModulesInManaged (41ms)
			SetLoadedEditorAssemblies (5ms)
			BeforeProcessingInitializeOnLoad (116ms)
			ProcessInitializeOnLoadAttributes (388ms)
			ProcessInitializeOnLoadMethodAttributes (48ms)
			AfterProcessingInitializeOnLoad (1ms)
			EditorAssembliesLoaded (0ms)
		ExecutionOrderSort2 (0ms)
		AwakeInstancesAfterBackupRestoration (7ms)
Refreshing native plugins compatible for Editor in 0.91 ms, found 5 plugins.
Preloading 0 native plugins for Editor in 0.00 ms.
Unloading 14 Unused Serialized files (Serialized files now loaded: 0)
Unloading 6590 unused Assets / (4.1 MB). Loaded Objects now: 7376.
Memory consumption went from 156.3 MB to 152.2 MB.
Total: 7.126375 ms (FindLiveObjects: 0.365958 ms CreateObjectMapping: 0.285333 ms MarkObjects: 4.684292 ms  DeleteObjects: 1.790292 ms)

Prepare: number of updated asset objects reloaded= 0
========================================================================
Received Prepare
Refreshing native plugins compatible for Editor in 1.37 ms, found 5 plugins.
Preloading 0 native plugins for Editor in 0.00 ms.
Unloading 14 Unused Serialized files (Serialized files now loaded: 0)
Unloading 6571 unused Assets / (4.1 MB). Loaded Objects now: 7376.
Memory consumption went from 147.9 MB to 143.8 MB.
Total: 8.780583 ms (FindLiveObjects: 0.408667 ms CreateObjectMapping: 0.234333 ms MarkObjects: 6.337542 ms  DeleteObjects: 1.799459 ms)

Prepare: number of updated asset objects reloaded= 0
========================================================================
Received Prepare
Begin MonoManager ReloadAssembly
Thread 0x16b5c7000 may have been prematurely finalized
- Loaded All Assemblies, in  0.653 seconds
Refreshing native plugins compatible for Editor in 0.82 ms, found 5 plugins.
Native extension for LinuxStandalone target not found
Native extension for iOS target not found
Native extension for Android target not found
Native extension for OSXStandalone target not found
Native extension for WebGL target not found
Mono: successfully reloaded assembly
- Finished resetting the current domain, in  0.789 seconds
Domain Reload Profiling: 1444ms
	BeginReloadAssembly (155ms)
		ExecutionOrderSort (0ms)
		DisableScriptedObjects (5ms)
		BackupInstance (0ms)
		ReleaseScriptingObjects (0ms)
		CreateAndSetChildDomain (69ms)
	RebuildCommonClasses (40ms)
	RebuildNativeTypeToScriptingClass (13ms)
	initialDomainReloadingComplete (21ms)
	LoadAllAssembliesAndSetupDomain (425ms)
		LoadAssemblies (275ms)
		RebuildTransferFunctionScriptingTraits (0ms)
		AnalyzeDomain (195ms)
			TypeCache.Refresh (14ms)
				TypeCache.ScanAssembly (2ms)
			BuildScriptInfoCaches (164ms)
			ResolveRequiredComponents (14ms)
	FinalizeReload (789ms)
		ReleaseScriptCaches (0ms)
		RebuildScriptCaches (0ms)
		SetupLoadedEditorAssemblies (601ms)
			LogAssemblyErrors (0ms)
			InitializePlatformSupportModulesInManaged (43ms)
			SetLoadedEditorAssemblies (6ms)
			BeforeProcessingInitializeOnLoad (117ms)
			ProcessInitializeOnLoadAttributes (388ms)
			ProcessInitializeOnLoadMethodAttributes (47ms)
			AfterProcessingInitializeOnLoad (1ms)
			EditorAssembliesLoaded (0ms)
		ExecutionOrderSort2 (0ms)
		AwakeInstancesAfterBackupRestoration (7ms)
Refreshing native plugins compatible for Editor in 1.00 ms, found 5 plugins.
Preloading 0 native plugins for Editor in 0.00 ms.
Unloading 14 Unused Serialized files (Serialized files now loaded: 0)
Unloading 6590 unused Assets / (4.2 MB). Loaded Objects now: 7378.
Memory consumption went from 156.3 MB to 152.2 MB.
Total: 7.288333 ms (FindLiveObjects: 0.377416 ms CreateObjectMapping: 0.279292 ms MarkObjects: 4.834125 ms  DeleteObjects: 1.796792 ms)

Prepare: number of updated asset objects reloaded= 0
========================================================================
Received Prepare
Refreshing native plugins compatible for Editor in 1.15 ms, found 5 plugins.
Preloading 0 native plugins for Editor in 0.00 ms.
Unloading 14 Unused Serialized files (Serialized files now loaded: 0)
Unloading 6572 unused Assets / (4.2 MB). Loaded Objects now: 7379.
Memory consumption went from 147.9 MB to 143.6 MB.
Total: 7.053416 ms (FindLiveObjects: 0.387167 ms CreateObjectMapping: 0.213000 ms MarkObjects: 4.821542 ms  DeleteObjects: 1.631167 ms)

Prepare: number of updated asset objects reloaded= 0
========================================================================
Received Prepare
Begin MonoManager ReloadAssembly
Thread 0x16b5c7000 may have been prematurely finalized
- Loaded All Assemblies, in  0.612 seconds
Refreshing native plugins compatible for Editor in 0.83 ms, found 5 plugins.
Native extension for LinuxStandalone target not found
Native extension for iOS target not found
Native extension for Android target not found
Native extension for OSXStandalone target not found
Native extension for WebGL target not found
Mono: successfully reloaded assembly
- Finished resetting the current domain, in  0.805 seconds
Domain Reload Profiling: 1420ms
	BeginReloadAssembly (151ms)
		ExecutionOrderSort (0ms)
		DisableScriptedObjects (5ms)
		BackupInstance (0ms)
		ReleaseScriptingObjects (0ms)
		CreateAndSetChildDomain (65ms)
	RebuildCommonClasses (40ms)
	RebuildNativeTypeToScriptingClass (13ms)
	initialDomainReloadingComplete (20ms)
	LoadAllAssembliesAndSetupDomain (390ms)
		LoadAssemblies (247ms)
		RebuildTransferFunctionScriptingTraits (0ms)
		AnalyzeDomain (187ms)
			TypeCache.Refresh (11ms)
				TypeCache.ScanAssembly (2ms)
			BuildScriptInfoCaches (159ms)
			ResolveRequiredComponents (15ms)
	FinalizeReload (806ms)
		ReleaseScriptCaches (0ms)
		RebuildScriptCaches (0ms)
		SetupLoadedEditorAssemblies (611ms)
			LogAssemblyErrors (0ms)
			InitializePlatformSupportModulesInManaged (44ms)
			SetLoadedEditorAssemblies (6ms)
			BeforeProcessingInitializeOnLoad (115ms)
			ProcessInitializeOnLoadAttributes (396ms)
			ProcessInitializeOnLoadMethodAttributes (49ms)
			AfterProcessingInitializeOnLoad (1ms)
			EditorAssembliesLoaded (0ms)
		ExecutionOrderSort2 (0ms)
		AwakeInstancesAfterBackupRestoration (7ms)
Refreshing native plugins compatible for Editor in 0.92 ms, found 5 plugins.
Preloading 0 native plugins for Editor in 0.00 ms.
Unloading 14 Unused Serialized files (Serialized files now loaded: 0)
Unloading 6591 unused Assets / (4.3 MB). Loaded Objects now: 7381.
Memory consumption went from 156.4 MB to 152.1 MB.
Total: 7.004584 ms (FindLiveObjects: 0.363833 ms CreateObjectMapping: 0.286833 ms MarkObjects: 4.731125 ms  DeleteObjects: 1.622292 ms)

Prepare: number of updated asset objects reloaded= 0
========================================================================
Received Prepare
Refreshing native plugins compatible for Editor in 0.95 ms, found 5 plugins.
Preloading 0 native plugins for Editor in 0.00 ms.
Unloading 14 Unused Serialized files (Serialized files now loaded: 0)
Unloading 6572 unused Assets / (4.2 MB). Loaded Objects now: 7381.
Memory consumption went from 147.9 MB to 143.7 MB.
Total: 7.481084 ms (FindLiveObjects: 0.384916 ms CreateObjectMapping: 0.223750 ms MarkObjects: 5.142542 ms  DeleteObjects: 1.729500 ms)

Prepare: number of updated asset objects reloaded= 0
========================================================================
Received Prepare
Refreshing native plugins compatible for Editor in 0.90 ms, found 5 plugins.
Preloading 0 native plugins for Editor in 0.00 ms.
Unloading 14 Unused Serialized files (Serialized files now loaded: 0)
Unloading 6572 unused Assets / (4.1 MB). Loaded Objects now: 7381.
Memory consumption went from 147.9 MB to 143.7 MB.
Total: 7.517041 ms (FindLiveObjects: 0.399708 ms CreateObjectMapping: 0.251584 ms MarkObjects: 4.986791 ms  DeleteObjects: 1.878667 ms)

Prepare: number of updated asset objects reloaded= 0
========================================================================
Received Prepare
Refreshing native plugins compatible for Editor in 0.90 ms, found 5 plugins.
Preloading 0 native plugins for Editor in 0.00 ms.
Unloading 14 Unused Serialized files (Serialized files now loaded: 0)
Unloading 6572 unused Assets / (4.5 MB). Loaded Objects now: 7381.
Memory consumption went from 147.9 MB to 143.4 MB.
Total: 7.039125 ms (FindLiveObjects: 0.378292 ms CreateObjectMapping: 0.226166 ms MarkObjects: 4.787167 ms  DeleteObjects: 1.646708 ms)

Prepare: number of updated asset objects reloaded= 0
========================================================================
Received Prepare
Refreshing native plugins compatible for Editor in 1.00 ms, found 5 plugins.
Preloading 0 native plugins for Editor in 0.00 ms.
Unloading 14 Unused Serialized files (Serialized files now loaded: 0)
Unloading 6572 unused Assets / (4.2 MB). Loaded Objects now: 7381.
Memory consumption went from 147.9 MB to 143.7 MB.
Total: 7.108208 ms (FindLiveObjects: 0.372000 ms CreateObjectMapping: 0.222291 ms MarkObjects: 4.825292 ms  DeleteObjects: 1.688084 ms)

Prepare: number of updated asset objects reloaded= 0
========================================================================
Received Prepare
Begin MonoManager ReloadAssembly
Thread 0x16b5c7000 may have been prematurely finalized
- Loaded All Assemblies, in  0.642 seconds
Refreshing native plugins compatible for Editor in 0.82 ms, found 5 plugins.
Native extension for LinuxStandalone target not found
Native extension for iOS target not found
Native extension for Android target not found
Native extension for OSXStandalone target not found
Native extension for WebGL target not found
Mono: successfully reloaded assembly
- Finished resetting the current domain, in  0.809 seconds
Domain Reload Profiling: 1453ms
	BeginReloadAssembly (154ms)
		ExecutionOrderSort (0ms)
		DisableScriptedObjects (5ms)
		BackupInstance (0ms)
		ReleaseScriptingObjects (0ms)
		CreateAndSetChildDomain (68ms)
	RebuildCommonClasses (42ms)
	RebuildNativeTypeToScriptingClass (14ms)
	initialDomainReloadingComplete (22ms)
	LoadAllAssembliesAndSetupDomain (412ms)
		LoadAssemblies (253ms)
		RebuildTransferFunctionScriptingTraits (0ms)
		AnalyzeDomain (204ms)
			TypeCache.Refresh (13ms)
				TypeCache.ScanAssembly (2ms)
			BuildScriptInfoCaches (174ms)
			ResolveRequiredComponents (15ms)
	FinalizeReload (809ms)
		ReleaseScriptCaches (0ms)
		RebuildScriptCaches (0ms)
		SetupLoadedEditorAssemblies (613ms)
			LogAssemblyErrors (0ms)
			InitializePlatformSupportModulesInManaged (45ms)
			SetLoadedEditorAssemblies (6ms)
			BeforeProcessingInitializeOnLoad (117ms)
			ProcessInitializeOnLoadAttributes (393ms)
			ProcessInitializeOnLoadMethodAttributes (50ms)
			AfterProcessingInitializeOnLoad (1ms)
			EditorAssembliesLoaded (0ms)
		ExecutionOrderSort2 (0ms)
		AwakeInstancesAfterBackupRestoration (7ms)
Refreshing native plugins compatible for Editor in 1.00 ms, found 5 plugins.
Preloading 0 native plugins for Editor in 0.00 ms.
Unloading 14 Unused Serialized files (Serialized files now loaded: 0)
Unloading 6591 unused Assets / (4.0 MB). Loaded Objects now: 7383.
Memory consumption went from 156.4 MB to 152.4 MB.
Total: 7.221417 ms (FindLiveObjects: 0.352333 ms CreateObjectMapping: 0.279917 ms MarkObjects: 4.760375 ms  DeleteObjects: 1.828084 ms)

Prepare: number of updated asset objects reloaded= 0
========================================================================
Received Prepare
Refreshing native plugins compatible for Editor in 0.92 ms, found 5 plugins.
Preloading 0 native plugins for Editor in 0.00 ms.
Unloading 14 Unused Serialized files (Serialized files now loaded: 0)
Unloading 6572 unused Assets / (3.9 MB). Loaded Objects now: 7383.
Memory consumption went from 147.9 MB to 144.0 MB.
Total: 7.394875 ms (FindLiveObjects: 0.384500 ms CreateObjectMapping: 0.220625 ms MarkObjects: 4.990375 ms  DeleteObjects: 1.798750 ms)

Prepare: number of updated asset objects reloaded= 0
========================================================================
Received Prepare
Begin MonoManager ReloadAssembly
Thread 0x16b5c7000 may have been prematurely finalized
- Loaded All Assemblies, in  0.629 seconds
Refreshing native plugins compatible for Editor in 0.82 ms, found 5 plugins.
Native extension for LinuxStandalone target not found
Native extension for iOS target not found
Native extension for Android target not found
Native extension for OSXStandalone target not found
Native extension for WebGL target not found
Mono: successfully reloaded assembly
- Finished resetting the current domain, in  0.816 seconds
Domain Reload Profiling: 1448ms
	BeginReloadAssembly (154ms)
		ExecutionOrderSort (0ms)
		DisableScriptedObjects (5ms)
		BackupInstance (0ms)
		ReleaseScriptingObjects (0ms)
		CreateAndSetChildDomain (68ms)
	RebuildCommonClasses (40ms)
	RebuildNativeTypeToScriptingClass (13ms)
	initialDomainReloadingComplete (21ms)
	LoadAllAssembliesAndSetupDomain (403ms)
		LoadAssemblies (251ms)
		RebuildTransferFunctionScriptingTraits (0ms)
		AnalyzeDomain (196ms)
			TypeCache.Refresh (14ms)
				TypeCache.ScanAssembly (2ms)
			BuildScriptInfoCaches (166ms)
			ResolveRequiredComponents (14ms)
	FinalizeReload (816ms)
		ReleaseScriptCaches (0ms)
		RebuildScriptCaches (0ms)
		SetupLoadedEditorAssemblies (625ms)
			LogAssemblyErrors (0ms)
			InitializePlatformSupportModulesInManaged (42ms)
			SetLoadedEditorAssemblies (6ms)
			BeforeProcessingInitializeOnLoad (121ms)
			ProcessInitializeOnLoadAttributes (406ms)
			ProcessInitializeOnLoadMethodAttributes (49ms)
			AfterProcessingInitializeOnLoad (1ms)
			EditorAssembliesLoaded (0ms)
		ExecutionOrderSort2 (0ms)
		AwakeInstancesAfterBackupRestoration (7ms)
Refreshing native plugins compatible for Editor in 1.01 ms, found 5 plugins.
Preloading 0 native plugins for Editor in 0.00 ms.
Unloading 14 Unused Serialized files (Serialized files now loaded: 0)
Unloading 6591 unused Assets / (4.3 MB). Loaded Objects now: 7385.
Memory consumption went from 156.4 MB to 152.1 MB.
Total: 7.543541 ms (FindLiveObjects: 0.369417 ms CreateObjectMapping: 0.279167 ms MarkObjects: 5.007541 ms  DeleteObjects: 1.886958 ms)

Prepare: number of updated asset objects reloaded= 0
========================================================================
Received Prepare
Refreshing native plugins compatible for Editor in 1.15 ms, found 5 plugins.
Preloading 0 native plugins for Editor in 0.00 ms.
Unloading 14 Unused Serialized files (Serialized files now loaded: 0)
Unloading 6572 unused Assets / (4.2 MB). Loaded Objects now: 7385.
Memory consumption went from 147.9 MB to 143.7 MB.
Total: 7.109208 ms (FindLiveObjects: 0.371000 ms CreateObjectMapping: 0.227208 ms MarkObjects: 4.801334 ms  DeleteObjects: 1.709041 ms)

Prepare: number of updated asset objects reloaded= 0
========================================================================
Received Prepare
Begin MonoManager ReloadAssembly
Thread 0x16b5c7000 may have been prematurely finalized
- Loaded All Assemblies, in  0.637 seconds
Refreshing native plugins compatible for Editor in 1.03 ms, found 5 plugins.
Native extension for LinuxStandalone target not found
Native extension for iOS target not found
Native extension for Android target not found
Native extension for OSXStandalone target not found
Native extension for WebGL target not found
Mono: successfully reloaded assembly
- Finished resetting the current domain, in  0.799 seconds
Domain Reload Profiling: 1439ms
	BeginReloadAssembly (156ms)
		ExecutionOrderSort (0ms)
		DisableScriptedObjects (5ms)
		BackupInstance (0ms)
		ReleaseScriptingObjects (0ms)
		CreateAndSetChildDomain (70ms)
	RebuildCommonClasses (42ms)
	RebuildNativeTypeToScriptingClass (14ms)
	initialDomainReloadingComplete (21ms)
	LoadAllAssembliesAndSetupDomain (406ms)
		LoadAssemblies (250ms)
		RebuildTransferFunctionScriptingTraits (0ms)
		AnalyzeDomain (201ms)
			TypeCache.Refresh (14ms)
				TypeCache.ScanAssembly (2ms)
			BuildScriptInfoCaches (171ms)
			ResolveRequiredComponents (14ms)
	FinalizeReload (800ms)
		ReleaseScriptCaches (0ms)
		RebuildScriptCaches (0ms)
		SetupLoadedEditorAssemblies (604ms)
			LogAssemblyErrors (0ms)
			InitializePlatformSupportModulesInManaged (42ms)
			SetLoadedEditorAssemblies (6ms)
			BeforeProcessingInitializeOnLoad (117ms)
			ProcessInitializeOnLoadAttributes (389ms)
			ProcessInitializeOnLoadMethodAttributes (48ms)
			AfterProcessingInitializeOnLoad (1ms)
			EditorAssembliesLoaded (0ms)
		ExecutionOrderSort2 (0ms)
		AwakeInstancesAfterBackupRestoration (7ms)
Refreshing native plugins compatible for Editor in 0.97 ms, found 5 plugins.
Preloading 0 native plugins for Editor in 0.00 ms.
Unloading 14 Unused Serialized files (Serialized files now loaded: 0)
Unloading 6591 unused Assets / (4.1 MB). Loaded Objects now: 7387.
Memory consumption went from 156.4 MB to 152.3 MB.
Total: 7.155125 ms (FindLiveObjects: 0.361292 ms CreateObjectMapping: 0.271333 ms MarkObjects: 4.708958 ms  DeleteObjects: 1.812958 ms)

Prepare: number of updated asset objects reloaded= 0
========================================================================
Received Prepare
Refreshing native plugins compatible for Editor in 0.95 ms, found 5 plugins.
Preloading 0 native plugins for Editor in 0.00 ms.
Unloading 14 Unused Serialized files (Serialized files now loaded: 0)
Unloading 6572 unused Assets / (4.3 MB). Loaded Objects now: 7387.
Memory consumption went from 147.9 MB to 143.6 MB.
Total: 7.568333 ms (FindLiveObjects: 0.395208 ms CreateObjectMapping: 0.219250 ms MarkObjects: 5.129500 ms  DeleteObjects: 1.823917 ms)

Prepare: number of updated asset objects reloaded= 0
========================================================================
Received Prepare
Begin MonoManager ReloadAssembly
Thread 0x17f393000 may have been prematurely finalized
- Loaded All Assemblies, in  0.634 seconds
Refreshing native plugins compatible for Editor in 0.83 ms, found 5 plugins.
Native extension for LinuxStandalone target not found
Native extension for iOS target not found
Native extension for Android target not found
Native extension for OSXStandalone target not found
Native extension for WebGL target not found
Mono: successfully reloaded assembly
- Finished resetting the current domain, in  0.807 seconds
Domain Reload Profiling: 1444ms
	BeginReloadAssembly (153ms)
		ExecutionOrderSort (0ms)
		DisableScriptedObjects (5ms)
		BackupInstance (0ms)
		ReleaseScriptingObjects (0ms)
		CreateAndSetChildDomain (69ms)
	RebuildCommonClasses (42ms)
	RebuildNativeTypeToScriptingClass (14ms)
	initialDomainReloadingComplete (22ms)
	LoadAllAssembliesAndSetupDomain (405ms)
		LoadAssemblies (246ms)
		RebuildTransferFunctionScriptingTraits (0ms)
		AnalyzeDomain (202ms)
			TypeCache.Refresh (14ms)
				TypeCache.ScanAssembly (2ms)
			BuildScriptInfoCaches (171ms)
			ResolveRequiredComponents (15ms)
	FinalizeReload (808ms)
		ReleaseScriptCaches (0ms)
		RebuildScriptCaches (0ms)
		SetupLoadedEditorAssemblies (611ms)
			LogAssemblyErrors (0ms)
			InitializePlatformSupportModulesInManaged (42ms)
			SetLoadedEditorAssemblies (6ms)
			BeforeProcessingInitializeOnLoad (117ms)
			ProcessInitializeOnLoadAttributes (395ms)
			ProcessInitializeOnLoadMethodAttributes (50ms)
			AfterProcessingInitializeOnLoad (1ms)
			EditorAssembliesLoaded (0ms)
		ExecutionOrderSort2 (0ms)
		AwakeInstancesAfterBackupRestoration (8ms)
Refreshing native plugins compatible for Editor in 0.99 ms, found 5 plugins.
Preloading 0 native plugins for Editor in 0.00 ms.
Unloading 14 Unused Serialized files (Serialized files now loaded: 0)
Unloading 6591 unused Assets / (3.8 MB). Loaded Objects now: 7389.
Memory consumption went from 156.4 MB to 152.5 MB.
Total: 7.195459 ms (FindLiveObjects: 0.359834 ms CreateObjectMapping: 0.273125 ms MarkObjects: 4.746583 ms  DeleteObjects: 1.815542 ms)

Prepare: number of updated asset objects reloaded= 0
========================================================================
Received Prepare
Refreshing native plugins compatible for Editor in 1.08 ms, found 5 plugins.
Preloading 0 native plugins for Editor in 0.00 ms.
Unloading 14 Unused Serialized files (Serialized files now loaded: 0)
Unloading 6572 unused Assets / (4.0 MB). Loaded Objects now: 7389.
Memory consumption went from 147.9 MB to 143.9 MB.
Total: 7.412250 ms (FindLiveObjects: 0.402209 ms CreateObjectMapping: 0.244916 ms MarkObjects: 4.896250 ms  DeleteObjects: 1.867750 ms)

Prepare: number of updated asset objects reloaded= 0
========================================================================
Received Prepare
Begin MonoManager ReloadAssembly
Thread 0x17f393000 may have been prematurely finalized
- Loaded All Assemblies, in  0.629 seconds
Refreshing native plugins compatible for Editor in 0.82 ms, found 5 plugins.
Native extension for LinuxStandalone target not found
Native extension for iOS target not found
Native extension for Android target not found
Native extension for OSXStandalone target not found
Native extension for WebGL target not found
Mono: successfully reloaded assembly
- Finished resetting the current domain, in  0.800 seconds
Domain Reload Profiling: 1432ms
	BeginReloadAssembly (154ms)
		ExecutionOrderSort (0ms)
		DisableScriptedObjects (5ms)
		BackupInstance (0ms)
		ReleaseScriptingObjects (0ms)
		CreateAndSetChildDomain (70ms)
	RebuildCommonClasses (40ms)
	RebuildNativeTypeToScriptingClass (14ms)
	initialDomainReloadingComplete (21ms)
	LoadAllAssembliesAndSetupDomain (402ms)
		LoadAssemblies (247ms)
		RebuildTransferFunctionScriptingTraits (0ms)
		AnalyzeDomain (198ms)
			TypeCache.Refresh (13ms)
				TypeCache.ScanAssembly (2ms)
			BuildScriptInfoCaches (168ms)
			ResolveRequiredComponents (15ms)
	FinalizeReload (800ms)
		ReleaseScriptCaches (0ms)
		RebuildScriptCaches (0ms)
		SetupLoadedEditorAssemblies (608ms)
			LogAssemblyErrors (0ms)
			InitializePlatformSupportModulesInManaged (42ms)
			SetLoadedEditorAssemblies (6ms)
			BeforeProcessingInitializeOnLoad (117ms)
			ProcessInitializeOnLoadAttributes (391ms)
			ProcessInitializeOnLoadMethodAttributes (50ms)
			AfterProcessingInitializeOnLoad (1ms)
			EditorAssembliesLoaded (0ms)
		ExecutionOrderSort2 (0ms)
		AwakeInstancesAfterBackupRestoration (10ms)
Refreshing native plugins compatible for Editor in 1.04 ms, found 5 plugins.
Preloading 0 native plugins for Editor in 0.00 ms.
Unloading 14 Unused Serialized files (Serialized files now loaded: 0)
Unloading 6591 unused Assets / (4.3 MB). Loaded Objects now: 7391.
Memory consumption went from 156.4 MB to 152.1 MB.
Total: 7.525375 ms (FindLiveObjects: 0.360208 ms CreateObjectMapping: 0.283083 ms MarkObjects: 4.988917 ms  DeleteObjects: 1.892625 ms)

Prepare: number of updated asset objects reloaded= 0
========================================================================
Received Prepare
Refreshing native plugins compatible for Editor in 1.07 ms, found 5 plugins.
Preloading 0 native plugins for Editor in 0.00 ms.
Unloading 14 Unused Serialized files (Serialized files now loaded: 0)
Unloading 6572 unused Assets / (4.1 MB). Loaded Objects now: 7391.
Memory consumption went from 147.9 MB to 143.8 MB.
Total: 7.512083 ms (FindLiveObjects: 0.412458 ms CreateObjectMapping: 0.240959 ms MarkObjects: 5.021583 ms  DeleteObjects: 1.836708 ms)

Prepare: number of updated asset objects reloaded= 0
========================================================================
Received Prepare
Begin MonoManager ReloadAssembly
Thread 0x17f393000 may have been prematurely finalized
- Loaded All Assemblies, in  0.638 seconds
Refreshing native plugins compatible for Editor in 0.81 ms, found 5 plugins.
Native extension for LinuxStandalone target not found
Native extension for iOS target not found
Native extension for Android target not found
Native extension for OSXStandalone target not found
Native extension for WebGL target not found
Mono: successfully reloaded assembly
- Finished resetting the current domain, in  0.825 seconds
Domain Reload Profiling: 1466ms
	BeginReloadAssembly (157ms)
		ExecutionOrderSort (0ms)
		DisableScriptedObjects (5ms)
		BackupInstance (0ms)
		ReleaseScriptingObjects (0ms)
		CreateAndSetChildDomain (69ms)
	RebuildCommonClasses (43ms)
	RebuildNativeTypeToScriptingClass (14ms)
	initialDomainReloadingComplete (22ms)
	LoadAllAssembliesAndSetupDomain (405ms)
		LoadAssemblies (256ms)
		RebuildTransferFunctionScriptingTraits (0ms)
		AnalyzeDomain (196ms)
			TypeCache.Refresh (13ms)
				TypeCache.ScanAssembly (2ms)
			BuildScriptInfoCaches (167ms)
			ResolveRequiredComponents (14ms)
	FinalizeReload (825ms)
		ReleaseScriptCaches (0ms)
		RebuildScriptCaches (0ms)
		SetupLoadedEditorAssemblies (628ms)
			LogAssemblyErrors (0ms)
			InitializePlatformSupportModulesInManaged (44ms)
			SetLoadedEditorAssemblies (6ms)
			BeforeProcessingInitializeOnLoad (116ms)
			ProcessInitializeOnLoadAttributes (411ms)
			ProcessInitializeOnLoadMethodAttributes (50ms)
			AfterProcessingInitializeOnLoad (1ms)
			EditorAssembliesLoaded (0ms)
		ExecutionOrderSort2 (0ms)
		AwakeInstancesAfterBackupRestoration (8ms)
Refreshing native plugins compatible for Editor in 0.98 ms, found 5 plugins.
Preloading 0 native plugins for Editor in 0.00 ms.
Unloading 14 Unused Serialized files (Serialized files now loaded: 0)
Unloading 6591 unused Assets / (3.9 MB). Loaded Objects now: 7393.
Memory consumption went from 156.4 MB to 152.4 MB.
Total: 7.688458 ms (FindLiveObjects: 0.369250 ms CreateObjectMapping: 0.289708 ms MarkObjects: 5.026667 ms  DeleteObjects: 2.002041 ms)

Prepare: number of updated asset objects reloaded= 0
========================================================================
Received Prepare
Refreshing native plugins compatible for Editor in 1.07 ms, found 5 plugins.
Preloading 0 native plugins for Editor in 0.00 ms.
Unloading 14 Unused Serialized files (Serialized files now loaded: 0)
Unloading 6572 unused Assets / (2.9 MB). Loaded Objects now: 7393.
Memory consumption went from 147.9 MB to 145.0 MB.
Total: 7.669042 ms (FindLiveObjects: 0.408708 ms CreateObjectMapping: 0.248083 ms MarkObjects: 5.359542 ms  DeleteObjects: 1.651875 ms)

Prepare: number of updated asset objects reloaded= 0
========================================================================
Received Prepare
Begin MonoManager ReloadAssembly
Thread 0x17f393000 may have been prematurely finalized
- Loaded All Assemblies, in  0.620 seconds
Refreshing native plugins compatible for Editor in 0.82 ms, found 5 plugins.
Native extension for LinuxStandalone target not found
Native extension for iOS target not found
Native extension for Android target not found
Native extension for OSXStandalone target not found
Native extension for WebGL target not found
Mono: successfully reloaded assembly
- Finished resetting the current domain, in  0.801 seconds
Domain Reload Profiling: 1423ms
	BeginReloadAssembly (154ms)
		ExecutionOrderSort (0ms)
		DisableScriptedObjects (5ms)
		BackupInstance (0ms)
		ReleaseScriptingObjects (0ms)
		CreateAndSetChildDomain (71ms)
	RebuildCommonClasses (41ms)
	RebuildNativeTypeToScriptingClass (13ms)
	initialDomainReloadingComplete (21ms)
	LoadAllAssembliesAndSetupDomain (393ms)
		LoadAssemblies (242ms)
		RebuildTransferFunctionScriptingTraits (0ms)
		AnalyzeDomain (193ms)
			TypeCache.Refresh (13ms)
				TypeCache.ScanAssembly (2ms)
			BuildScriptInfoCaches (163ms)
			ResolveRequiredComponents (14ms)
	FinalizeReload (801ms)
		ReleaseScriptCaches (0ms)
		RebuildScriptCaches (0ms)
		SetupLoadedEditorAssemblies (611ms)
			LogAssemblyErrors (0ms)
			InitializePlatformSupportModulesInManaged (42ms)
			SetLoadedEditorAssemblies (6ms)
			BeforeProcessingInitializeOnLoad (117ms)
			ProcessInitializeOnLoadAttributes (396ms)
			ProcessInitializeOnLoadMethodAttributes (49ms)
			AfterProcessingInitializeOnLoad (1ms)
			EditorAssembliesLoaded (0ms)
		ExecutionOrderSort2 (0ms)
		AwakeInstancesAfterBackupRestoration (8ms)
Refreshing native plugins compatible for Editor in 1.00 ms, found 5 plugins.
Preloading 0 native plugins for Editor in 0.00 ms.
Unloading 14 Unused Serialized files (Serialized files now loaded: 0)
Unloading 6591 unused Assets / (4.3 MB). Loaded Objects now: 7395.
Memory consumption went from 156.4 MB to 152.1 MB.
Total: 7.338334 ms (FindLiveObjects: 0.399584 ms CreateObjectMapping: 0.286709 ms MarkObjects: 4.815834 ms  DeleteObjects: 1.835375 ms)

Prepare: number of updated asset objects reloaded= 0
========================================================================
Received Prepare
Refreshing native plugins compatible for Editor in 0.91 ms, found 5 plugins.
Preloading 0 native plugins for Editor in 0.00 ms.
Unloading 14 Unused Serialized files (Serialized files now loaded: 0)
Unloading 6572 unused Assets / (4.0 MB). Loaded Objects now: 7395.
Memory consumption went from 147.9 MB to 143.9 MB.
Total: 7.403792 ms (FindLiveObjects: 0.391583 ms CreateObjectMapping: 0.216292 ms MarkObjects: 4.950750 ms  DeleteObjects: 1.844583 ms)

Prepare: number of updated asset objects reloaded= 0
========================================================================
Received Prepare
Refreshing native plugins compatible for Editor in 1.15 ms, found 5 plugins.
Preloading 0 native plugins for Editor in 0.00 ms.
Unloading 14 Unused Serialized files (Serialized files now loaded: 0)
Unloading 6572 unused Assets / (4.2 MB). Loaded Objects now: 7395.
Memory consumption went from 147.9 MB to 143.8 MB.
Total: 7.590833 ms (FindLiveObjects: 0.410792 ms CreateObjectMapping: 0.236167 ms MarkObjects: 5.085916 ms  DeleteObjects: 1.857125 ms)

Prepare: number of updated asset objects reloaded= 0
========================================================================
Received Prepare
Refreshing native plugins compatible for Editor in 1.11 ms, found 5 plugins.
Preloading 0 native plugins for Editor in 0.00 ms.
Unloading 14 Unused Serialized files (Serialized files now loaded: 0)
Unloading 6572 unused Assets / (4.2 MB). Loaded Objects now: 7395.
Memory consumption went from 147.9 MB to 143.7 MB.
Total: 7.353541 ms (FindLiveObjects: 0.378375 ms CreateObjectMapping: 0.248834 ms MarkObjects: 4.999000 ms  DeleteObjects: 1.726750 ms)

Prepare: number of updated asset objects reloaded= 0
========================================================================
Received Prepare
Refreshing native plugins compatible for Editor in 0.99 ms, found 5 plugins.
Preloading 0 native plugins for Editor in 0.00 ms.
Unloading 14 Unused Serialized files (Serialized files now loaded: 0)
Unloading 6572 unused Assets / (4.1 MB). Loaded Objects now: 7395.
Memory consumption went from 147.9 MB to 143.8 MB.
Total: 7.813875 ms (FindLiveObjects: 0.424459 ms CreateObjectMapping: 0.286125 ms MarkObjects: 5.209875 ms  DeleteObjects: 1.892791 ms)

Prepare: number of updated asset objects reloaded= 0
========================================================================
Received Prepare
Begin MonoManager ReloadAssembly
Thread 0x17f393000 may have been prematurely finalized
- Loaded All Assemblies, in  0.622 seconds
Refreshing native plugins compatible for Editor in 0.82 ms, found 5 plugins.
Native extension for LinuxStandalone target not found
Native extension for iOS target not found
Native extension for Android target not found
Native extension for OSXStandalone target not found
Native extension for WebGL target not found
Mono: successfully reloaded assembly
- Finished resetting the current domain, in  0.798 seconds
Domain Reload Profiling: 1423ms
	BeginReloadAssembly (153ms)
		ExecutionOrderSort (0ms)
		DisableScriptedObjects (5ms)
		BackupInstance (0ms)
		ReleaseScriptingObjects (0ms)
		CreateAndSetChildDomain (69ms)
	RebuildCommonClasses (41ms)
	RebuildNativeTypeToScriptingClass (13ms)
	initialDomainReloadingComplete (21ms)
	LoadAllAssembliesAndSetupDomain (396ms)
		LoadAssemblies (243ms)
		RebuildTransferFunctionScriptingTraits (0ms)
		AnalyzeDomain (195ms)
			TypeCache.Refresh (12ms)
				TypeCache.ScanAssembly (2ms)
			BuildScriptInfoCaches (166ms)
			ResolveRequiredComponents (15ms)
	FinalizeReload (799ms)
		ReleaseScriptCaches (0ms)
		RebuildScriptCaches (0ms)
		SetupLoadedEditorAssemblies (605ms)
			LogAssemblyErrors (0ms)
			InitializePlatformSupportModulesInManaged (43ms)
			SetLoadedEditorAssemblies (6ms)
			BeforeProcessingInitializeOnLoad (117ms)
			ProcessInitializeOnLoadAttributes (390ms)
			ProcessInitializeOnLoadMethodAttributes (47ms)
			AfterProcessingInitializeOnLoad (1ms)
			EditorAssembliesLoaded (0ms)
		ExecutionOrderSort2 (0ms)
		AwakeInstancesAfterBackupRestoration (7ms)
Refreshing native plugins compatible for Editor in 0.92 ms, found 5 plugins.
Preloading 0 native plugins for Editor in 0.00 ms.
Unloading 14 Unused Serialized files (Serialized files now loaded: 0)
Unloading 6591 unused Assets / (4.0 MB). Loaded Objects now: 7397.
Memory consumption went from 156.4 MB to 152.4 MB.
Total: 7.286792 ms (FindLiveObjects: 0.384375 ms CreateObjectMapping: 0.290750 ms MarkObjects: 4.815916 ms  DeleteObjects: 1.795125 ms)

Prepare: number of updated asset objects reloaded= 0
========================================================================
Received Prepare
Refreshing native plugins compatible for Editor in 0.92 ms, found 5 plugins.
Preloading 0 native plugins for Editor in 0.00 ms.
Unloading 14 Unused Serialized files (Serialized files now loaded: 0)
Unloading 6573 unused Assets / (4.2 MB). Loaded Objects now: 7398.
Memory consumption went from 147.9 MB to 143.7 MB.
Total: 6.975125 ms (FindLiveObjects: 0.373708 ms CreateObjectMapping: 0.216000 ms MarkObjects: 4.813833 ms  DeleteObjects: 1.571167 ms)

Prepare: number of updated asset objects reloaded= 0
========================================================================
Received Prepare
Begin MonoManager ReloadAssembly
Thread 0x17f393000 may have been prematurely finalized
- Loaded All Assemblies, in  0.623 seconds
Refreshing native plugins compatible for Editor in 0.82 ms, found 5 plugins.
Native extension for LinuxStandalone target not found
Native extension for iOS target not found
Native extension for Android target not found
Native extension for OSXStandalone target not found
Native extension for WebGL target not found
Mono: successfully reloaded assembly
- Finished resetting the current domain, in  0.828 seconds
Domain Reload Profiling: 1454ms
	BeginReloadAssembly (155ms)
		ExecutionOrderSort (0ms)
		DisableScriptedObjects (5ms)
		BackupInstance (0ms)
		ReleaseScriptingObjects (0ms)
		CreateAndSetChildDomain (68ms)
	RebuildCommonClasses (41ms)
	RebuildNativeTypeToScriptingClass (14ms)
	initialDomainReloadingComplete (22ms)
	LoadAllAssembliesAndSetupDomain (394ms)
		LoadAssemblies (246ms)
		RebuildTransferFunctionScriptingTraits (0ms)
		AnalyzeDomain (192ms)
			TypeCache.Refresh (12ms)
				TypeCache.ScanAssembly (2ms)
			BuildScriptInfoCaches (164ms)
			ResolveRequiredComponents (14ms)
	FinalizeReload (828ms)
		ReleaseScriptCaches (0ms)
		RebuildScriptCaches (0ms)
		SetupLoadedEditorAssemblies (633ms)
			LogAssemblyErrors (0ms)
			InitializePlatformSupportModulesInManaged (44ms)
			SetLoadedEditorAssemblies (6ms)
			BeforeProcessingInitializeOnLoad (121ms)
			ProcessInitializeOnLoadAttributes (411ms)
			ProcessInitializeOnLoadMethodAttributes (50ms)
			AfterProcessingInitializeOnLoad (1ms)
			EditorAssembliesLoaded (0ms)
		ExecutionOrderSort2 (0ms)
		AwakeInstancesAfterBackupRestoration (8ms)
Refreshing native plugins compatible for Editor in 1.00 ms, found 5 plugins.
Preloading 0 native plugins for Editor in 0.00 ms.
Unloading 14 Unused Serialized files (Serialized files now loaded: 0)
Unloading 6592 unused Assets / (4.2 MB). Loaded Objects now: 7400.
Memory consumption went from 156.4 MB to 152.1 MB.
Total: 7.178750 ms (FindLiveObjects: 0.376625 ms CreateObjectMapping: 0.291959 ms MarkObjects: 4.788833 ms  DeleteObjects: 1.720375 ms)

Prepare: number of updated asset objects reloaded= 0
========================================================================
Received Prepare
Refreshing native plugins compatible for Editor in 1.13 ms, found 5 plugins.
Preloading 0 native plugins for Editor in 0.00 ms.
Unloading 14 Unused Serialized files (Serialized files now loaded: 0)
Unloading 6573 unused Assets / (4.3 MB). Loaded Objects now: 7400.
Memory consumption went from 147.9 MB to 143.6 MB.
Total: 7.903500 ms (FindLiveObjects: 0.435541 ms CreateObjectMapping: 0.275625 ms MarkObjects: 5.246708 ms  DeleteObjects: 1.945083 ms)

Prepare: number of updated asset objects reloaded= 0
========================================================================
Received Import Request.
  Time since last request: 2881.078341 seconds.
  path: Assets/Scripts/GameSystem/JobDistribution/RoleDistributionPhaseView.cs
  artifactKey: Guid(c8dc9fe5e5d7d4144b732b953b75f037) Importer(815301076,1909f56bfc062723c751e8b465ee728b)
Start importing Assets/Scripts/GameSystem/JobDistribution/RoleDistributionPhaseView.cs using Guid(c8dc9fe5e5d7d4144b732b953b75f037) Importer(815301076,1909f56bfc062723c751e8b465ee728b) (PreviewImporter) -> (artifact id: '20b6a399425a6c6f4f2b1ea654ef9750') in 0.001178625 seconds
Number of updated asset objects reloaded before import = 0Number of asset objects unloaded after import = 0

========================================================================
Received Prepare
Begin MonoManager ReloadAssembly
Thread 0x17f393000 may have been prematurely finalized
- Loaded All Assemblies, in  0.619 seconds
Refreshing native plugins compatible for Editor in 0.85 ms, found 5 plugins.
Native extension for LinuxStandalone target not found
Native extension for iOS target not found
Native extension for Android target not found
Native extension for OSXStandalone target not found
Native extension for WebGL target not found
Mono: successfully reloaded assembly
- Finished resetting the current domain, in  0.802 seconds
Domain Reload Profiling: 1424ms
	BeginReloadAssembly (152ms)
		ExecutionOrderSort (0ms)
		DisableScriptedObjects (5ms)
		BackupInstance (0ms)
		ReleaseScriptingObjects (0ms)
		CreateAndSetChildDomain (69ms)
	RebuildCommonClasses (40ms)
	RebuildNativeTypeToScriptingClass (13ms)
	initialDomainReloadingComplete (21ms)
	LoadAllAssembliesAndSetupDomain (395ms)
		LoadAssemblies (243ms)
		RebuildTransferFunctionScriptingTraits (0ms)
		AnalyzeDomain (194ms)
			TypeCache.Refresh (12ms)
				TypeCache.ScanAssembly (2ms)
			BuildScriptInfoCaches (165ms)
			ResolveRequiredComponents (14ms)
	FinalizeReload (802ms)
		ReleaseScriptCaches (0ms)
		RebuildScriptCaches (0ms)
		SetupLoadedEditorAssemblies (608ms)
			LogAssemblyErrors (0ms)
			InitializePlatformSupportModulesInManaged (43ms)
			SetLoadedEditorAssemblies (6ms)
			BeforeProcessingInitializeOnLoad (115ms)
			ProcessInitializeOnLoadAttributes (395ms)
			ProcessInitializeOnLoadMethodAttributes (48ms)
			AfterProcessingInitializeOnLoad (1ms)
			EditorAssembliesLoaded (0ms)
		ExecutionOrderSort2 (0ms)
		AwakeInstancesAfterBackupRestoration (8ms)
Refreshing native plugins compatible for Editor in 0.98 ms, found 5 plugins.
Preloading 0 native plugins for Editor in 0.00 ms.
Unloading 14 Unused Serialized files (Serialized files now loaded: 0)
Unloading 6592 unused Assets / (3.9 MB). Loaded Objects now: 7402.
Memory consumption went from 156.4 MB to 152.5 MB.
Total: 7.180917 ms (FindLiveObjects: 0.371625 ms CreateObjectMapping: 0.282708 ms MarkObjects: 4.734542 ms  DeleteObjects: 1.791459 ms)

Prepare: number of updated asset objects reloaded= 0
========================================================================
Received Prepare
Refreshing native plugins compatible for Editor in 0.92 ms, found 5 plugins.
Preloading 0 native plugins for Editor in 0.00 ms.
Unloading 14 Unused Serialized files (Serialized files now loaded: 0)
Unloading 6573 unused Assets / (4.2 MB). Loaded Objects now: 7402.
Memory consumption went from 147.9 MB to 143.8 MB.
Total: 7.143166 ms (FindLiveObjects: 0.372000 ms CreateObjectMapping: 0.221458 ms MarkObjects: 4.792167 ms  DeleteObjects: 1.757000 ms)

Prepare: number of updated asset objects reloaded= 0
========================================================================
Received Prepare
Refreshing native plugins compatible for Editor in 1.10 ms, found 5 plugins.
Preloading 0 native plugins for Editor in 0.00 ms.
Unloading 14 Unused Serialized files (Serialized files now loaded: 0)
Unloading 6573 unused Assets / (3.6 MB). Loaded Objects now: 7402.
Memory consumption went from 147.9 MB to 144.4 MB.
Total: 7.693000 ms (FindLiveObjects: 0.404125 ms CreateObjectMapping: 0.223000 ms MarkObjects: 5.147458 ms  DeleteObjects: 1.917292 ms)

Prepare: number of updated asset objects reloaded= 0
========================================================================
Received Import Request.
  Time since last request: 170.589596 seconds.
  path: Assets/Scripts/GameSystem/JobDistribution/RoleDistributionPhaseView.cs
  artifactKey: Guid(c8dc9fe5e5d7d4144b732b953b75f037) Importer(815301076,1909f56bfc062723c751e8b465ee728b)
Start importing Assets/Scripts/GameSystem/JobDistribution/RoleDistributionPhaseView.cs using Guid(c8dc9fe5e5d7d4144b732b953b75f037) Importer(815301076,1909f56bfc062723c751e8b465ee728b) (PreviewImporter) -> (artifact id: 'bfd4690e504b3d2ac7fb59ef42119d5d') in 0.001362167 seconds
Number of updated asset objects reloaded before import = 0Number of asset objects unloaded after import = 0

========================================================================
Received Prepare
Begin MonoManager ReloadAssembly
Thread 0x17f393000 may have been prematurely finalized
- Loaded All Assemblies, in  0.636 seconds
Refreshing native plugins compatible for Editor in 0.81 ms, found 5 plugins.
Native extension for LinuxStandalone target not found
Native extension for iOS target not found
Native extension for Android target not found
Native extension for OSXStandalone target not found
Native extension for WebGL target not found
Mono: successfully reloaded assembly
- Finished resetting the current domain, in  0.804 seconds
Domain Reload Profiling: 1443ms
	BeginReloadAssembly (154ms)
		ExecutionOrderSort (0ms)
		DisableScriptedObjects (5ms)
		BackupInstance (0ms)
		ReleaseScriptingObjects (0ms)
		CreateAndSetChildDomain (69ms)
	RebuildCommonClasses (42ms)
	RebuildNativeTypeToScriptingClass (13ms)
	initialDomainReloadingComplete (23ms)
	LoadAllAssembliesAndSetupDomain (406ms)
		LoadAssemblies (250ms)
		RebuildTransferFunctionScriptingTraits (0ms)
		AnalyzeDomain (200ms)
			TypeCache.Refresh (12ms)
				TypeCache.ScanAssembly (2ms)
			BuildScriptInfoCaches (171ms)
			ResolveRequiredComponents (15ms)
	FinalizeReload (804ms)
		ReleaseScriptCaches (0ms)
		RebuildScriptCaches (0ms)
		SetupLoadedEditorAssemblies (607ms)
			LogAssemblyErrors (0ms)
			InitializePlatformSupportModulesInManaged (42ms)
			SetLoadedEditorAssemblies (6ms)
			BeforeProcessingInitializeOnLoad (116ms)
			ProcessInitializeOnLoadAttributes (393ms)
			ProcessInitializeOnLoadMethodAttributes (49ms)
			AfterProcessingInitializeOnLoad (1ms)
			EditorAssembliesLoaded (0ms)
		ExecutionOrderSort2 (0ms)
		AwakeInstancesAfterBackupRestoration (8ms)
Refreshing native plugins compatible for Editor in 0.99 ms, found 5 plugins.
Preloading 0 native plugins for Editor in 0.00 ms.
Unloading 14 Unused Serialized files (Serialized files now loaded: 0)
Unloading 6592 unused Assets / (3.9 MB). Loaded Objects now: 7404.
Memory consumption went from 156.3 MB to 152.4 MB.
Total: 7.164958 ms (FindLiveObjects: 0.352917 ms CreateObjectMapping: 0.266708 ms MarkObjects: 4.756584 ms  DeleteObjects: 1.788250 ms)

Prepare: number of updated asset objects reloaded= 0
========================================================================
Received Prepare
Refreshing native plugins compatible for Editor in 0.92 ms, found 5 plugins.
Preloading 0 native plugins for Editor in 0.00 ms.
Unloading 14 Unused Serialized files (Serialized files now loaded: 0)
Unloading 6573 unused Assets / (4.2 MB). Loaded Objects now: 7404.
Memory consumption went from 147.9 MB to 143.7 MB.
Total: 7.497000 ms (FindLiveObjects: 0.394250 ms CreateObjectMapping: 0.227292 ms MarkObjects: 4.999875 ms  DeleteObjects: 1.874959 ms)

Prepare: number of updated asset objects reloaded= 0
========================================================================
Received Prepare
Begin MonoManager ReloadAssembly
Thread 0x17f393000 may have been prematurely finalized
- Loaded All Assemblies, in  0.628 seconds
Refreshing native plugins compatible for Editor in 0.81 ms, found 5 plugins.
Native extension for LinuxStandalone target not found
Native extension for iOS target not found
Native extension for Android target not found
Native extension for OSXStandalone target not found
Native extension for WebGL target not found
Mono: successfully reloaded assembly
- Finished resetting the current domain, in  0.827 seconds
Domain Reload Profiling: 1458ms
	BeginReloadAssembly (154ms)
		ExecutionOrderSort (0ms)
		DisableScriptedObjects (5ms)
		BackupInstance (0ms)
		ReleaseScriptingObjects (0ms)
		CreateAndSetChildDomain (67ms)
	RebuildCommonClasses (41ms)
	RebuildNativeTypeToScriptingClass (14ms)
	initialDomainReloadingComplete (22ms)
	LoadAllAssembliesAndSetupDomain (400ms)
		LoadAssemblies (252ms)
		RebuildTransferFunctionScriptingTraits (0ms)
		AnalyzeDomain (193ms)
			TypeCache.Refresh (12ms)
				TypeCache.ScanAssembly (2ms)
			BuildScriptInfoCaches (163ms)
			ResolveRequiredComponents (15ms)
	FinalizeReload (828ms)
		ReleaseScriptCaches (0ms)
		RebuildScriptCaches (0ms)
		SetupLoadedEditorAssemblies (630ms)
			LogAssemblyErrors (0ms)
			InitializePlatformSupportModulesInManaged (43ms)
			SetLoadedEditorAssemblies (6ms)
			BeforeProcessingInitializeOnLoad (121ms)
			ProcessInitializeOnLoadAttributes (408ms)
			ProcessInitializeOnLoadMethodAttributes (51ms)
			AfterProcessingInitializeOnLoad (1ms)
			EditorAssembliesLoaded (0ms)
		ExecutionOrderSort2 (0ms)
		AwakeInstancesAfterBackupRestoration (8ms)
Refreshing native plugins compatible for Editor in 1.05 ms, found 5 plugins.
Preloading 0 native plugins for Editor in 0.00 ms.
Unloading 14 Unused Serialized files (Serialized files now loaded: 0)
Unloading 6592 unused Assets / (4.2 MB). Loaded Objects now: 7406.
Memory consumption went from 156.2 MB to 152.0 MB.
Total: 7.513666 ms (FindLiveObjects: 0.376208 ms CreateObjectMapping: 0.301584 ms MarkObjects: 4.982708 ms  DeleteObjects: 1.852458 ms)

Prepare: number of updated asset objects reloaded= 0
========================================================================
Received Prepare
Refreshing native plugins compatible for Editor in 0.94 ms, found 5 plugins.
Preloading 0 native plugins for Editor in 0.00 ms.
Unloading 14 Unused Serialized files (Serialized files now loaded: 0)
Unloading 6573 unused Assets / (4.4 MB). Loaded Objects now: 7406.
Memory consumption went from 147.9 MB to 143.6 MB.
Total: 7.043917 ms (FindLiveObjects: 0.356833 ms CreateObjectMapping: 0.217459 ms MarkObjects: 4.739458 ms  DeleteObjects: 1.729666 ms)

Prepare: number of updated asset objects reloaded= 0
========================================================================
Received Prepare
Begin MonoManager ReloadAssembly
Thread 0x17f393000 may have been prematurely finalized
- Loaded All Assemblies, in  0.620 seconds
Refreshing native plugins compatible for Editor in 0.97 ms, found 5 plugins.
Native extension for LinuxStandalone target not found
Native extension for iOS target not found
Native extension for Android target not found
Native extension for OSXStandalone target not found
Native extension for WebGL target not found
Mono: successfully reloaded assembly
- Finished resetting the current domain, in  0.792 seconds
Domain Reload Profiling: 1415ms
	BeginReloadAssembly (155ms)
		ExecutionOrderSort (0ms)
		DisableScriptedObjects (5ms)
		BackupInstance (0ms)
		ReleaseScriptingObjects (0ms)
		CreateAndSetChildDomain (69ms)
	RebuildCommonClasses (40ms)
	RebuildNativeTypeToScriptingClass (13ms)
	initialDomainReloadingComplete (21ms)
	LoadAllAssembliesAndSetupDomain (393ms)
		LoadAssemblies (248ms)
		RebuildTransferFunctionScriptingTraits (0ms)
		AnalyzeDomain (189ms)
			TypeCache.Refresh (12ms)
				TypeCache.ScanAssembly (2ms)
			BuildScriptInfoCaches (160ms)
			ResolveRequiredComponents (14ms)
	FinalizeReload (793ms)
		ReleaseScriptCaches (0ms)
		RebuildScriptCaches (0ms)
		SetupLoadedEditorAssemblies (603ms)
			LogAssemblyErrors (0ms)
			InitializePlatformSupportModulesInManaged (41ms)
			SetLoadedEditorAssemblies (5ms)
			BeforeProcessingInitializeOnLoad (114ms)
			ProcessInitializeOnLoadAttributes (393ms)
			ProcessInitializeOnLoadMethodAttributes (48ms)
			AfterProcessingInitializeOnLoad (1ms)
			EditorAssembliesLoaded (0ms)
		ExecutionOrderSort2 (0ms)
		AwakeInstancesAfterBackupRestoration (8ms)
Refreshing native plugins compatible for Editor in 0.99 ms, found 5 plugins.
Preloading 0 native plugins for Editor in 0.00 ms.
Unloading 14 Unused Serialized files (Serialized files now loaded: 0)
Unloading 6592 unused Assets / (4.1 MB). Loaded Objects now: 7408.
Memory consumption went from 156.2 MB to 152.1 MB.
Total: 7.328791 ms (FindLiveObjects: 0.352917 ms CreateObjectMapping: 0.270500 ms MarkObjects: 4.915875 ms  DeleteObjects: 1.788958 ms)

Prepare: number of updated asset objects reloaded= 0
========================================================================
Received Prepare
Refreshing native plugins compatible for Editor in 0.96 ms, found 5 plugins.
Preloading 0 native plugins for Editor in 0.00 ms.
Unloading 14 Unused Serialized files (Serialized files now loaded: 0)
Unloading 6573 unused Assets / (4.0 MB). Loaded Objects now: 7408.
Memory consumption went from 147.9 MB to 143.9 MB.
Total: 7.099916 ms (FindLiveObjects: 0.374375 ms CreateObjectMapping: 0.213416 ms MarkObjects: 4.738708 ms  DeleteObjects: 1.772917 ms)

Prepare: number of updated asset objects reloaded= 0
========================================================================
Received Prepare
Begin MonoManager ReloadAssembly
Thread 0x17f393000 may have been prematurely finalized
- Loaded All Assemblies, in  0.624 seconds
Refreshing native plugins compatible for Editor in 0.87 ms, found 5 plugins.
Native extension for LinuxStandalone target not found
Native extension for iOS target not found
Native extension for Android target not found
Native extension for OSXStandalone target not found
Native extension for WebGL target not found
Mono: successfully reloaded assembly
- Finished resetting the current domain, in  0.851 seconds
Domain Reload Profiling: 1477ms
	BeginReloadAssembly (152ms)
		ExecutionOrderSort (0ms)
		DisableScriptedObjects (5ms)
		BackupInstance (0ms)
		ReleaseScriptingObjects (0ms)
		CreateAndSetChildDomain (67ms)
	RebuildCommonClasses (42ms)
	RebuildNativeTypeToScriptingClass (13ms)
	initialDomainReloadingComplete (22ms)
	LoadAllAssembliesAndSetupDomain (397ms)
		LoadAssemblies (245ms)
		RebuildTransferFunctionScriptingTraits (0ms)
		AnalyzeDomain (195ms)
			TypeCache.Refresh (12ms)
				TypeCache.ScanAssembly (2ms)
			BuildScriptInfoCaches (166ms)
			ResolveRequiredComponents (15ms)
	FinalizeReload (851ms)
		ReleaseScriptCaches (0ms)
		RebuildScriptCaches (0ms)
		SetupLoadedEditorAssemblies (642ms)
			LogAssemblyErrors (0ms)
			InitializePlatformSupportModulesInManaged (45ms)
			SetLoadedEditorAssemblies (6ms)
			BeforeProcessingInitializeOnLoad (120ms)
			ProcessInitializeOnLoadAttributes (417ms)
			ProcessInitializeOnLoadMethodAttributes (53ms)
			AfterProcessingInitializeOnLoad (1ms)
			EditorAssembliesLoaded (0ms)
		ExecutionOrderSort2 (0ms)
		AwakeInstancesAfterBackupRestoration (8ms)
Refreshing native plugins compatible for Editor in 1.00 ms, found 5 plugins.
Preloading 0 native plugins for Editor in 0.00 ms.
Unloading 14 Unused Serialized files (Serialized files now loaded: 0)
Unloading 6592 unused Assets / (4.1 MB). Loaded Objects now: 7410.
Memory consumption went from 156.2 MB to 152.1 MB.
Total: 6.979750 ms (FindLiveObjects: 0.353417 ms CreateObjectMapping: 0.288208 ms MarkObjects: 4.673042 ms  DeleteObjects: 1.664584 ms)

Prepare: number of updated asset objects reloaded= 0
========================================================================
Received Prepare
Refreshing native plugins compatible for Editor in 1.10 ms, found 5 plugins.
Preloading 0 native plugins for Editor in 0.00 ms.
Unloading 14 Unused Serialized files (Serialized files now loaded: 0)
Unloading 6573 unused Assets / (4.1 MB). Loaded Objects now: 7410.
Memory consumption went from 147.9 MB to 143.8 MB.
Total: 7.092458 ms (FindLiveObjects: 0.366541 ms CreateObjectMapping: 0.220667 ms MarkObjects: 4.786958 ms  DeleteObjects: 1.717833 ms)

Prepare: number of updated asset objects reloaded= 0
========================================================================
Received Prepare
Begin MonoManager ReloadAssembly
Thread 0x17f393000 may have been prematurely finalized
- Loaded All Assemblies, in  0.631 seconds
Refreshing native plugins compatible for Editor in 0.81 ms, found 5 plugins.
Native extension for LinuxStandalone target not found
Native extension for iOS target not found
Native extension for Android target not found
Native extension for OSXStandalone target not found
Native extension for WebGL target not found
Mono: successfully reloaded assembly
- Finished resetting the current domain, in  0.797 seconds
Domain Reload Profiling: 1431ms
	BeginReloadAssembly (155ms)
		ExecutionOrderSort (0ms)
		DisableScriptedObjects (5ms)
		BackupInstance (0ms)
		ReleaseScriptingObjects (0ms)
		CreateAndSetChildDomain (69ms)
	RebuildCommonClasses (40ms)
	RebuildNativeTypeToScriptingClass (13ms)
	initialDomainReloadingComplete (22ms)
	LoadAllAssembliesAndSetupDomain (404ms)
		LoadAssemblies (251ms)
		RebuildTransferFunctionScriptingTraits (0ms)
		AnalyzeDomain (196ms)
			TypeCache.Refresh (12ms)
				TypeCache.ScanAssembly (2ms)
			BuildScriptInfoCaches (168ms)
			ResolveRequiredComponents (14ms)
	FinalizeReload (797ms)
		ReleaseScriptCaches (0ms)
		RebuildScriptCaches (0ms)
		SetupLoadedEditorAssemblies (600ms)
			LogAssemblyErrors (0ms)
			InitializePlatformSupportModulesInManaged (41ms)
			SetLoadedEditorAssemblies (6ms)
			BeforeProcessingInitializeOnLoad (115ms)
			ProcessInitializeOnLoadAttributes (386ms)
			ProcessInitializeOnLoadMethodAttributes (51ms)
			AfterProcessingInitializeOnLoad (1ms)
			EditorAssembliesLoaded (0ms)
		ExecutionOrderSort2 (0ms)
		AwakeInstancesAfterBackupRestoration (8ms)
Refreshing native plugins compatible for Editor in 1.01 ms, found 5 plugins.
Preloading 0 native plugins for Editor in 0.00 ms.
Unloading 14 Unused Serialized files (Serialized files now loaded: 0)
Unloading 6592 unused Assets / (4.3 MB). Loaded Objects now: 7412.
Memory consumption went from 156.2 MB to 151.9 MB.
Total: 7.557167 ms (FindLiveObjects: 0.374750 ms CreateObjectMapping: 0.298750 ms MarkObjects: 5.092833 ms  DeleteObjects: 1.789750 ms)

Prepare: number of updated asset objects reloaded= 0
========================================================================
Received Prepare
Refreshing native plugins compatible for Editor in 0.99 ms, found 5 plugins.
Preloading 0 native plugins for Editor in 0.00 ms.
Unloading 14 Unused Serialized files (Serialized files now loaded: 0)
Unloading 6573 unused Assets / (4.2 MB). Loaded Objects now: 7412.
Memory consumption went from 147.9 MB to 143.7 MB.
Total: 7.175792 ms (FindLiveObjects: 0.403458 ms CreateObjectMapping: 0.225125 ms MarkObjects: 4.893375 ms  DeleteObjects: 1.653250 ms)

Prepare: number of updated asset objects reloaded= 0
========================================================================
Received Prepare
Begin MonoManager ReloadAssembly
Thread 0x17f393000 may have been prematurely finalized
- Loaded All Assemblies, in  0.616 seconds
Refreshing native plugins compatible for Editor in 0.81 ms, found 5 plugins.
Native extension for LinuxStandalone target not found
Native extension for iOS target not found
Native extension for Android target not found
Native extension for OSXStandalone target not found
Native extension for WebGL target not found
Mono: successfully reloaded assembly
- Finished resetting the current domain, in  0.797 seconds
Domain Reload Profiling: 1416ms
	BeginReloadAssembly (155ms)
		ExecutionOrderSort (0ms)
		DisableScriptedObjects (5ms)
		BackupInstance (0ms)
		ReleaseScriptingObjects (0ms)
		CreateAndSetChildDomain (70ms)
	RebuildCommonClasses (40ms)
	RebuildNativeTypeToScriptingClass (13ms)
	initialDomainReloadingComplete (21ms)
	LoadAllAssembliesAndSetupDomain (389ms)
		LoadAssemblies (245ms)
		RebuildTransferFunctionScriptingTraits (0ms)
		AnalyzeDomain (187ms)
			TypeCache.Refresh (12ms)
				TypeCache.ScanAssembly (2ms)
			BuildScriptInfoCaches (159ms)
			ResolveRequiredComponents (14ms)
	FinalizeReload (798ms)
		ReleaseScriptCaches (0ms)
		RebuildScriptCaches (0ms)
		SetupLoadedEditorAssemblies (608ms)
			LogAssemblyErrors (0ms)
			InitializePlatformSupportModulesInManaged (41ms)
			SetLoadedEditorAssemblies (5ms)
			BeforeProcessingInitializeOnLoad (115ms)
			ProcessInitializeOnLoadAttributes (397ms)
			ProcessInitializeOnLoadMethodAttributes (48ms)
			AfterProcessingInitializeOnLoad (1ms)
			EditorAssembliesLoaded (0ms)
		ExecutionOrderSort2 (0ms)
		AwakeInstancesAfterBackupRestoration (8ms)
Refreshing native plugins compatible for Editor in 1.00 ms, found 5 plugins.
Preloading 0 native plugins for Editor in 0.00 ms.
Unloading 14 Unused Serialized files (Serialized files now loaded: 0)
Unloading 6592 unused Assets / (4.4 MB). Loaded Objects now: 7414.
Memory consumption went from 156.2 MB to 151.8 MB.
Total: 7.335458 ms (FindLiveObjects: 0.359000 ms CreateObjectMapping: 0.276625 ms MarkObjects: 4.926000 ms  DeleteObjects: 1.773292 ms)

Prepare: number of updated asset objects reloaded= 0
========================================================================
Received Prepare
Refreshing native plugins compatible for Editor in 0.91 ms, found 5 plugins.
Preloading 0 native plugins for Editor in 0.00 ms.
Unloading 14 Unused Serialized files (Serialized files now loaded: 0)
Unloading 6574 unused Assets / (4.1 MB). Loaded Objects now: 7415.
Memory consumption went from 147.9 MB to 143.9 MB.
Total: 7.031666 ms (FindLiveObjects: 0.362542 ms CreateObjectMapping: 0.211500 ms MarkObjects: 4.871916 ms  DeleteObjects: 1.585125 ms)

Prepare: number of updated asset objects reloaded= 0
========================================================================
Received Prepare
Begin MonoManager ReloadAssembly
Thread 0x17f393000 may have been prematurely finalized
- Loaded All Assemblies, in  0.619 seconds
Refreshing native plugins compatible for Editor in 0.82 ms, found 5 plugins.
Native extension for LinuxStandalone target not found
Native extension for iOS target not found
Native extension for Android target not found
Native extension for OSXStandalone target not found
Native extension for WebGL target not found
Mono: successfully reloaded assembly
- Finished resetting the current domain, in  0.829 seconds
Domain Reload Profiling: 1451ms
	BeginReloadAssembly (155ms)
		ExecutionOrderSort (0ms)
		DisableScriptedObjects (5ms)
		BackupInstance (0ms)
		ReleaseScriptingObjects (0ms)
		CreateAndSetChildDomain (69ms)
	RebuildCommonClasses (40ms)
	RebuildNativeTypeToScriptingClass (14ms)
	initialDomainReloadingComplete (21ms)
	LoadAllAssembliesAndSetupDomain (391ms)
		LoadAssemblies (245ms)
		RebuildTransferFunctionScriptingTraits (0ms)
		AnalyzeDomain (191ms)
			TypeCache.Refresh (11ms)
				TypeCache.ScanAssembly (2ms)
			BuildScriptInfoCaches (163ms)
			ResolveRequiredComponents (14ms)
	FinalizeReload (830ms)
		ReleaseScriptCaches (0ms)
		RebuildScriptCaches (0ms)
		SetupLoadedEditorAssemblies (628ms)
			LogAssemblyErrors (0ms)
			InitializePlatformSupportModulesInManaged (41ms)
			SetLoadedEditorAssemblies (6ms)
			BeforeProcessingInitializeOnLoad (115ms)
			ProcessInitializeOnLoadAttributes (414ms)
			ProcessInitializeOnLoadMethodAttributes (51ms)
			AfterProcessingInitializeOnLoad (1ms)
			EditorAssembliesLoaded (0ms)
		ExecutionOrderSort2 (0ms)
		AwakeInstancesAfterBackupRestoration (11ms)
Refreshing native plugins compatible for Editor in 0.92 ms, found 5 plugins.
Preloading 0 native plugins for Editor in 0.00 ms.
Unloading 14 Unused Serialized files (Serialized files now loaded: 0)
Unloading 6593 unused Assets / (4.2 MB). Loaded Objects now: 7417.
Memory consumption went from 156.2 MB to 152.0 MB.
Total: 7.674125 ms (FindLiveObjects: 0.366417 ms CreateObjectMapping: 0.286584 ms MarkObjects: 5.075709 ms  DeleteObjects: 1.945083 ms)

Prepare: number of updated asset objects reloaded= 0
========================================================================
Received Prepare
Refreshing native plugins compatible for Editor in 0.94 ms, found 5 plugins.
Preloading 0 native plugins for Editor in 0.00 ms.
Unloading 14 Unused Serialized files (Serialized files now loaded: 0)
Unloading 6574 unused Assets / (4.3 MB). Loaded Objects now: 7417.
Memory consumption went from 147.9 MB to 143.6 MB.
Total: 7.381791 ms (FindLiveObjects: 0.388459 ms CreateObjectMapping: 0.225750 ms MarkObjects: 4.938709 ms  DeleteObjects: 1.828375 ms)

Prepare: number of updated asset objects reloaded= 0
========================================================================
Received Prepare
Begin MonoManager ReloadAssembly
Thread 0x17f393000 may have been prematurely finalized
- Loaded All Assemblies, in  0.642 seconds
Refreshing native plugins compatible for Editor in 0.83 ms, found 5 plugins.
Native extension for LinuxStandalone target not found
Native extension for iOS target not found
Native extension for Android target not found
Native extension for OSXStandalone target not found
Native extension for WebGL target not found
Mono: successfully reloaded assembly
- Finished resetting the current domain, in  0.810 seconds
Domain Reload Profiling: 1455ms
	BeginReloadAssembly (155ms)
		ExecutionOrderSort (0ms)
		DisableScriptedObjects (5ms)
		BackupInstance (0ms)
		ReleaseScriptingObjects (0ms)
		CreateAndSetChildDomain (69ms)
	RebuildCommonClasses (42ms)
	RebuildNativeTypeToScriptingClass (14ms)
	initialDomainReloadingComplete (22ms)
	LoadAllAssembliesAndSetupDomain (412ms)
		LoadAssemblies (265ms)
		RebuildTransferFunctionScriptingTraits (0ms)
		AnalyzeDomain (192ms)
			TypeCache.Refresh (12ms)
				TypeCache.ScanAssembly (2ms)
			BuildScriptInfoCaches (163ms)
			ResolveRequiredComponents (14ms)
	FinalizeReload (810ms)
		ReleaseScriptCaches (0ms)
		RebuildScriptCaches (0ms)
		SetupLoadedEditorAssemblies (613ms)
			LogAssemblyErrors (0ms)
			InitializePlatformSupportModulesInManaged (43ms)
			SetLoadedEditorAssemblies (6ms)
			BeforeProcessingInitializeOnLoad (116ms)
			ProcessInitializeOnLoadAttributes (397ms)
			ProcessInitializeOnLoadMethodAttributes (49ms)
			AfterProcessingInitializeOnLoad (1ms)
			EditorAssembliesLoaded (0ms)
		ExecutionOrderSort2 (0ms)
		AwakeInstancesAfterBackupRestoration (8ms)
Refreshing native plugins compatible for Editor in 1.00 ms, found 5 plugins.
Preloading 0 native plugins for Editor in 0.00 ms.
Unloading 14 Unused Serialized files (Serialized files now loaded: 0)
Unloading 6593 unused Assets / (4.2 MB). Loaded Objects now: 7419.
Memory consumption went from 156.2 MB to 152.0 MB.
Total: 7.119333 ms (FindLiveObjects: 0.360166 ms CreateObjectMapping: 0.277292 ms MarkObjects: 4.759750 ms  DeleteObjects: 1.721666 ms)

Prepare: number of updated asset objects reloaded= 0
========================================================================
Received Prepare
Refreshing native plugins compatible for Editor in 1.20 ms, found 5 plugins.
Preloading 0 native plugins for Editor in 0.00 ms.
Unloading 14 Unused Serialized files (Serialized files now loaded: 0)
Unloading 6574 unused Assets / (3.8 MB). Loaded Objects now: 7419.
Memory consumption went from 147.9 MB to 144.1 MB.
Total: 7.156083 ms (FindLiveObjects: 0.384792 ms CreateObjectMapping: 0.220708 ms MarkObjects: 4.894292 ms  DeleteObjects: 1.655500 ms)

Prepare: number of updated asset objects reloaded= 0
========================================================================
Received Import Request.
  Time since last request: 465.106309 seconds.
  path: Assets/Scripts/GameSystem/Question/QuestionPhaseView.cs
  artifactKey: Guid(23cc2bcc027934605bb4d4a6ac6f4ad8) Importer(815301076,1909f56bfc062723c751e8b465ee728b)
Start importing Assets/Scripts/GameSystem/Question/QuestionPhaseView.cs using Guid(23cc2bcc027934605bb4d4a6ac6f4ad8) Importer(815301076,1909f56bfc062723c751e8b465ee728b) (PreviewImporter) -> (artifact id: '58e02c482a149349fa6fd3714fad8956') in 0.001500458 seconds
Number of updated asset objects reloaded before import = 0Number of asset objects unloaded after import = 0

========================================================================
Received Prepare
Begin MonoManager ReloadAssembly
Thread 0x17f393000 may have been prematurely finalized
- Loaded All Assemblies, in  0.630 seconds
Refreshing native plugins compatible for Editor in 0.81 ms, found 5 plugins.
Native extension for LinuxStandalone target not found
Native extension for iOS target not found
Native extension for Android target not found
Native extension for OSXStandalone target not found
Native extension for WebGL target not found
Mono: successfully reloaded assembly
- Finished resetting the current domain, in  0.813 seconds
Domain Reload Profiling: 1446ms
	BeginReloadAssembly (154ms)
		ExecutionOrderSort (0ms)
		DisableScriptedObjects (5ms)
		BackupInstance (0ms)
		ReleaseScriptingObjects (0ms)
		CreateAndSetChildDomain (70ms)
	RebuildCommonClasses (41ms)
	RebuildNativeTypeToScriptingClass (13ms)
	initialDomainReloadingComplete (22ms)
	LoadAllAssembliesAndSetupDomain (403ms)
		LoadAssemblies (254ms)
		RebuildTransferFunctionScriptingTraits (0ms)
		AnalyzeDomain (191ms)
			TypeCache.Refresh (12ms)
				TypeCache.ScanAssembly (2ms)
			BuildScriptInfoCaches (163ms)
			ResolveRequiredComponents (14ms)
	FinalizeReload (814ms)
		ReleaseScriptCaches (0ms)
		RebuildScriptCaches (0ms)
		SetupLoadedEditorAssemblies (623ms)
			LogAssemblyErrors (0ms)
			InitializePlatformSupportModulesInManaged (43ms)
			SetLoadedEditorAssemblies (6ms)
			BeforeProcessingInitializeOnLoad (121ms)
			ProcessInitializeOnLoadAttributes (404ms)
			ProcessInitializeOnLoadMethodAttributes (48ms)
			AfterProcessingInitializeOnLoad (1ms)
			EditorAssembliesLoaded (0ms)
		ExecutionOrderSort2 (0ms)
		AwakeInstancesAfterBackupRestoration (8ms)
Refreshing native plugins compatible for Editor in 1.02 ms, found 5 plugins.
Preloading 0 native plugins for Editor in 0.00 ms.
Unloading 14 Unused Serialized files (Serialized files now loaded: 0)
Unloading 6593 unused Assets / (3.9 MB). Loaded Objects now: 7421.
Memory consumption went from 156.2 MB to 152.3 MB.
Total: 7.204875 ms (FindLiveObjects: 0.350250 ms CreateObjectMapping: 0.293750 ms MarkObjects: 4.808459 ms  DeleteObjects: 1.751875 ms)

Prepare: number of updated asset objects reloaded= 0
========================================================================
Received Prepare
Refreshing native plugins compatible for Editor in 0.97 ms, found 5 plugins.
Preloading 0 native plugins for Editor in 0.00 ms.
Unloading 14 Unused Serialized files (Serialized files now loaded: 0)
Unloading 6574 unused Assets / (3.9 MB). Loaded Objects now: 7421.
Memory consumption went from 147.9 MB to 144.0 MB.
Total: 6.945667 ms (FindLiveObjects: 0.377750 ms CreateObjectMapping: 0.214750 ms MarkObjects: 4.709708 ms  DeleteObjects: 1.642958 ms)

Prepare: number of updated asset objects reloaded= 0
========================================================================
Received Prepare
Begin MonoManager ReloadAssembly
Thread 0x17f393000 may have been prematurely finalized
- Loaded All Assemblies, in  0.629 seconds
Refreshing native plugins compatible for Editor in 0.81 ms, found 5 plugins.
Native extension for LinuxStandalone target not found
Native extension for iOS target not found
Native extension for Android target not found
Native extension for OSXStandalone target not found
Native extension for WebGL target not found
Mono: successfully reloaded assembly
- Finished resetting the current domain, in  0.822 seconds
Domain Reload Profiling: 1454ms
	BeginReloadAssembly (155ms)
		ExecutionOrderSort (0ms)
		DisableScriptedObjects (5ms)
		BackupInstance (0ms)
		ReleaseScriptingObjects (0ms)
		CreateAndSetChildDomain (73ms)
	RebuildCommonClasses (40ms)
	RebuildNativeTypeToScriptingClass (13ms)
	initialDomainReloadingComplete (22ms)
	LoadAllAssembliesAndSetupDomain (401ms)
		LoadAssemblies (243ms)
		RebuildTransferFunctionScriptingTraits (0ms)
		AnalyzeDomain (199ms)
			TypeCache.Refresh (12ms)
				TypeCache.ScanAssembly (2ms)
			BuildScriptInfoCaches (170ms)
			ResolveRequiredComponents (14ms)
	FinalizeReload (822ms)
		ReleaseScriptCaches (0ms)
		RebuildScriptCaches (0ms)
		SetupLoadedEditorAssemblies (624ms)
			LogAssemblyErrors (0ms)
			InitializePlatformSupportModulesInManaged (43ms)
			SetLoadedEditorAssemblies (6ms)
			BeforeProcessingInitializeOnLoad (121ms)
			ProcessInitializeOnLoadAttributes (401ms)
			ProcessInitializeOnLoadMethodAttributes (52ms)
			AfterProcessingInitializeOnLoad (1ms)
			EditorAssembliesLoaded (0ms)
		ExecutionOrderSort2 (0ms)
		AwakeInstancesAfterBackupRestoration (8ms)
Refreshing native plugins compatible for Editor in 0.98 ms, found 5 plugins.
Preloading 0 native plugins for Editor in 0.00 ms.
Unloading 14 Unused Serialized files (Serialized files now loaded: 0)
Unloading 6593 unused Assets / (4.3 MB). Loaded Objects now: 7423.
Memory consumption went from 156.1 MB to 151.8 MB.
Total: 7.149250 ms (FindLiveObjects: 0.362791 ms CreateObjectMapping: 0.286458 ms MarkObjects: 4.757959 ms  DeleteObjects: 1.741625 ms)

Prepare: number of updated asset objects reloaded= 0
========================================================================
Received Prepare
Refreshing native plugins compatible for Editor in 0.95 ms, found 5 plugins.
Preloading 0 native plugins for Editor in 0.00 ms.
Unloading 14 Unused Serialized files (Serialized files now loaded: 0)
Unloading 6574 unused Assets / (4.2 MB). Loaded Objects now: 7423.
Memory consumption went from 148.0 MB to 143.8 MB.
Total: 7.516583 ms (FindLiveObjects: 0.407709 ms CreateObjectMapping: 0.230250 ms MarkObjects: 5.141167 ms  DeleteObjects: 1.736583 ms)

Prepare: number of updated asset objects reloaded= 0
========================================================================
Received Prepare
Begin MonoManager ReloadAssembly
Thread 0x17f307000 may have been prematurely finalized
- Loaded All Assemblies, in  0.625 seconds
Refreshing native plugins compatible for Editor in 0.84 ms, found 5 plugins.
Native extension for LinuxStandalone target not found
Native extension for iOS target not found
Native extension for Android target not found
Native extension for OSXStandalone target not found
Native extension for WebGL target not found
Mono: successfully reloaded assembly
- Finished resetting the current domain, in  0.813 seconds
Domain Reload Profiling: 1441ms
	BeginReloadAssembly (154ms)
		ExecutionOrderSort (0ms)
		DisableScriptedObjects (5ms)
		BackupInstance (0ms)
		ReleaseScriptingObjects (0ms)
		CreateAndSetChildDomain (67ms)
	RebuildCommonClasses (42ms)
	RebuildNativeTypeToScriptingClass (14ms)
	initialDomainReloadingComplete (22ms)
	LoadAllAssembliesAndSetupDomain (395ms)
		LoadAssemblies (249ms)
		RebuildTransferFunctionScriptingTraits (0ms)
		AnalyzeDomain (192ms)
			TypeCache.Refresh (12ms)
				TypeCache.ScanAssembly (2ms)
			BuildScriptInfoCaches (163ms)
			ResolveRequiredComponents (14ms)
	FinalizeReload (814ms)
		ReleaseScriptCaches (0ms)
		RebuildScriptCaches (0ms)
		SetupLoadedEditorAssemblies (622ms)
			LogAssemblyErrors (0ms)
			InitializePlatformSupportModulesInManaged (41ms)
			SetLoadedEditorAssemblies (5ms)
			BeforeProcessingInitializeOnLoad (116ms)
			ProcessInitializeOnLoadAttributes (408ms)
			ProcessInitializeOnLoadMethodAttributes (50ms)
			AfterProcessingInitializeOnLoad (1ms)
			EditorAssembliesLoaded (0ms)
		ExecutionOrderSort2 (0ms)
		AwakeInstancesAfterBackupRestoration (8ms)
Refreshing native plugins compatible for Editor in 1.01 ms, found 5 plugins.
Preloading 0 native plugins for Editor in 0.00 ms.
Unloading 14 Unused Serialized files (Serialized files now loaded: 0)
Unloading 6593 unused Assets / (4.2 MB). Loaded Objects now: 7425.
Memory consumption went from 156.1 MB to 151.8 MB.
Total: 7.091417 ms (FindLiveObjects: 0.370042 ms CreateObjectMapping: 0.277959 ms MarkObjects: 4.758083 ms  DeleteObjects: 1.684875 ms)

Prepare: number of updated asset objects reloaded= 0
========================================================================
Received Prepare
Refreshing native plugins compatible for Editor in 1.18 ms, found 5 plugins.
Preloading 0 native plugins for Editor in 0.00 ms.
Unloading 14 Unused Serialized files (Serialized files now loaded: 0)
Unloading 6574 unused Assets / (4.1 MB). Loaded Objects now: 7425.
Memory consumption went from 148.0 MB to 143.8 MB.
Total: 6.946791 ms (FindLiveObjects: 0.386125 ms CreateObjectMapping: 0.211625 ms MarkObjects: 4.793584 ms  DeleteObjects: 1.554041 ms)

Prepare: number of updated asset objects reloaded= 0
========================================================================
Received Prepare
Begin MonoManager ReloadAssembly
Thread 0x17f307000 may have been prematurely finalized
- Loaded All Assemblies, in  0.615 seconds
Refreshing native plugins compatible for Editor in 0.83 ms, found 5 plugins.
Native extension for LinuxStandalone target not found
Native extension for iOS target not found
Native extension for Android target not found
Native extension for OSXStandalone target not found
Native extension for WebGL target not found
Mono: successfully reloaded assembly
- Finished resetting the current domain, in  0.843 seconds
Domain Reload Profiling: 1461ms
	BeginReloadAssembly (155ms)
		ExecutionOrderSort (0ms)
		DisableScriptedObjects (5ms)
		BackupInstance (0ms)
		ReleaseScriptingObjects (0ms)
		CreateAndSetChildDomain (69ms)
	RebuildCommonClasses (40ms)
	RebuildNativeTypeToScriptingClass (13ms)
	initialDomainReloadingComplete (21ms)
	LoadAllAssembliesAndSetupDomain (388ms)
		LoadAssemblies (240ms)
		RebuildTransferFunctionScriptingTraits (0ms)
		AnalyzeDomain (192ms)
			TypeCache.Refresh (12ms)
				TypeCache.ScanAssembly (2ms)
			BuildScriptInfoCaches (164ms)
			ResolveRequiredComponents (14ms)
	FinalizeReload (844ms)
		ReleaseScriptCaches (0ms)
		RebuildScriptCaches (0ms)
		SetupLoadedEditorAssemblies (640ms)
			LogAssemblyErrors (0ms)
			InitializePlatformSupportModulesInManaged (47ms)
			SetLoadedEditorAssemblies (6ms)
			BeforeProcessingInitializeOnLoad (123ms)
			ProcessInitializeOnLoadAttributes (409ms)
			ProcessInitializeOnLoadMethodAttributes (54ms)
			AfterProcessingInitializeOnLoad (1ms)
			EditorAssembliesLoaded (0ms)
		ExecutionOrderSort2 (0ms)
		AwakeInstancesAfterBackupRestoration (8ms)
Refreshing native plugins compatible for Editor in 0.93 ms, found 5 plugins.
Preloading 0 native plugins for Editor in 0.00 ms.
Unloading 14 Unused Serialized files (Serialized files now loaded: 0)
Unloading 6593 unused Assets / (4.2 MB). Loaded Objects now: 7427.
Memory consumption went from 156.1 MB to 151.9 MB.
Total: 7.109459 ms (FindLiveObjects: 0.390208 ms CreateObjectMapping: 0.280167 ms MarkObjects: 4.734666 ms  DeleteObjects: 1.703750 ms)

Prepare: number of updated asset objects reloaded= 0
========================================================================
Received Prepare
Refreshing native plugins compatible for Editor in 1.02 ms, found 5 plugins.
Preloading 0 native plugins for Editor in 0.00 ms.
Unloading 14 Unused Serialized files (Serialized files now loaded: 0)
Unloading 6574 unused Assets / (4.2 MB). Loaded Objects now: 7427.
Memory consumption went from 148.0 MB to 143.8 MB.
Total: 7.400875 ms (FindLiveObjects: 0.405750 ms CreateObjectMapping: 0.243917 ms MarkObjects: 4.953208 ms  DeleteObjects: 1.797375 ms)

Prepare: number of updated asset objects reloaded= 0
========================================================================
Received Prepare
Refreshing native plugins compatible for Editor in 1.10 ms, found 5 plugins.
Preloading 0 native plugins for Editor in 0.00 ms.
Unloading 14 Unused Serialized files (Serialized files now loaded: 0)
Unloading 6574 unused Assets / (4.1 MB). Loaded Objects now: 7427.
Memory consumption went from 148.0 MB to 143.8 MB.
Total: 7.139083 ms (FindLiveObjects: 0.356125 ms CreateObjectMapping: 0.209667 ms MarkObjects: 4.792166 ms  DeleteObjects: 1.780416 ms)

Prepare: number of updated asset objects reloaded= 0
========================================================================
Received Prepare
Begin MonoManager ReloadAssembly
Thread 0x17f307000 may have been prematurely finalized
- Loaded All Assemblies, in  0.626 seconds
Refreshing native plugins compatible for Editor in 0.82 ms, found 5 plugins.
Native extension for LinuxStandalone target not found
Native extension for iOS target not found
Native extension for Android target not found
Native extension for OSXStandalone target not found
Native extension for WebGL target not found
Mono: successfully reloaded assembly
- Finished resetting the current domain, in  0.799 seconds
Domain Reload Profiling: 1427ms
	BeginReloadAssembly (152ms)
		ExecutionOrderSort (0ms)
		DisableScriptedObjects (5ms)
		BackupInstance (0ms)
		ReleaseScriptingObjects (0ms)
		CreateAndSetChildDomain (67ms)
	RebuildCommonClasses (41ms)
	RebuildNativeTypeToScriptingClass (14ms)
	initialDomainReloadingComplete (22ms)
	LoadAllAssembliesAndSetupDomain (398ms)
		LoadAssemblies (252ms)
		RebuildTransferFunctionScriptingTraits (0ms)
		AnalyzeDomain (190ms)
			TypeCache.Refresh (12ms)
				TypeCache.ScanAssembly (2ms)
			BuildScriptInfoCaches (162ms)
			ResolveRequiredComponents (14ms)
	FinalizeReload (799ms)
		ReleaseScriptCaches (0ms)
		RebuildScriptCaches (0ms)
		SetupLoadedEditorAssemblies (605ms)
			LogAssemblyErrors (0ms)
			InitializePlatformSupportModulesInManaged (42ms)
			SetLoadedEditorAssemblies (6ms)
			BeforeProcessingInitializeOnLoad (114ms)
			ProcessInitializeOnLoadAttributes (391ms)
			ProcessInitializeOnLoadMethodAttributes (51ms)
			AfterProcessingInitializeOnLoad (1ms)
			EditorAssembliesLoaded (0ms)
		ExecutionOrderSort2 (0ms)
		AwakeInstancesAfterBackupRestoration (8ms)
Refreshing native plugins compatible for Editor in 1.00 ms, found 5 plugins.
Preloading 0 native plugins for Editor in 0.00 ms.
Unloading 14 Unused Serialized files (Serialized files now loaded: 0)
Unloading 6593 unused Assets / (4.2 MB). Loaded Objects now: 7429.
Memory consumption went from 156.1 MB to 151.9 MB.
Total: 7.391791 ms (FindLiveObjects: 0.370334 ms CreateObjectMapping: 0.283000 ms MarkObjects: 5.030875 ms  DeleteObjects: 1.707042 ms)

Prepare: number of updated asset objects reloaded= 0
========================================================================
Received Prepare
Refreshing native plugins compatible for Editor in 0.96 ms, found 5 plugins.
Preloading 0 native plugins for Editor in 0.00 ms.
Unloading 14 Unused Serialized files (Serialized files now loaded: 0)
Unloading 6574 unused Assets / (4.2 MB). Loaded Objects now: 7429.
Memory consumption went from 148.0 MB to 143.7 MB.
Total: 7.134334 ms (FindLiveObjects: 0.366542 ms CreateObjectMapping: 0.214083 ms MarkObjects: 4.805125 ms  DeleteObjects: 1.748083 ms)

Prepare: number of updated asset objects reloaded= 0
========================================================================
Received Prepare
Begin MonoManager ReloadAssembly
Thread 0x17f307000 may have been prematurely finalized
- Loaded All Assemblies, in  0.643 seconds
Refreshing native plugins compatible for Editor in 0.98 ms, found 5 plugins.
Native extension for LinuxStandalone target not found
Native extension for iOS target not found
Native extension for Android target not found
Native extension for OSXStandalone target not found
Native extension for WebGL target not found
Mono: successfully reloaded assembly
- Finished resetting the current domain, in  0.825 seconds
Domain Reload Profiling: 1470ms
	BeginReloadAssembly (160ms)
		ExecutionOrderSort (0ms)
		DisableScriptedObjects (5ms)
		BackupInstance (0ms)
		ReleaseScriptingObjects (0ms)
		CreateAndSetChildDomain (73ms)
	RebuildCommonClasses (42ms)
	RebuildNativeTypeToScriptingClass (14ms)
	initialDomainReloadingComplete (22ms)
	LoadAllAssembliesAndSetupDomain (407ms)
		LoadAssemblies (255ms)
		RebuildTransferFunctionScriptingTraits (0ms)
		AnalyzeDomain (197ms)
			TypeCache.Refresh (12ms)
				TypeCache.ScanAssembly (2ms)
			BuildScriptInfoCaches (168ms)
			ResolveRequiredComponents (15ms)
	FinalizeReload (825ms)
		ReleaseScriptCaches (0ms)
		RebuildScriptCaches (0ms)
		SetupLoadedEditorAssemblies (622ms)
			LogAssemblyErrors (0ms)
			InitializePlatformSupportModulesInManaged (45ms)
			SetLoadedEditorAssemblies (6ms)
			BeforeProcessingInitializeOnLoad (121ms)
			ProcessInitializeOnLoadAttributes (399ms)
			ProcessInitializeOnLoadMethodAttributes (50ms)
			AfterProcessingInitializeOnLoad (1ms)
			EditorAssembliesLoaded (0ms)
		ExecutionOrderSort2 (0ms)
		AwakeInstancesAfterBackupRestoration (8ms)
Refreshing native plugins compatible for Editor in 0.96 ms, found 5 plugins.
Preloading 0 native plugins for Editor in 0.00 ms.
Unloading 14 Unused Serialized files (Serialized files now loaded: 0)
Unloading 6593 unused Assets / (4.3 MB). Loaded Objects now: 7431.
Memory consumption went from 156.1 MB to 151.8 MB.
Total: 7.395833 ms (FindLiveObjects: 0.391583 ms CreateObjectMapping: 0.325583 ms MarkObjects: 4.906416 ms  DeleteObjects: 1.771417 ms)

Prepare: number of updated asset objects reloaded= 0
========================================================================
Received Prepare
Refreshing native plugins compatible for Editor in 0.95 ms, found 5 plugins.
Preloading 0 native plugins for Editor in 0.00 ms.
Unloading 14 Unused Serialized files (Serialized files now loaded: 0)
Unloading 6574 unused Assets / (4.2 MB). Loaded Objects now: 7431.
Memory consumption went from 148.0 MB to 143.8 MB.
Total: 7.041958 ms (FindLiveObjects: 0.369583 ms CreateObjectMapping: 0.221833 ms MarkObjects: 4.839417 ms  DeleteObjects: 1.610625 ms)

Prepare: number of updated asset objects reloaded= 0
========================================================================
Received Prepare
Begin MonoManager ReloadAssembly
Thread 0x17f307000 may have been prematurely finalized
- Loaded All Assemblies, in  0.630 seconds
Refreshing native plugins compatible for Editor in 0.81 ms, found 5 plugins.
Native extension for LinuxStandalone target not found
Native extension for iOS target not found
Native extension for Android target not found
Native extension for OSXStandalone target not found
Native extension for WebGL target not found
Mono: successfully reloaded assembly
- Finished resetting the current domain, in  0.797 seconds
Domain Reload Profiling: 1430ms
	BeginReloadAssembly (154ms)
		ExecutionOrderSort (0ms)
		DisableScriptedObjects (5ms)
		BackupInstance (0ms)
		ReleaseScriptingObjects (0ms)
		CreateAndSetChildDomain (71ms)
	RebuildCommonClasses (41ms)
	RebuildNativeTypeToScriptingClass (13ms)
	initialDomainReloadingComplete (21ms)
	LoadAllAssembliesAndSetupDomain (404ms)
		LoadAssemblies (245ms)
		RebuildTransferFunctionScriptingTraits (0ms)
		AnalyzeDomain (201ms)
			TypeCache.Refresh (12ms)
				TypeCache.ScanAssembly (2ms)
			BuildScriptInfoCaches (172ms)
			ResolveRequiredComponents (14ms)
	FinalizeReload (798ms)
		ReleaseScriptCaches (0ms)
		RebuildScriptCaches (0ms)
		SetupLoadedEditorAssemblies (607ms)
			LogAssemblyErrors (0ms)
			InitializePlatformSupportModulesInManaged (42ms)
			SetLoadedEditorAssemblies (6ms)
			BeforeProcessingInitializeOnLoad (115ms)
			ProcessInitializeOnLoadAttributes (391ms)
			ProcessInitializeOnLoadMethodAttributes (53ms)
			AfterProcessingInitializeOnLoad (1ms)
			EditorAssembliesLoaded (0ms)
		ExecutionOrderSort2 (0ms)
		AwakeInstancesAfterBackupRestoration (8ms)
Refreshing native plugins compatible for Editor in 0.98 ms, found 5 plugins.
Preloading 0 native plugins for Editor in 0.00 ms.
Unloading 14 Unused Serialized files (Serialized files now loaded: 0)
Unloading 6593 unused Assets / (4.2 MB). Loaded Objects now: 7433.
Memory consumption went from 156.1 MB to 151.9 MB.
Total: 7.182333 ms (FindLiveObjects: 0.367416 ms CreateObjectMapping: 0.278959 ms MarkObjects: 4.802208 ms  DeleteObjects: 1.733209 ms)

Prepare: number of updated asset objects reloaded= 0
========================================================================
Received Prepare
Refreshing native plugins compatible for Editor in 1.64 ms, found 5 plugins.
Preloading 0 native plugins for Editor in 0.00 ms.
Unloading 14 Unused Serialized files (Serialized files now loaded: 0)
Unloading 6574 unused Assets / (3.1 MB). Loaded Objects now: 7433.
Memory consumption went from 148.0 MB to 144.9 MB.
Total: 7.417209 ms (FindLiveObjects: 0.368458 ms CreateObjectMapping: 0.221875 ms MarkObjects: 5.258167 ms  DeleteObjects: 1.568042 ms)

Prepare: number of updated asset objects reloaded= 0
========================================================================
Received Prepare
Begin MonoManager ReloadAssembly
Thread 0x17f307000 may have been prematurely finalized
- Loaded All Assemblies, in  0.616 seconds
Refreshing native plugins compatible for Editor in 1.39 ms, found 5 plugins.
Native extension for LinuxStandalone target not found
Native extension for iOS target not found
Native extension for Android target not found
Native extension for OSXStandalone target not found
Native extension for WebGL target not found
Mono: successfully reloaded assembly
- Finished resetting the current domain, in  0.796 seconds
Domain Reload Profiling: 1415ms
	BeginReloadAssembly (157ms)
		ExecutionOrderSort (0ms)
		DisableScriptedObjects (5ms)
		BackupInstance (0ms)
		ReleaseScriptingObjects (0ms)
		CreateAndSetChildDomain (75ms)
	RebuildCommonClasses (41ms)
	RebuildNativeTypeToScriptingClass (13ms)
	initialDomainReloadingComplete (21ms)
	LoadAllAssembliesAndSetupDomain (387ms)
		LoadAssemblies (238ms)
		RebuildTransferFunctionScriptingTraits (0ms)
		AnalyzeDomain (190ms)
			TypeCache.Refresh (12ms)
				TypeCache.ScanAssembly (2ms)
			BuildScriptInfoCaches (161ms)
			ResolveRequiredComponents (14ms)
	FinalizeReload (796ms)
		ReleaseScriptCaches (0ms)
		RebuildScriptCaches (0ms)
		SetupLoadedEditorAssemblies (601ms)
			LogAssemblyErrors (0ms)
			InitializePlatformSupportModulesInManaged (43ms)
			SetLoadedEditorAssemblies (6ms)
			BeforeProcessingInitializeOnLoad (116ms)
			ProcessInitializeOnLoadAttributes (387ms)
			ProcessInitializeOnLoadMethodAttributes (48ms)
			AfterProcessingInitializeOnLoad (1ms)
			EditorAssembliesLoaded (0ms)
		ExecutionOrderSort2 (0ms)
		AwakeInstancesAfterBackupRestoration (7ms)
Refreshing native plugins compatible for Editor in 0.92 ms, found 5 plugins.
Preloading 0 native plugins for Editor in 0.00 ms.
Unloading 14 Unused Serialized files (Serialized files now loaded: 0)
Unloading 6593 unused Assets / (4.1 MB). Loaded Objects now: 7435.
Memory consumption went from 156.1 MB to 152.0 MB.
Total: 7.063541 ms (FindLiveObjects: 0.364292 ms CreateObjectMapping: 0.284750 ms MarkObjects: 4.744041 ms  DeleteObjects: 1.669958 ms)

Prepare: number of updated asset objects reloaded= 0
========================================================================
Received Import Request.
  Time since last request: 404.000376 seconds.
  path: Assets/Scripts/GameSystem/Result/ResultPhase.cs
  artifactKey: Guid(25d8f1d1d81d44853b6a234381d879df) Importer(2089858483,192608db42251d675da83286b1cce702)
Start importing Assets/Scripts/GameSystem/Result/ResultPhase.cs using Guid(25d8f1d1d81d44853b6a234381d879df) Importer(2089858483,192608db42251d675da83286b1cce702) (ScriptedImporter) -> (artifact id: 'db09f40927adb9acd9233373279761dc') in 0.160759417 seconds
Number of updated asset objects reloaded before import = 0Number of asset objects unloaded after import = 0

========================================================================
Received Prepare
Refreshing native plugins compatible for Editor in 1.02 ms, found 5 plugins.
Preloading 0 native plugins for Editor in 0.00 ms.
Unloading 14 Unused Serialized files (Serialized files now loaded: 0)
Unloading 6575 unused Assets / (4.1 MB). Loaded Objects now: 7436.
Memory consumption went from 148.0 MB to 143.9 MB.
Total: 6.999792 ms (FindLiveObjects: 0.368083 ms CreateObjectMapping: 0.219500 ms MarkObjects: 4.859625 ms  DeleteObjects: 1.551833 ms)

Prepare: number of updated asset objects reloaded= 0
========================================================================
Received Prepare
Begin MonoManager ReloadAssembly
Thread 0x17f393000 may have been prematurely finalized
- Loaded All Assemblies, in  0.657 seconds
Refreshing native plugins compatible for Editor in 0.84 ms, found 5 plugins.
Native extension for LinuxStandalone target not found
Native extension for iOS target not found
Native extension for Android target not found
Native extension for OSXStandalone target not found
Native extension for WebGL target not found
Mono: successfully reloaded assembly
- Finished resetting the current domain, in  0.838 seconds
Domain Reload Profiling: 1497ms
	BeginReloadAssembly (180ms)
		ExecutionOrderSort (0ms)
		DisableScriptedObjects (5ms)
		BackupInstance (0ms)
		ReleaseScriptingObjects (0ms)
		CreateAndSetChildDomain (94ms)
	RebuildCommonClasses (41ms)
	RebuildNativeTypeToScriptingClass (13ms)
	initialDomainReloadingComplete (21ms)
	LoadAllAssembliesAndSetupDomain (404ms)
		LoadAssemblies (246ms)
		RebuildTransferFunctionScriptingTraits (0ms)
		AnalyzeDomain (201ms)
			TypeCache.Refresh (13ms)
				TypeCache.ScanAssembly (2ms)
			BuildScriptInfoCaches (171ms)
			ResolveRequiredComponents (15ms)
	FinalizeReload (838ms)
		ReleaseScriptCaches (0ms)
		RebuildScriptCaches (0ms)
		SetupLoadedEditorAssemblies (640ms)
			LogAssemblyErrors (0ms)
			InitializePlatformSupportModulesInManaged (43ms)
			SetLoadedEditorAssemblies (6ms)
			BeforeProcessingInitializeOnLoad (116ms)
			ProcessInitializeOnLoadAttributes (417ms)
			ProcessInitializeOnLoadMethodAttributes (56ms)
			AfterProcessingInitializeOnLoad (1ms)
			EditorAssembliesLoaded (0ms)
		ExecutionOrderSort2 (0ms)
		AwakeInstancesAfterBackupRestoration (8ms)
Refreshing native plugins compatible for Editor in 0.98 ms, found 5 plugins.
Preloading 0 native plugins for Editor in 0.00 ms.
Unloading 14 Unused Serialized files (Serialized files now loaded: 0)
Unloading 6594 unused Assets / (4.2 MB). Loaded Objects now: 7438.
Memory consumption went from 156.0 MB to 151.8 MB.
Total: 7.853083 ms (FindLiveObjects: 0.390000 ms CreateObjectMapping: 0.295583 ms MarkObjects: 4.937708 ms  DeleteObjects: 2.229416 ms)

Prepare: number of updated asset objects reloaded= 0
========================================================================
Received Prepare
Refreshing native plugins compatible for Editor in 1.40 ms, found 5 plugins.
Preloading 0 native plugins for Editor in 0.00 ms.
Unloading 14 Unused Serialized files (Serialized files now loaded: 0)
Unloading 6575 unused Assets / (4.2 MB). Loaded Objects now: 7438.
Memory consumption went from 148.0 MB to 143.7 MB.
Total: 7.412625 ms (FindLiveObjects: 0.389375 ms CreateObjectMapping: 0.221333 ms MarkObjects: 5.030292 ms  DeleteObjects: 1.771083 ms)

Prepare: number of updated asset objects reloaded= 0
========================================================================
Received Import Request.
  Time since last request: 79.031492 seconds.
  path: Assets/Scripts/GameSystem/Result/ResultPhaseView.cs
  artifactKey: Guid(66a7a8b68d78e443d87fb31c5a516c49) Importer(815301076,1909f56bfc062723c751e8b465ee728b)
Start importing Assets/Scripts/GameSystem/Result/ResultPhaseView.cs using Guid(66a7a8b68d78e443d87fb31c5a516c49) Importer(815301076,1909f56bfc062723c751e8b465ee728b) (PreviewImporter) -> (artifact id: 'a3182938f17bebd98e9b1ebceb618046') in 0.001398 seconds
Number of updated asset objects reloaded before import = 0Number of asset objects unloaded after import = 0

========================================================================
Received Prepare
Begin MonoManager ReloadAssembly
Thread 0x17f393000 may have been prematurely finalized
- Loaded All Assemblies, in  0.637 seconds
Refreshing native plugins compatible for Editor in 0.83 ms, found 5 plugins.
Native extension for LinuxStandalone target not found
Native extension for iOS target not found
Native extension for Android target not found
Native extension for OSXStandalone target not found
Native extension for WebGL target not found
Mono: successfully reloaded assembly
- Finished resetting the current domain, in  0.809 seconds
Domain Reload Profiling: 1448ms
	BeginReloadAssembly (156ms)
		ExecutionOrderSort (0ms)
		DisableScriptedObjects (5ms)
		BackupInstance (0ms)
		ReleaseScriptingObjects (0ms)
		CreateAndSetChildDomain (72ms)
	RebuildCommonClasses (42ms)
	RebuildNativeTypeToScriptingClass (14ms)
	initialDomainReloadingComplete (23ms)
	LoadAllAssembliesAndSetupDomain (404ms)
		LoadAssemblies (247ms)
		RebuildTransferFunctionScriptingTraits (0ms)
		AnalyzeDomain (200ms)
			TypeCache.Refresh (12ms)
				TypeCache.ScanAssembly (2ms)
			BuildScriptInfoCaches (171ms)
			ResolveRequiredComponents (15ms)
	FinalizeReload (809ms)
		ReleaseScriptCaches (0ms)
		RebuildScriptCaches (0ms)
		SetupLoadedEditorAssemblies (614ms)
			LogAssemblyErrors (0ms)
			InitializePlatformSupportModulesInManaged (42ms)
			SetLoadedEditorAssemblies (6ms)
			BeforeProcessingInitializeOnLoad (117ms)
			ProcessInitializeOnLoadAttributes (399ms)
			ProcessInitializeOnLoadMethodAttributes (48ms)
			AfterProcessingInitializeOnLoad (1ms)
			EditorAssembliesLoaded (0ms)
		ExecutionOrderSort2 (0ms)
		AwakeInstancesAfterBackupRestoration (8ms)
Refreshing native plugins compatible for Editor in 1.00 ms, found 5 plugins.
Preloading 0 native plugins for Editor in 0.00 ms.
Unloading 14 Unused Serialized files (Serialized files now loaded: 0)
Unloading 6594 unused Assets / (3.9 MB). Loaded Objects now: 7440.
Memory consumption went from 156.0 MB to 152.1 MB.
Total: 7.156166 ms (FindLiveObjects: 0.376834 ms CreateObjectMapping: 0.294959 ms MarkObjects: 4.706000 ms  DeleteObjects: 1.777709 ms)

Prepare: number of updated asset objects reloaded= 0
========================================================================
Received Prepare
Refreshing native plugins compatible for Editor in 0.99 ms, found 5 plugins.
Preloading 0 native plugins for Editor in 0.00 ms.
Unloading 14 Unused Serialized files (Serialized files now loaded: 0)
Unloading 6575 unused Assets / (4.3 MB). Loaded Objects now: 7440.
Memory consumption went from 148.0 MB to 143.7 MB.
Total: 7.185084 ms (FindLiveObjects: 0.381042 ms CreateObjectMapping: 0.221208 ms MarkObjects: 4.895084 ms  DeleteObjects: 1.687417 ms)

Prepare: number of updated asset objects reloaded= 0
========================================================================
Received Prepare
Begin MonoManager ReloadAssembly
Thread 0x17f393000 may have been prematurely finalized
- Loaded All Assemblies, in  0.631 seconds
Refreshing native plugins compatible for Editor in 1.00 ms, found 5 plugins.
Native extension for LinuxStandalone target not found
Native extension for iOS target not found
Native extension for Android target not found
Native extension for OSXStandalone target not found
Native extension for WebGL target not found
Mono: successfully reloaded assembly
- Finished resetting the current domain, in  0.813 seconds
Domain Reload Profiling: 1446ms
	BeginReloadAssembly (157ms)
		ExecutionOrderSort (0ms)
		DisableScriptedObjects (5ms)
		BackupInstance (0ms)
		ReleaseScriptingObjects (0ms)
		CreateAndSetChildDomain (72ms)
	RebuildCommonClasses (42ms)
	RebuildNativeTypeToScriptingClass (13ms)
	initialDomainReloadingComplete (22ms)
	LoadAllAssembliesAndSetupDomain (399ms)
		LoadAssemblies (251ms)
		RebuildTransferFunctionScriptingTraits (0ms)
		AnalyzeDomain (192ms)
			TypeCache.Refresh (12ms)
				TypeCache.ScanAssembly (2ms)
			BuildScriptInfoCaches (164ms)
			ResolveRequiredComponents (14ms)
	FinalizeReload (813ms)
		ReleaseScriptCaches (0ms)
		RebuildScriptCaches (0ms)
		SetupLoadedEditorAssemblies (616ms)
			LogAssemblyErrors (0ms)
			InitializePlatformSupportModulesInManaged (42ms)
			SetLoadedEditorAssemblies (5ms)
			BeforeProcessingInitializeOnLoad (118ms)
			ProcessInitializeOnLoadAttributes (395ms)
			ProcessInitializeOnLoadMethodAttributes (54ms)
			AfterProcessingInitializeOnLoad (1ms)
			EditorAssembliesLoaded (0ms)
		ExecutionOrderSort2 (0ms)
		AwakeInstancesAfterBackupRestoration (8ms)
Refreshing native plugins compatible for Editor in 0.99 ms, found 5 plugins.
Preloading 0 native plugins for Editor in 0.00 ms.
Unloading 14 Unused Serialized files (Serialized files now loaded: 0)
Unloading 6594 unused Assets / (4.3 MB). Loaded Objects now: 7442.
Memory consumption went from 155.9 MB to 151.6 MB.
Total: 7.202667 ms (FindLiveObjects: 0.416750 ms CreateObjectMapping: 0.289709 ms MarkObjects: 4.809916 ms  DeleteObjects: 1.685541 ms)

Prepare: number of updated asset objects reloaded= 0
========================================================================
Received Prepare
Refreshing native plugins compatible for Editor in 1.04 ms, found 5 plugins.
Preloading 0 native plugins for Editor in 0.00 ms.
Unloading 14 Unused Serialized files (Serialized files now loaded: 0)
Unloading 6575 unused Assets / (4.3 MB). Loaded Objects now: 7442.
Memory consumption went from 148.0 MB to 143.7 MB.
Total: 7.445250 ms (FindLiveObjects: 0.385875 ms CreateObjectMapping: 0.225084 ms MarkObjects: 4.961333 ms  DeleteObjects: 1.872084 ms)

Prepare: number of updated asset objects reloaded= 0
========================================================================
Received Import Request.
  Time since last request: 112.307586 seconds.
  path: Assets/Scripts/GameSystem/Result/ResultPhaseView.cs
  artifactKey: Guid(66a7a8b68d78e443d87fb31c5a516c49) Importer(815301076,1909f56bfc062723c751e8b465ee728b)
Start importing Assets/Scripts/GameSystem/Result/ResultPhaseView.cs using Guid(66a7a8b68d78e443d87fb31c5a516c49) Importer(815301076,1909f56bfc062723c751e8b465ee728b) (PreviewImporter) -> (artifact id: 'e4a992695be9f2f81d5a58b901287d7c') in 0.001340667 seconds
Number of updated asset objects reloaded before import = 0Number of asset objects unloaded after import = 0

========================================================================
Received Prepare
Begin MonoManager ReloadAssembly
Thread 0x17f393000 may have been prematurely finalized
- Loaded All Assemblies, in  0.620 seconds
Refreshing native plugins compatible for Editor in 0.82 ms, found 5 plugins.
Native extension for LinuxStandalone target not found
Native extension for iOS target not found
Native extension for Android target not found
Native extension for OSXStandalone target not found
Native extension for WebGL target not found
Mono: successfully reloaded assembly
- Finished resetting the current domain, in  0.807 seconds
Domain Reload Profiling: 1430ms
	BeginReloadAssembly (154ms)
		ExecutionOrderSort (0ms)
		DisableScriptedObjects (5ms)
		BackupInstance (0ms)
		ReleaseScriptingObjects (0ms)
		CreateAndSetChildDomain (71ms)
	RebuildCommonClasses (40ms)
	RebuildNativeTypeToScriptingClass (13ms)
	initialDomainReloadingComplete (22ms)
	LoadAllAssembliesAndSetupDomain (393ms)
		LoadAssemblies (243ms)
		RebuildTransferFunctionScriptingTraits (0ms)
		AnalyzeDomain (192ms)
			TypeCache.Refresh (12ms)
				TypeCache.ScanAssembly (2ms)
			BuildScriptInfoCaches (163ms)
			ResolveRequiredComponents (14ms)
	FinalizeReload (807ms)
		ReleaseScriptCaches (0ms)
		RebuildScriptCaches (0ms)
		SetupLoadedEditorAssemblies (615ms)
			LogAssemblyErrors (0ms)
			InitializePlatformSupportModulesInManaged (42ms)
			SetLoadedEditorAssemblies (5ms)
			BeforeProcessingInitializeOnLoad (114ms)
			ProcessInitializeOnLoadAttributes (401ms)
			ProcessInitializeOnLoadMethodAttributes (50ms)
			AfterProcessingInitializeOnLoad (1ms)
			EditorAssembliesLoaded (0ms)
		ExecutionOrderSort2 (0ms)
		AwakeInstancesAfterBackupRestoration (8ms)
Refreshing native plugins compatible for Editor in 1.00 ms, found 5 plugins.
Preloading 0 native plugins for Editor in 0.00 ms.
Unloading 14 Unused Serialized files (Serialized files now loaded: 0)
Unloading 6594 unused Assets / (4.2 MB). Loaded Objects now: 7444.
Memory consumption went from 155.9 MB to 151.7 MB.
Total: 7.835250 ms (FindLiveObjects: 0.379458 ms CreateObjectMapping: 0.288041 ms MarkObjects: 5.170292 ms  DeleteObjects: 1.996708 ms)

Prepare: number of updated asset objects reloaded= 0
========================================================================
Received Prepare
Refreshing native plugins compatible for Editor in 0.91 ms, found 5 plugins.
Preloading 0 native plugins for Editor in 0.00 ms.
Unloading 14 Unused Serialized files (Serialized files now loaded: 0)
Unloading 6575 unused Assets / (4.4 MB). Loaded Objects now: 7444.
Memory consumption went from 148.0 MB to 143.6 MB.
Total: 7.070750 ms (FindLiveObjects: 0.373083 ms CreateObjectMapping: 0.224084 ms MarkObjects: 4.834208 ms  DeleteObjects: 1.638833 ms)

Prepare: number of updated asset objects reloaded= 0
========================================================================
Received Prepare
Begin MonoManager ReloadAssembly
Thread 0x17f393000 may have been prematurely finalized
- Loaded All Assemblies, in  0.661 seconds
Refreshing native plugins compatible for Editor in 0.81 ms, found 5 plugins.
Native extension for LinuxStandalone target not found
Native extension for iOS target not found
Native extension for Android target not found
Native extension for OSXStandalone target not found
Native extension for WebGL target not found
Mono: successfully reloaded assembly
- Finished resetting the current domain, in  0.813 seconds
Domain Reload Profiling: 1477ms
	BeginReloadAssembly (159ms)
		ExecutionOrderSort (0ms)
		DisableScriptedObjects (5ms)
		BackupInstance (0ms)
		ReleaseScriptingObjects (0ms)
		CreateAndSetChildDomain (72ms)
	RebuildCommonClasses (42ms)
	RebuildNativeTypeToScriptingClass (14ms)
	initialDomainReloadingComplete (22ms)
	LoadAllAssembliesAndSetupDomain (427ms)
		LoadAssemblies (273ms)
		RebuildTransferFunctionScriptingTraits (0ms)
		AnalyzeDomain (200ms)
			TypeCache.Refresh (12ms)
				TypeCache.ScanAssembly (2ms)
			BuildScriptInfoCaches (171ms)
			ResolveRequiredComponents (14ms)
	FinalizeReload (813ms)
		ReleaseScriptCaches (0ms)
		RebuildScriptCaches (0ms)
		SetupLoadedEditorAssemblies (622ms)
			LogAssemblyErrors (0ms)
			InitializePlatformSupportModulesInManaged (40ms)
			SetLoadedEditorAssemblies (6ms)
			BeforeProcessingInitializeOnLoad (118ms)
			ProcessInitializeOnLoadAttributes (407ms)
			ProcessInitializeOnLoadMethodAttributes (49ms)
			AfterProcessingInitializeOnLoad (1ms)
			EditorAssembliesLoaded (0ms)
		ExecutionOrderSort2 (0ms)
		AwakeInstancesAfterBackupRestoration (8ms)
Refreshing native plugins compatible for Editor in 0.99 ms, found 5 plugins.
Preloading 0 native plugins for Editor in 0.00 ms.
Unloading 14 Unused Serialized files (Serialized files now loaded: 0)
Unloading 6594 unused Assets / (4.3 MB). Loaded Objects now: 7446.
Memory consumption went from 155.8 MB to 151.5 MB.
Total: 7.248417 ms (FindLiveObjects: 0.379875 ms CreateObjectMapping: 0.295208 ms MarkObjects: 4.765542 ms  DeleteObjects: 1.807083 ms)

Prepare: number of updated asset objects reloaded= 0
========================================================================
Received Prepare
Refreshing native plugins compatible for Editor in 0.94 ms, found 5 plugins.
Preloading 0 native plugins for Editor in 0.00 ms.
Unloading 14 Unused Serialized files (Serialized files now loaded: 0)
Unloading 6575 unused Assets / (4.2 MB). Loaded Objects now: 7446.
Memory consumption went from 148.0 MB to 143.8 MB.
Total: 7.437667 ms (FindLiveObjects: 0.394875 ms CreateObjectMapping: 0.233084 ms MarkObjects: 5.029917 ms  DeleteObjects: 1.778750 ms)

Prepare: number of updated asset objects reloaded= 0
========================================================================
Received Prepare
Refreshing native plugins compatible for Editor in 1.19 ms, found 5 plugins.
Preloading 0 native plugins for Editor in 0.00 ms.
Unloading 14 Unused Serialized files (Serialized files now loaded: 0)
Unloading 6575 unused Assets / (3.5 MB). Loaded Objects now: 7446.
Memory consumption went from 148.0 MB to 144.5 MB.
Total: 7.430375 ms (FindLiveObjects: 0.387291 ms CreateObjectMapping: 0.232417 ms MarkObjects: 5.089292 ms  DeleteObjects: 1.720625 ms)

Prepare: number of updated asset objects reloaded= 0
========================================================================
Received Import Request.
  Time since last request: 181.471884 seconds.
  path: Assets/Scripts/GameSystem/Result/ResultPhaseView.cs
  artifactKey: Guid(66a7a8b68d78e443d87fb31c5a516c49) Importer(815301076,1909f56bfc062723c751e8b465ee728b)
Start importing Assets/Scripts/GameSystem/Result/ResultPhaseView.cs using Guid(66a7a8b68d78e443d87fb31c5a516c49) Importer(815301076,1909f56bfc062723c751e8b465ee728b) (PreviewImporter) -> (artifact id: '50ef536101c3dcb15f13b2be059cf9b6') in 0.001361333 seconds
Number of updated asset objects reloaded before import = 0Number of asset objects unloaded after import = 0

========================================================================
Received Prepare
Refreshing native plugins compatible for Editor in 0.89 ms, found 5 plugins.
Preloading 0 native plugins for Editor in 0.00 ms.
Unloading 14 Unused Serialized files (Serialized files now loaded: 0)
Unloading 6575 unused Assets / (4.2 MB). Loaded Objects now: 7446.
Memory consumption went from 148.0 MB to 143.8 MB.
Total: 7.138208 ms (FindLiveObjects: 0.366250 ms CreateObjectMapping: 0.223792 ms MarkObjects: 4.828750 ms  DeleteObjects: 1.719000 ms)

Prepare: number of updated asset objects reloaded= 0
========================================================================
Received Prepare
Begin MonoManager ReloadAssembly
Thread 0x17f393000 may have been prematurely finalized
- Loaded All Assemblies, in  0.635 seconds
Refreshing native plugins compatible for Editor in 0.98 ms, found 5 plugins.
Native extension for LinuxStandalone target not found
Native extension for iOS target not found
Native extension for Android target not found
Native extension for OSXStandalone target not found
Native extension for WebGL target not found
Mono: successfully reloaded assembly
- Finished resetting the current domain, in  0.801 seconds
Domain Reload Profiling: 1438ms
	BeginReloadAssembly (156ms)
		ExecutionOrderSort (0ms)
		DisableScriptedObjects (5ms)
		BackupInstance (0ms)
		ReleaseScriptingObjects (0ms)
		CreateAndSetChildDomain (71ms)
	RebuildCommonClasses (41ms)
	RebuildNativeTypeToScriptingClass (14ms)
	initialDomainReloadingComplete (23ms)
	LoadAllAssembliesAndSetupDomain (404ms)
		LoadAssemblies (255ms)
		RebuildTransferFunctionScriptingTraits (0ms)
		AnalyzeDomain (193ms)
			TypeCache.Refresh (12ms)
				TypeCache.ScanAssembly (2ms)
			BuildScriptInfoCaches (165ms)
			ResolveRequiredComponents (14ms)
	FinalizeReload (801ms)
		ReleaseScriptCaches (0ms)
		RebuildScriptCaches (0ms)
		SetupLoadedEditorAssemblies (610ms)
			LogAssemblyErrors (0ms)
			InitializePlatformSupportModulesInManaged (42ms)
			SetLoadedEditorAssemblies (6ms)
			BeforeProcessingInitializeOnLoad (116ms)
			ProcessInitializeOnLoadAttributes (396ms)
			ProcessInitializeOnLoadMethodAttributes (49ms)
			AfterProcessingInitializeOnLoad (1ms)
			EditorAssembliesLoaded (0ms)
		ExecutionOrderSort2 (0ms)
		AwakeInstancesAfterBackupRestoration (8ms)
Refreshing native plugins compatible for Editor in 1.04 ms, found 5 plugins.
Preloading 0 native plugins for Editor in 0.00 ms.
Unloading 14 Unused Serialized files (Serialized files now loaded: 0)
Unloading 6594 unused Assets / (4.3 MB). Loaded Objects now: 7448.
Memory consumption went from 155.7 MB to 151.4 MB.
Total: 7.584541 ms (FindLiveObjects: 0.367166 ms CreateObjectMapping: 0.290042 ms MarkObjects: 4.908833 ms  DeleteObjects: 2.017875 ms)

Prepare: number of updated asset objects reloaded= 0
========================================================================
Received Prepare
Refreshing native plugins compatible for Editor in 1.23 ms, found 5 plugins.
Preloading 0 native plugins for Editor in 0.00 ms.
Unloading 14 Unused Serialized files (Serialized files now loaded: 0)
Unloading 6575 unused Assets / (4.2 MB). Loaded Objects now: 7448.
Memory consumption went from 148.0 MB to 143.8 MB.
Total: 7.453000 ms (FindLiveObjects: 0.379958 ms CreateObjectMapping: 0.217375 ms MarkObjects: 4.995583 ms  DeleteObjects: 1.859500 ms)

Prepare: number of updated asset objects reloaded= 0
========================================================================
Received Import Request.
  Time since last request: 91.124594 seconds.
  path: Assets/Scripts/GameSystem/Result/ResultPhaseView.cs
  artifactKey: Guid(66a7a8b68d78e443d87fb31c5a516c49) Importer(815301076,1909f56bfc062723c751e8b465ee728b)
Start importing Assets/Scripts/GameSystem/Result/ResultPhaseView.cs using Guid(66a7a8b68d78e443d87fb31c5a516c49) Importer(815301076,1909f56bfc062723c751e8b465ee728b) (PreviewImporter) -> (artifact id: 'b78505d774de3ce15023cb9d56c12a90') in 0.0015655 seconds
Number of updated asset objects reloaded before import = 0Number of asset objects unloaded after import = 0

========================================================================
Received Prepare
Begin MonoManager ReloadAssembly
Thread 0x17f393000 may have been prematurely finalized
- Loaded All Assemblies, in  0.620 seconds
Refreshing native plugins compatible for Editor in 0.81 ms, found 5 plugins.
Native extension for LinuxStandalone target not found
Native extension for iOS target not found
Native extension for Android target not found
Native extension for OSXStandalone target not found
Native extension for WebGL target not found
Mono: successfully reloaded assembly
- Finished resetting the current domain, in  0.808 seconds
Domain Reload Profiling: 1430ms
	BeginReloadAssembly (155ms)
		ExecutionOrderSort (0ms)
		DisableScriptedObjects (5ms)
		BackupInstance (0ms)
		ReleaseScriptingObjects (0ms)
		CreateAndSetChildDomain (72ms)
	RebuildCommonClasses (40ms)
	RebuildNativeTypeToScriptingClass (13ms)
	initialDomainReloadingComplete (22ms)
	LoadAllAssembliesAndSetupDomain (392ms)
		LoadAssemblies (242ms)
		RebuildTransferFunctionScriptingTraits (0ms)
		AnalyzeDomain (191ms)
			TypeCache.Refresh (12ms)
				TypeCache.ScanAssembly (2ms)
			BuildScriptInfoCaches (162ms)
			ResolveRequiredComponents (14ms)
	FinalizeReload (808ms)
		ReleaseScriptCaches (0ms)
		RebuildScriptCaches (0ms)
		SetupLoadedEditorAssemblies (617ms)
			LogAssemblyErrors (0ms)
			InitializePlatformSupportModulesInManaged (42ms)
			SetLoadedEditorAssemblies (6ms)
			BeforeProcessingInitializeOnLoad (118ms)
			ProcessInitializeOnLoadAttributes (400ms)
			ProcessInitializeOnLoadMethodAttributes (51ms)
			AfterProcessingInitializeOnLoad (1ms)
			EditorAssembliesLoaded (0ms)
		ExecutionOrderSort2 (0ms)
		AwakeInstancesAfterBackupRestoration (8ms)
Refreshing native plugins compatible for Editor in 1.01 ms, found 5 plugins.
Preloading 0 native plugins for Editor in 0.00 ms.
Unloading 14 Unused Serialized files (Serialized files now loaded: 0)
Unloading 6594 unused Assets / (3.9 MB). Loaded Objects now: 7450.
Memory consumption went from 155.7 MB to 151.7 MB.
Total: 7.500709 ms (FindLiveObjects: 0.383500 ms CreateObjectMapping: 0.299125 ms MarkObjects: 5.011042 ms  DeleteObjects: 1.806250 ms)

Prepare: number of updated asset objects reloaded= 0
========================================================================
Received Prepare
Refreshing native plugins compatible for Editor in 0.92 ms, found 5 plugins.
Preloading 0 native plugins for Editor in 0.00 ms.
Unloading 14 Unused Serialized files (Serialized files now loaded: 0)
Unloading 6575 unused Assets / (3.9 MB). Loaded Objects now: 7450.
Memory consumption went from 148.0 MB to 144.1 MB.
Total: 7.166208 ms (FindLiveObjects: 0.376875 ms CreateObjectMapping: 0.210625 ms MarkObjects: 4.784625 ms  DeleteObjects: 1.793375 ms)

Prepare: number of updated asset objects reloaded= 0
========================================================================
Received Prepare
Begin MonoManager ReloadAssembly
Thread 0x17f393000 may have been prematurely finalized
- Loaded All Assemblies, in  0.624 seconds
Refreshing native plugins compatible for Editor in 0.81 ms, found 5 plugins.
Native extension for LinuxStandalone target not found
Native extension for iOS target not found
Native extension for Android target not found
Native extension for OSXStandalone target not found
Native extension for WebGL target not found
Mono: successfully reloaded assembly
- Finished resetting the current domain, in  0.823 seconds
Domain Reload Profiling: 1450ms
	BeginReloadAssembly (154ms)
		ExecutionOrderSort (0ms)
		DisableScriptedObjects (5ms)
		BackupInstance (0ms)
		ReleaseScriptingObjects (0ms)
		CreateAndSetChildDomain (69ms)
	RebuildCommonClasses (41ms)
	RebuildNativeTypeToScriptingClass (13ms)
	initialDomainReloadingComplete (23ms)
	LoadAllAssembliesAndSetupDomain (396ms)
		LoadAssemblies (249ms)
		RebuildTransferFunctionScriptingTraits (0ms)
		AnalyzeDomain (190ms)
			TypeCache.Refresh (12ms)
				TypeCache.ScanAssembly (2ms)
			BuildScriptInfoCaches (161ms)
			ResolveRequiredComponents (14ms)
	FinalizeReload (824ms)
		ReleaseScriptCaches (0ms)
		RebuildScriptCaches (0ms)
		SetupLoadedEditorAssemblies (633ms)
			LogAssemblyErrors (0ms)
			InitializePlatformSupportModulesInManaged (45ms)
			SetLoadedEditorAssemblies (6ms)
			BeforeProcessingInitializeOnLoad (120ms)
			ProcessInitializeOnLoadAttributes (410ms)
			ProcessInitializeOnLoadMethodAttributes (51ms)
			AfterProcessingInitializeOnLoad (1ms)
			EditorAssembliesLoaded (0ms)
		ExecutionOrderSort2 (0ms)
		AwakeInstancesAfterBackupRestoration (8ms)
Refreshing native plugins compatible for Editor in 1.05 ms, found 5 plugins.
Preloading 0 native plugins for Editor in 0.00 ms.
Unloading 14 Unused Serialized files (Serialized files now loaded: 0)
Unloading 6594 unused Assets / (4.2 MB). Loaded Objects now: 7452.
Memory consumption went from 155.6 MB to 151.3 MB.
Total: 7.363333 ms (FindLiveObjects: 0.369458 ms CreateObjectMapping: 0.290833 ms MarkObjects: 4.855916 ms  DeleteObjects: 1.846458 ms)

Prepare: number of updated asset objects reloaded= 0
========================================================================
Received Prepare
Refreshing native plugins compatible for Editor in 0.90 ms, found 5 plugins.
Preloading 0 native plugins for Editor in 0.00 ms.
Unloading 14 Unused Serialized files (Serialized files now loaded: 0)
Unloading 6575 unused Assets / (4.5 MB). Loaded Objects now: 7452.
Memory consumption went from 148.0 MB to 143.5 MB.
Total: 7.542541 ms (FindLiveObjects: 0.388917 ms CreateObjectMapping: 0.210125 ms MarkObjects: 4.923625 ms  DeleteObjects: 2.019166 ms)

Prepare: number of updated asset objects reloaded= 0
========================================================================
Received Prepare
Begin MonoManager ReloadAssembly
Thread 0x17f393000 may have been prematurely finalized
- Loaded All Assemblies, in  0.626 seconds
Refreshing native plugins compatible for Editor in 0.81 ms, found 5 plugins.
Native extension for LinuxStandalone target not found
Native extension for iOS target not found
Native extension for Android target not found
Native extension for OSXStandalone target not found
Native extension for WebGL target not found
Mono: successfully reloaded assembly
- Finished resetting the current domain, in  0.808 seconds
Domain Reload Profiling: 1437ms
	BeginReloadAssembly (156ms)
		ExecutionOrderSort (0ms)
		DisableScriptedObjects (5ms)
		BackupInstance (0ms)
		ReleaseScriptingObjects (0ms)
		CreateAndSetChildDomain (69ms)
	RebuildCommonClasses (42ms)
	RebuildNativeTypeToScriptingClass (14ms)
	initialDomainReloadingComplete (21ms)
	LoadAllAssembliesAndSetupDomain (396ms)
		LoadAssemblies (246ms)
		RebuildTransferFunctionScriptingTraits (0ms)
		AnalyzeDomain (195ms)
			TypeCache.Refresh (12ms)
				TypeCache.ScanAssembly (2ms)
			BuildScriptInfoCaches (166ms)
			ResolveRequiredComponents (14ms)
	FinalizeReload (809ms)
		ReleaseScriptCaches (0ms)
		RebuildScriptCaches (0ms)
		SetupLoadedEditorAssemblies (611ms)
			LogAssemblyErrors (0ms)
			InitializePlatformSupportModulesInManaged (43ms)
			SetLoadedEditorAssemblies (6ms)
			BeforeProcessingInitializeOnLoad (117ms)
			ProcessInitializeOnLoadAttributes (393ms)
			ProcessInitializeOnLoadMethodAttributes (50ms)
			AfterProcessingInitializeOnLoad (2ms)
			EditorAssembliesLoaded (0ms)
		ExecutionOrderSort2 (0ms)
		AwakeInstancesAfterBackupRestoration (8ms)
Refreshing native plugins compatible for Editor in 1.06 ms, found 5 plugins.
Preloading 0 native plugins for Editor in 0.00 ms.
Unloading 14 Unused Serialized files (Serialized files now loaded: 0)
Unloading 6594 unused Assets / (4.3 MB). Loaded Objects now: 7454.
Memory consumption went from 155.6 MB to 151.2 MB.
Total: 7.496333 ms (FindLiveObjects: 0.402458 ms CreateObjectMapping: 0.287084 ms MarkObjects: 4.936875 ms  DeleteObjects: 1.869334 ms)

Prepare: number of updated asset objects reloaded= 0
========================================================================
Received Prepare
Refreshing native plugins compatible for Editor in 0.93 ms, found 5 plugins.
Preloading 0 native plugins for Editor in 0.00 ms.
Unloading 14 Unused Serialized files (Serialized files now loaded: 0)
Unloading 6575 unused Assets / (4.2 MB). Loaded Objects now: 7454.
Memory consumption went from 148.0 MB to 143.8 MB.
Total: 7.584209 ms (FindLiveObjects: 0.432417 ms CreateObjectMapping: 0.255750 ms MarkObjects: 5.094083 ms  DeleteObjects: 1.801292 ms)

Prepare: number of updated asset objects reloaded= 0
========================================================================
Received Prepare
Begin MonoManager ReloadAssembly
Thread 0x17f393000 may have been prematurely finalized
- Loaded All Assemblies, in  0.634 seconds
Refreshing native plugins compatible for Editor in 0.83 ms, found 5 plugins.
Native extension for LinuxStandalone target not found
Native extension for iOS target not found
Native extension for Android target not found
Native extension for OSXStandalone target not found
Native extension for WebGL target not found
Mono: successfully reloaded assembly
- Finished resetting the current domain, in  0.801 seconds
Domain Reload Profiling: 1438ms
	BeginReloadAssembly (160ms)
		ExecutionOrderSort (0ms)
		DisableScriptedObjects (5ms)
		BackupInstance (0ms)
		ReleaseScriptingObjects (0ms)
		CreateAndSetChildDomain (72ms)
	RebuildCommonClasses (41ms)
	RebuildNativeTypeToScriptingClass (13ms)
	initialDomainReloadingComplete (22ms)
	LoadAllAssembliesAndSetupDomain (401ms)
		LoadAssemblies (254ms)
		RebuildTransferFunctionScriptingTraits (0ms)
		AnalyzeDomain (193ms)
			TypeCache.Refresh (12ms)
				TypeCache.ScanAssembly (2ms)
			BuildScriptInfoCaches (165ms)
			ResolveRequiredComponents (14ms)
	FinalizeReload (802ms)
		ReleaseScriptCaches (0ms)
		RebuildScriptCaches (0ms)
		SetupLoadedEditorAssemblies (608ms)
			LogAssemblyErrors (0ms)
			InitializePlatformSupportModulesInManaged (44ms)
			SetLoadedEditorAssemblies (6ms)
			BeforeProcessingInitializeOnLoad (117ms)
			ProcessInitializeOnLoadAttributes (390ms)
			ProcessInitializeOnLoadMethodAttributes (51ms)
			AfterProcessingInitializeOnLoad (1ms)
			EditorAssembliesLoaded (0ms)
		ExecutionOrderSort2 (0ms)
		AwakeInstancesAfterBackupRestoration (8ms)
Refreshing native plugins compatible for Editor in 0.98 ms, found 5 plugins.
Preloading 0 native plugins for Editor in 0.00 ms.
Unloading 14 Unused Serialized files (Serialized files now loaded: 0)
Unloading 6594 unused Assets / (4.2 MB). Loaded Objects now: 7456.
Memory consumption went from 155.6 MB to 151.4 MB.
Total: 7.119584 ms (FindLiveObjects: 0.388458 ms CreateObjectMapping: 0.294750 ms MarkObjects: 4.739458 ms  DeleteObjects: 1.696375 ms)

Prepare: number of updated asset objects reloaded= 0
========================================================================
Received Prepare
Refreshing native plugins compatible for Editor in 1.43 ms, found 5 plugins.
Preloading 0 native plugins for Editor in 0.00 ms.
Unloading 14 Unused Serialized files (Serialized files now loaded: 0)
Unloading 6575 unused Assets / (4.1 MB). Loaded Objects now: 7456.
Memory consumption went from 148.0 MB to 143.9 MB.
Total: 7.556916 ms (FindLiveObjects: 0.389042 ms CreateObjectMapping: 0.220916 ms MarkObjects: 5.101500 ms  DeleteObjects: 1.844709 ms)

Prepare: number of updated asset objects reloaded= 0
========================================================================
Received Prepare
Begin MonoManager ReloadAssembly
Thread 0x17f393000 may have been prematurely finalized
- Loaded All Assemblies, in  0.639 seconds
Refreshing native plugins compatible for Editor in 0.82 ms, found 5 plugins.
Native extension for LinuxStandalone target not found
Native extension for iOS target not found
Native extension for Android target not found
Native extension for OSXStandalone target not found
Native extension for WebGL target not found
Mono: successfully reloaded assembly
- Finished resetting the current domain, in  0.800 seconds
Domain Reload Profiling: 1442ms
	BeginReloadAssembly (156ms)
		ExecutionOrderSort (0ms)
		DisableScriptedObjects (5ms)
		BackupInstance (0ms)
		ReleaseScriptingObjects (0ms)
		CreateAndSetChildDomain (69ms)
	RebuildCommonClasses (43ms)
	RebuildNativeTypeToScriptingClass (13ms)
	initialDomainReloadingComplete (23ms)
	LoadAllAssembliesAndSetupDomain (406ms)
		LoadAssemblies (261ms)
		RebuildTransferFunctionScriptingTraits (0ms)
		AnalyzeDomain (191ms)
			TypeCache.Refresh (12ms)
				TypeCache.ScanAssembly (2ms)
			BuildScriptInfoCaches (162ms)
			ResolveRequiredComponents (14ms)
	FinalizeReload (801ms)
		ReleaseScriptCaches (0ms)
		RebuildScriptCaches (0ms)
		SetupLoadedEditorAssemblies (608ms)
			LogAssemblyErrors (0ms)
			InitializePlatformSupportModulesInManaged (42ms)
			SetLoadedEditorAssemblies (6ms)
			BeforeProcessingInitializeOnLoad (117ms)
			ProcessInitializeOnLoadAttributes (392ms)
			ProcessInitializeOnLoadMethodAttributes (49ms)
			AfterProcessingInitializeOnLoad (1ms)
			EditorAssembliesLoaded (0ms)
		ExecutionOrderSort2 (0ms)
		AwakeInstancesAfterBackupRestoration (7ms)
Refreshing native plugins compatible for Editor in 1.04 ms, found 5 plugins.
Preloading 0 native plugins for Editor in 0.00 ms.
Unloading 14 Unused Serialized files (Serialized files now loaded: 0)
Unloading 6594 unused Assets / (4.2 MB). Loaded Objects now: 7458.
Memory consumption went from 155.6 MB to 151.4 MB.
Total: 7.584625 ms (FindLiveObjects: 0.413375 ms CreateObjectMapping: 0.292042 ms MarkObjects: 5.111958 ms  DeleteObjects: 1.766584 ms)

Prepare: number of updated asset objects reloaded= 0
========================================================================
Received Prepare
Refreshing native plugins compatible for Editor in 0.96 ms, found 5 plugins.
Preloading 0 native plugins for Editor in 0.00 ms.
Unloading 14 Unused Serialized files (Serialized files now loaded: 0)
Unloading 6575 unused Assets / (4.3 MB). Loaded Objects now: 7458.
Memory consumption went from 148.0 MB to 143.7 MB.
Total: 7.607791 ms (FindLiveObjects: 0.524750 ms CreateObjectMapping: 0.239917 ms MarkObjects: 5.068958 ms  DeleteObjects: 1.773625 ms)

Prepare: number of updated asset objects reloaded= 0
========================================================================
Received Prepare
Begin MonoManager ReloadAssembly
Thread 0x17f393000 may have been prematurely finalized
- Loaded All Assemblies, in  0.650 seconds
Refreshing native plugins compatible for Editor in 0.82 ms, found 5 plugins.
Native extension for LinuxStandalone target not found
Native extension for iOS target not found
Native extension for Android target not found
Native extension for OSXStandalone target not found
Native extension for WebGL target not found
Mono: successfully reloaded assembly
- Finished resetting the current domain, in  0.806 seconds
Domain Reload Profiling: 1459ms
	BeginReloadAssembly (162ms)
		ExecutionOrderSort (0ms)
		DisableScriptedObjects (5ms)
		BackupInstance (0ms)
		ReleaseScriptingObjects (0ms)
		CreateAndSetChildDomain (75ms)
	RebuildCommonClasses (43ms)
	RebuildNativeTypeToScriptingClass (14ms)
	initialDomainReloadingComplete (23ms)
	LoadAllAssembliesAndSetupDomain (411ms)
		LoadAssemblies (251ms)
		RebuildTransferFunctionScriptingTraits (0ms)
		AnalyzeDomain (204ms)
			TypeCache.Refresh (12ms)
				TypeCache.ScanAssembly (2ms)
			BuildScriptInfoCaches (174ms)
			ResolveRequiredComponents (15ms)
	FinalizeReload (806ms)
		ReleaseScriptCaches (0ms)
		RebuildScriptCaches (0ms)
		SetupLoadedEditorAssemblies (613ms)
			LogAssemblyErrors (0ms)
			InitializePlatformSupportModulesInManaged (44ms)
			SetLoadedEditorAssemblies (6ms)
			BeforeProcessingInitializeOnLoad (116ms)
			ProcessInitializeOnLoadAttributes (394ms)
			ProcessInitializeOnLoadMethodAttributes (51ms)
			AfterProcessingInitializeOnLoad (1ms)
			EditorAssembliesLoaded (0ms)
		ExecutionOrderSort2 (0ms)
		AwakeInstancesAfterBackupRestoration (8ms)
Refreshing native plugins compatible for Editor in 0.99 ms, found 5 plugins.
Preloading 0 native plugins for Editor in 0.00 ms.
Unloading 14 Unused Serialized files (Serialized files now loaded: 0)
Unloading 6594 unused Assets / (3.9 MB). Loaded Objects now: 7460.
Memory consumption went from 155.6 MB to 151.7 MB.
Total: 7.577458 ms (FindLiveObjects: 0.354541 ms CreateObjectMapping: 0.274084 ms MarkObjects: 5.006750 ms  DeleteObjects: 1.941583 ms)

Prepare: number of updated asset objects reloaded= 0
========================================================================
Received Prepare
Refreshing native plugins compatible for Editor in 0.92 ms, found 5 plugins.
Preloading 0 native plugins for Editor in 0.00 ms.
Unloading 14 Unused Serialized files (Serialized files now loaded: 0)
Unloading 6575 unused Assets / (4.3 MB). Loaded Objects now: 7460.
Memory consumption went from 148.0 MB to 143.7 MB.
Total: 7.301917 ms (FindLiveObjects: 0.382416 ms CreateObjectMapping: 0.220792 ms MarkObjects: 5.013583 ms  DeleteObjects: 1.684416 ms)

Prepare: number of updated asset objects reloaded= 0
========================================================================
Received Prepare
Begin MonoManager ReloadAssembly
Thread 0x17f393000 may have been prematurely finalized
- Loaded All Assemblies, in  0.627 seconds
Refreshing native plugins compatible for Editor in 0.82 ms, found 5 plugins.
Native extension for LinuxStandalone target not found
Native extension for iOS target not found
Native extension for Android target not found
Native extension for OSXStandalone target not found
Native extension for WebGL target not found
Mono: successfully reloaded assembly
- Finished resetting the current domain, in  0.810 seconds
Domain Reload Profiling: 1439ms
	BeginReloadAssembly (157ms)
		ExecutionOrderSort (0ms)
		DisableScriptedObjects (5ms)
		BackupInstance (0ms)
		ReleaseScriptingObjects (0ms)
		CreateAndSetChildDomain (71ms)
	RebuildCommonClasses (41ms)
	RebuildNativeTypeToScriptingClass (14ms)
	initialDomainReloadingComplete (23ms)
	LoadAllAssembliesAndSetupDomain (395ms)
		LoadAssemblies (248ms)
		RebuildTransferFunctionScriptingTraits (0ms)
		AnalyzeDomain (193ms)
			TypeCache.Refresh (12ms)
				TypeCache.ScanAssembly (2ms)
			BuildScriptInfoCaches (164ms)
			ResolveRequiredComponents (14ms)
	FinalizeReload (810ms)
		ReleaseScriptCaches (0ms)
		RebuildScriptCaches (0ms)
		SetupLoadedEditorAssemblies (610ms)
			LogAssemblyErrors (0ms)
			InitializePlatformSupportModulesInManaged (42ms)
			SetLoadedEditorAssemblies (6ms)
			BeforeProcessingInitializeOnLoad (118ms)
			ProcessInitializeOnLoadAttributes (391ms)
			ProcessInitializeOnLoadMethodAttributes (51ms)
			AfterProcessingInitializeOnLoad (1ms)
			EditorAssembliesLoaded (0ms)
		ExecutionOrderSort2 (0ms)
		AwakeInstancesAfterBackupRestoration (8ms)
Refreshing native plugins compatible for Editor in 0.96 ms, found 5 plugins.
Preloading 0 native plugins for Editor in 0.00 ms.
Unloading 14 Unused Serialized files (Serialized files now loaded: 0)
Unloading 6594 unused Assets / (4.2 MB). Loaded Objects now: 7462.
Memory consumption went from 155.6 MB to 151.4 MB.
Total: 7.402625 ms (FindLiveObjects: 0.397042 ms CreateObjectMapping: 0.284542 ms MarkObjects: 4.904458 ms  DeleteObjects: 1.816041 ms)

Prepare: number of updated asset objects reloaded= 0
========================================================================
Received Prepare
Refreshing native plugins compatible for Editor in 0.92 ms, found 5 plugins.
Preloading 0 native plugins for Editor in 0.00 ms.
Unloading 14 Unused Serialized files (Serialized files now loaded: 0)
Unloading 6575 unused Assets / (4.3 MB). Loaded Objects now: 7462.
Memory consumption went from 148.0 MB to 143.7 MB.
Total: 7.234958 ms (FindLiveObjects: 0.373333 ms CreateObjectMapping: 0.219709 ms MarkObjects: 5.013041 ms  DeleteObjects: 1.628417 ms)

Prepare: number of updated asset objects reloaded= 0
========================================================================
Received Prepare
Begin MonoManager ReloadAssembly
Thread 0x17f393000 may have been prematurely finalized
- Loaded All Assemblies, in  0.612 seconds
Refreshing native plugins compatible for Editor in 0.85 ms, found 5 plugins.
Native extension for LinuxStandalone target not found
Native extension for iOS target not found
Native extension for Android target not found
Native extension for OSXStandalone target not found
Native extension for WebGL target not found
Mono: successfully reloaded assembly
- Finished resetting the current domain, in  0.800 seconds
Domain Reload Profiling: 1415ms
	BeginReloadAssembly (155ms)
		ExecutionOrderSort (0ms)
		DisableScriptedObjects (5ms)
		BackupInstance (0ms)
		ReleaseScriptingObjects (0ms)
		CreateAndSetChildDomain (70ms)
	RebuildCommonClasses (40ms)
	RebuildNativeTypeToScriptingClass (14ms)
	initialDomainReloadingComplete (21ms)
	LoadAllAssembliesAndSetupDomain (385ms)
		LoadAssemblies (242ms)
		RebuildTransferFunctionScriptingTraits (0ms)
		AnalyzeDomain (187ms)
			TypeCache.Refresh (11ms)
				TypeCache.ScanAssembly (2ms)
			BuildScriptInfoCaches (159ms)
			ResolveRequiredComponents (14ms)
	FinalizeReload (801ms)
		ReleaseScriptCaches (0ms)
		RebuildScriptCaches (0ms)
		SetupLoadedEditorAssemblies (605ms)
			LogAssemblyErrors (0ms)
			InitializePlatformSupportModulesInManaged (43ms)
			SetLoadedEditorAssemblies (6ms)
			BeforeProcessingInitializeOnLoad (115ms)
			ProcessInitializeOnLoadAttributes (389ms)
			ProcessInitializeOnLoadMethodAttributes (50ms)
			AfterProcessingInitializeOnLoad (1ms)
			EditorAssembliesLoaded (0ms)
		ExecutionOrderSort2 (0ms)
		AwakeInstancesAfterBackupRestoration (8ms)
Refreshing native plugins compatible for Editor in 0.97 ms, found 5 plugins.
Preloading 0 native plugins for Editor in 0.00 ms.
Unloading 14 Unused Serialized files (Serialized files now loaded: 0)
Unloading 6594 unused Assets / (4.4 MB). Loaded Objects now: 7464.
Memory consumption went from 155.6 MB to 151.2 MB.
Total: 7.698500 ms (FindLiveObjects: 0.370500 ms CreateObjectMapping: 0.290292 ms MarkObjects: 5.139667 ms  DeleteObjects: 1.897167 ms)

Prepare: number of updated asset objects reloaded= 0
========================================================================
Received Prepare
Refreshing native plugins compatible for Editor in 1.13 ms, found 5 plugins.
Preloading 0 native plugins for Editor in 0.00 ms.
Unloading 14 Unused Serialized files (Serialized files now loaded: 0)
Unloading 6575 unused Assets / (4.1 MB). Loaded Objects now: 7464.
Memory consumption went from 148.0 MB to 143.9 MB.
Total: 7.439083 ms (FindLiveObjects: 0.360125 ms CreateObjectMapping: 0.212958 ms MarkObjects: 5.043834 ms  DeleteObjects: 1.821084 ms)

Prepare: number of updated asset objects reloaded= 0
========================================================================
Received Import Request.
  Time since last request: 383.026006 seconds.
  path: Assets/Scripts/Managers/GameFlowController.cs
  artifactKey: Guid(fca4fe160fc454f28975498beb6d1e12) Importer(2089858483,192608db42251d675da83286b1cce702)
Start importing Assets/Scripts/Managers/GameFlowController.cs using Guid(fca4fe160fc454f28975498beb6d1e12) Importer(2089858483,192608db42251d675da83286b1cce702) (ScriptedImporter) -> (artifact id: 'c7d895841669353df14473b361a7ee4b') in 0.177499792 seconds
Number of updated asset objects reloaded before import = 0Number of asset objects unloaded after import = 0

========================================================================
Received Prepare
Begin MonoManager ReloadAssembly
Thread 0x17f393000 may have been prematurely finalized
- Loaded All Assemblies, in  0.646 seconds
Refreshing native plugins compatible for Editor in 0.82 ms, found 5 plugins.
Native extension for LinuxStandalone target not found
Native extension for iOS target not found
Native extension for Android target not found
Native extension for OSXStandalone target not found
Native extension for WebGL target not found
Mono: successfully reloaded assembly
- Finished resetting the current domain, in  0.806 seconds
Domain Reload Profiling: 1454ms
	BeginReloadAssembly (175ms)
		ExecutionOrderSort (0ms)
		DisableScriptedObjects (5ms)
		BackupInstance (0ms)
		ReleaseScriptingObjects (0ms)
		CreateAndSetChildDomain (89ms)
	RebuildCommonClasses (42ms)
	RebuildNativeTypeToScriptingClass (14ms)
	initialDomainReloadingComplete (23ms)
	LoadAllAssembliesAndSetupDomain (394ms)
		LoadAssemblies (250ms)
		RebuildTransferFunctionScriptingTraits (0ms)
		AnalyzeDomain (188ms)
			TypeCache.Refresh (12ms)
				TypeCache.ScanAssembly (2ms)
			BuildScriptInfoCaches (159ms)
			ResolveRequiredComponents (14ms)
	FinalizeReload (806ms)
		ReleaseScriptCaches (0ms)
		RebuildScriptCaches (0ms)
		SetupLoadedEditorAssemblies (612ms)
			LogAssemblyErrors (0ms)
			InitializePlatformSupportModulesInManaged (43ms)
			SetLoadedEditorAssemblies (5ms)
			BeforeProcessingInitializeOnLoad (116ms)
			ProcessInitializeOnLoadAttributes (394ms)
			ProcessInitializeOnLoadMethodAttributes (52ms)
			AfterProcessingInitializeOnLoad (1ms)
			EditorAssembliesLoaded (0ms)
		ExecutionOrderSort2 (0ms)
		AwakeInstancesAfterBackupRestoration (8ms)
Refreshing native plugins compatible for Editor in 0.91 ms, found 5 plugins.
Preloading 0 native plugins for Editor in 0.00 ms.
Unloading 14 Unused Serialized files (Serialized files now loaded: 0)
Unloading 6594 unused Assets / (4.3 MB). Loaded Objects now: 7466.
Memory consumption went from 155.9 MB to 151.6 MB.
Total: 7.371375 ms (FindLiveObjects: 0.363792 ms CreateObjectMapping: 0.292833 ms MarkObjects: 4.876500 ms  DeleteObjects: 1.837500 ms)

Prepare: number of updated asset objects reloaded= 0
========================================================================
Received Prepare
Refreshing native plugins compatible for Editor in 1.16 ms, found 5 plugins.
Preloading 0 native plugins for Editor in 0.00 ms.
Unloading 14 Unused Serialized files (Serialized files now loaded: 0)
Unloading 6575 unused Assets / (4.1 MB). Loaded Objects now: 7466.
Memory consumption went from 148.0 MB to 143.9 MB.
Total: 7.298417 ms (FindLiveObjects: 0.396500 ms CreateObjectMapping: 0.231583 ms MarkObjects: 4.925125 ms  DeleteObjects: 1.744584 ms)

Prepare: number of updated asset objects reloaded= 0
========================================================================
Received Import Request.
  Time since last request: 21.005940 seconds.
  path: Assets/Scripts/Managers/GameFlowController.cs
  artifactKey: Guid(fca4fe160fc454f28975498beb6d1e12) Importer(2089858483,192608db42251d675da83286b1cce702)
Start importing Assets/Scripts/Managers/GameFlowController.cs using Guid(fca4fe160fc454f28975498beb6d1e12) Importer(2089858483,192608db42251d675da83286b1cce702) (ScriptedImporter) -> (artifact id: '8f3a688cc128c256dea09ec5f3b5f623') in 0.173500208 seconds
Number of updated asset objects reloaded before import = 0Number of asset objects unloaded after import = 0

========================================================================
Received Prepare
Begin MonoManager ReloadAssembly
Thread 0x17f393000 may have been prematurely finalized
- Loaded All Assemblies, in  0.669 seconds
Refreshing native plugins compatible for Editor in 0.82 ms, found 5 plugins.
Native extension for LinuxStandalone target not found
Native extension for iOS target not found
Native extension for Android target not found
Native extension for OSXStandalone target not found
Native extension for WebGL target not found
Mono: successfully reloaded assembly
- Finished resetting the current domain, in  0.816 seconds
Domain Reload Profiling: 1488ms
	BeginReloadAssembly (186ms)
		ExecutionOrderSort (0ms)
		DisableScriptedObjects (6ms)
		BackupInstance (0ms)
		ReleaseScriptingObjects (0ms)
		CreateAndSetChildDomain (96ms)
	RebuildCommonClasses (43ms)
	RebuildNativeTypeToScriptingClass (13ms)
	initialDomainReloadingComplete (22ms)
	LoadAllAssembliesAndSetupDomain (408ms)
		LoadAssemblies (261ms)
		RebuildTransferFunctionScriptingTraits (0ms)
		AnalyzeDomain (192ms)
			TypeCache.Refresh (12ms)
				TypeCache.ScanAssembly (2ms)
			BuildScriptInfoCaches (162ms)
			ResolveRequiredComponents (15ms)
	FinalizeReload (816ms)
		ReleaseScriptCaches (0ms)
		RebuildScriptCaches (0ms)
		SetupLoadedEditorAssemblies (622ms)
			LogAssemblyErrors (0ms)
			InitializePlatformSupportModulesInManaged (41ms)
			SetLoadedEditorAssemblies (6ms)
			BeforeProcessingInitializeOnLoad (122ms)
			ProcessInitializeOnLoadAttributes (402ms)
			ProcessInitializeOnLoadMethodAttributes (51ms)
			AfterProcessingInitializeOnLoad (1ms)
			EditorAssembliesLoaded (0ms)
		ExecutionOrderSort2 (0ms)
		AwakeInstancesAfterBackupRestoration (8ms)
Refreshing native plugins compatible for Editor in 1.12 ms, found 5 plugins.
Preloading 0 native plugins for Editor in 0.00 ms.
Unloading 14 Unused Serialized files (Serialized files now loaded: 0)
Unloading 6594 unused Assets / (3.8 MB). Loaded Objects now: 7468.
Memory consumption went from 156.2 MB to 152.4 MB.
Total: 7.786125 ms (FindLiveObjects: 0.398458 ms CreateObjectMapping: 0.293250 ms MarkObjects: 5.208125 ms  DeleteObjects: 1.885375 ms)

Prepare: number of updated asset objects reloaded= 0
========================================================================
Received Prepare
Refreshing native plugins compatible for Editor in 1.14 ms, found 5 plugins.
Preloading 0 native plugins for Editor in 0.00 ms.
Unloading 14 Unused Serialized files (Serialized files now loaded: 0)
Unloading 6575 unused Assets / (2.3 MB). Loaded Objects now: 7468.
Memory consumption went from 148.0 MB to 145.7 MB.
Total: 7.184459 ms (FindLiveObjects: 0.395458 ms CreateObjectMapping: 0.244709 ms MarkObjects: 4.987541 ms  DeleteObjects: 1.555792 ms)

Prepare: number of updated asset objects reloaded= 0
========================================================================
Received Import Request.
  Time since last request: 11.496941 seconds.
  path: Assets/Scripts/GameSystem/Answer/AnswerPhase.cs
  artifactKey: Guid(ec4a9223debf144f79d33ef4eb1872f1) Importer(2089858483,192608db42251d675da83286b1cce702)
Start importing Assets/Scripts/GameSystem/Answer/AnswerPhase.cs using Guid(ec4a9223debf144f79d33ef4eb1872f1) Importer(2089858483,192608db42251d675da83286b1cce702) (ScriptedImporter) -> (artifact id: 'bab5a3635cc5afae0ff7de4003563d44') in 0.171272083 seconds
Number of updated asset objects reloaded before import = 0Number of asset objects unloaded after import = 0

========================================================================
Received Prepare
Begin MonoManager ReloadAssembly
Thread 0x17f393000 may have been prematurely finalized
- Loaded All Assemblies, in  0.665 seconds
Refreshing native plugins compatible for Editor in 0.83 ms, found 5 plugins.
Native extension for LinuxStandalone target not found
Native extension for iOS target not found
Native extension for Android target not found
Native extension for OSXStandalone target not found
Native extension for WebGL target not found
Mono: successfully reloaded assembly
- Finished resetting the current domain, in  0.824 seconds
Domain Reload Profiling: 1491ms
	BeginReloadAssembly (176ms)
		ExecutionOrderSort (0ms)
		DisableScriptedObjects (5ms)
		BackupInstance (0ms)
		ReleaseScriptingObjects (0ms)
		CreateAndSetChildDomain (90ms)
	RebuildCommonClasses (42ms)
	RebuildNativeTypeToScriptingClass (14ms)
	initialDomainReloadingComplete (22ms)
	LoadAllAssembliesAndSetupDomain (413ms)
		LoadAssemblies (262ms)
		RebuildTransferFunctionScriptingTraits (0ms)
		AnalyzeDomain (196ms)
			TypeCache.Refresh (14ms)
				TypeCache.ScanAssembly (2ms)
			BuildScriptInfoCaches (165ms)
			ResolveRequiredComponents (14ms)
	FinalizeReload (824ms)
		ReleaseScriptCaches (0ms)
		RebuildScriptCaches (0ms)
		SetupLoadedEditorAssemblies (629ms)
			LogAssemblyErrors (0ms)
			InitializePlatformSupportModulesInManaged (44ms)
			SetLoadedEditorAssemblies (5ms)
			BeforeProcessingInitializeOnLoad (118ms)
			ProcessInitializeOnLoadAttributes (406ms)
			ProcessInitializeOnLoadMethodAttributes (53ms)
			AfterProcessingInitializeOnLoad (1ms)
			EditorAssembliesLoaded (0ms)
		ExecutionOrderSort2 (0ms)
		AwakeInstancesAfterBackupRestoration (8ms)
Refreshing native plugins compatible for Editor in 1.02 ms, found 5 plugins.
Preloading 0 native plugins for Editor in 0.00 ms.
Unloading 14 Unused Serialized files (Serialized files now loaded: 0)
Unloading 6594 unused Assets / (4.2 MB). Loaded Objects now: 7470.
Memory consumption went from 156.2 MB to 152.0 MB.
Total: 7.508375 ms (FindLiveObjects: 0.388500 ms CreateObjectMapping: 0.322209 ms MarkObjects: 5.028125 ms  DeleteObjects: 1.769167 ms)

Prepare: number of updated asset objects reloaded= 0
========================================================================
Received Prepare
Refreshing native plugins compatible for Editor in 1.05 ms, found 5 plugins.
Preloading 0 native plugins for Editor in 0.00 ms.
Unloading 14 Unused Serialized files (Serialized files now loaded: 0)
Unloading 6576 unused Assets / (4.1 MB). Loaded Objects now: 7471.
Memory consumption went from 148.0 MB to 143.9 MB.
Total: 6.920334 ms (FindLiveObjects: 0.362500 ms CreateObjectMapping: 0.216917 ms MarkObjects: 4.730292 ms  DeleteObjects: 1.610209 ms)

Prepare: number of updated asset objects reloaded= 0
========================================================================
Received Prepare
Begin MonoManager ReloadAssembly
Thread 0x17f393000 may have been prematurely finalized
- Loaded All Assemblies, in  0.658 seconds
Refreshing native plugins compatible for Editor in 0.83 ms, found 5 plugins.
Native extension for LinuxStandalone target not found
Native extension for iOS target not found
Native extension for Android target not found
Native extension for OSXStandalone target not found
Native extension for WebGL target not found
Mono: successfully reloaded assembly
- Finished resetting the current domain, in  0.819 seconds
Domain Reload Profiling: 1479ms
	BeginReloadAssembly (166ms)
		ExecutionOrderSort (0ms)
		DisableScriptedObjects (6ms)
		BackupInstance (0ms)
		ReleaseScriptingObjects (0ms)
		CreateAndSetChildDomain (77ms)
	RebuildCommonClasses (42ms)
	RebuildNativeTypeToScriptingClass (14ms)
	initialDomainReloadingComplete (24ms)
	LoadAllAssembliesAndSetupDomain (414ms)
		LoadAssemblies (259ms)
		RebuildTransferFunctionScriptingTraits (0ms)
		AnalyzeDomain (199ms)
			TypeCache.Refresh (12ms)
				TypeCache.ScanAssembly (2ms)
			BuildScriptInfoCaches (170ms)
			ResolveRequiredComponents (14ms)
	FinalizeReload (819ms)
		ReleaseScriptCaches (0ms)
		RebuildScriptCaches (0ms)
		SetupLoadedEditorAssemblies (627ms)
			LogAssemblyErrors (0ms)
			InitializePlatformSupportModulesInManaged (43ms)
			SetLoadedEditorAssemblies (6ms)
			BeforeProcessingInitializeOnLoad (118ms)
			ProcessInitializeOnLoadAttributes (406ms)
			ProcessInitializeOnLoadMethodAttributes (52ms)
			AfterProcessingInitializeOnLoad (1ms)
			EditorAssembliesLoaded (0ms)
		ExecutionOrderSort2 (0ms)
		AwakeInstancesAfterBackupRestoration (8ms)
Refreshing native plugins compatible for Editor in 0.99 ms, found 5 plugins.
Preloading 0 native plugins for Editor in 0.00 ms.
Unloading 14 Unused Serialized files (Serialized files now loaded: 0)
Unloading 6595 unused Assets / (3.4 MB). Loaded Objects now: 7473.
Memory consumption went from 155.3 MB to 151.9 MB.
Total: 7.852750 ms (FindLiveObjects: 0.378125 ms CreateObjectMapping: 0.306917 ms MarkObjects: 5.212666 ms  DeleteObjects: 1.954625 ms)

Prepare: number of updated asset objects reloaded= 0
========================================================================
Received Prepare
Refreshing native plugins compatible for Editor in 1.04 ms, found 5 plugins.
Preloading 0 native plugins for Editor in 0.00 ms.
Unloading 14 Unused Serialized files (Serialized files now loaded: 0)
Unloading 6576 unused Assets / (4.2 MB). Loaded Objects now: 7473.
Memory consumption went from 148.0 MB to 143.8 MB.
Total: 7.318541 ms (FindLiveObjects: 0.388208 ms CreateObjectMapping: 0.224750 ms MarkObjects: 4.827292 ms  DeleteObjects: 1.877416 ms)

Prepare: number of updated asset objects reloaded= 0
========================================================================
Received Import Request.
  Time since last request: 75.786462 seconds.
  path: Assets/Scripts/GameSystem/Vote/VotePhase.cs
  artifactKey: Guid(016e0bec57af24f2c9f232125fd5b5dc) Importer(2089858483,192608db42251d675da83286b1cce702)
Start importing Assets/Scripts/GameSystem/Vote/VotePhase.cs using Guid(016e0bec57af24f2c9f232125fd5b5dc) Importer(2089858483,192608db42251d675da83286b1cce702) (ScriptedImporter) -> (artifact id: 'b5692a4020259c256a02f97a72b6e775') in 0.177946 seconds
Number of updated asset objects reloaded before import = 0Number of asset objects unloaded after import = 0

========================================================================
Received Prepare
Begin MonoManager ReloadAssembly
Thread 0x17f393000 may have been prematurely finalized
- Loaded All Assemblies, in  0.650 seconds
Refreshing native plugins compatible for Editor in 0.82 ms, found 5 plugins.
Native extension for LinuxStandalone target not found
Native extension for iOS target not found
Native extension for Android target not found
Native extension for OSXStandalone target not found
Native extension for WebGL target not found
Mono: successfully reloaded assembly
- Finished resetting the current domain, in  0.816 seconds
Domain Reload Profiling: 1469ms
	BeginReloadAssembly (178ms)
		ExecutionOrderSort (0ms)
		DisableScriptedObjects (5ms)
		BackupInstance (0ms)
		ReleaseScriptingObjects (0ms)
		CreateAndSetChildDomain (92ms)
	RebuildCommonClasses (40ms)
	RebuildNativeTypeToScriptingClass (13ms)
	initialDomainReloadingComplete (22ms)
	LoadAllAssembliesAndSetupDomain (399ms)
		LoadAssemblies (249ms)
		RebuildTransferFunctionScriptingTraits (0ms)
		AnalyzeDomain (193ms)
			TypeCache.Refresh (12ms)
				TypeCache.ScanAssembly (2ms)
			BuildScriptInfoCaches (164ms)
			ResolveRequiredComponents (14ms)
	FinalizeReload (816ms)
		ReleaseScriptCaches (0ms)
		RebuildScriptCaches (0ms)
		SetupLoadedEditorAssemblies (623ms)
			LogAssemblyErrors (0ms)
			InitializePlatformSupportModulesInManaged (43ms)
			SetLoadedEditorAssemblies (6ms)
			BeforeProcessingInitializeOnLoad (121ms)
			ProcessInitializeOnLoadAttributes (401ms)
			ProcessInitializeOnLoadMethodAttributes (51ms)
			AfterProcessingInitializeOnLoad (1ms)
			EditorAssembliesLoaded (0ms)
		ExecutionOrderSort2 (0ms)
		AwakeInstancesAfterBackupRestoration (8ms)
Refreshing native plugins compatible for Editor in 1.17 ms, found 5 plugins.
Preloading 0 native plugins for Editor in 0.00 ms.
Unloading 14 Unused Serialized files (Serialized files now loaded: 0)
Unloading 6595 unused Assets / (4.2 MB). Loaded Objects now: 7475.
Memory consumption went from 155.6 MB to 151.4 MB.
Total: 7.247542 ms (FindLiveObjects: 0.366417 ms CreateObjectMapping: 0.283916 ms MarkObjects: 4.870459 ms  DeleteObjects: 1.726250 ms)

Prepare: number of updated asset objects reloaded= 0
========================================================================
Received Prepare
Refreshing native plugins compatible for Editor in 0.90 ms, found 5 plugins.
Preloading 0 native plugins for Editor in 0.00 ms.
Unloading 14 Unused Serialized files (Serialized files now loaded: 0)
Unloading 6576 unused Assets / (3.9 MB). Loaded Objects now: 7475.
Memory consumption went from 148.0 MB to 144.2 MB.
Total: 7.110209 ms (FindLiveObjects: 0.368083 ms CreateObjectMapping: 0.223458 ms MarkObjects: 4.827167 ms  DeleteObjects: 1.690917 ms)

Prepare: number of updated asset objects reloaded= 0
========================================================================
Received Prepare
Begin MonoManager ReloadAssembly
Thread 0x17f393000 may have been prematurely finalized
- Loaded All Assemblies, in  0.621 seconds
Refreshing native plugins compatible for Editor in 0.86 ms, found 5 plugins.
Native extension for LinuxStandalone target not found
Native extension for iOS target not found
Native extension for Android target not found
Native extension for OSXStandalone target not found
Native extension for WebGL target not found
Mono: successfully reloaded assembly
- Finished resetting the current domain, in  0.824 seconds
Domain Reload Profiling: 1448ms
	BeginReloadAssembly (154ms)
		ExecutionOrderSort (0ms)
		DisableScriptedObjects (5ms)
		BackupInstance (0ms)
		ReleaseScriptingObjects (0ms)
		CreateAndSetChildDomain (71ms)
	RebuildCommonClasses (40ms)
	RebuildNativeTypeToScriptingClass (13ms)
	initialDomainReloadingComplete (22ms)
	LoadAllAssembliesAndSetupDomain (394ms)
		LoadAssemblies (247ms)
		RebuildTransferFunctionScriptingTraits (0ms)
		AnalyzeDomain (189ms)
			TypeCache.Refresh (12ms)
				TypeCache.ScanAssembly (2ms)
			BuildScriptInfoCaches (160ms)
			ResolveRequiredComponents (14ms)
	FinalizeReload (824ms)
		ReleaseScriptCaches (0ms)
		RebuildScriptCaches (0ms)
		SetupLoadedEditorAssemblies (625ms)
			LogAssemblyErrors (0ms)
			InitializePlatformSupportModulesInManaged (43ms)
			SetLoadedEditorAssemblies (6ms)
			BeforeProcessingInitializeOnLoad (121ms)
			ProcessInitializeOnLoadAttributes (403ms)
			ProcessInitializeOnLoadMethodAttributes (51ms)
			AfterProcessingInitializeOnLoad (1ms)
			EditorAssembliesLoaded (0ms)
		ExecutionOrderSort2 (0ms)
		AwakeInstancesAfterBackupRestoration (8ms)
Refreshing native plugins compatible for Editor in 0.98 ms, found 5 plugins.
Preloading 0 native plugins for Editor in 0.00 ms.
Unloading 14 Unused Serialized files (Serialized files now loaded: 0)
Unloading 6595 unused Assets / (4.1 MB). Loaded Objects now: 7477.
Memory consumption went from 155.2 MB to 151.0 MB.
Total: 7.728542 ms (FindLiveObjects: 0.403959 ms CreateObjectMapping: 0.299291 ms MarkObjects: 5.213042 ms  DeleteObjects: 1.811791 ms)

Prepare: number of updated asset objects reloaded= 0
========================================================================
Received Import Request.
  Time since last request: 65.406002 seconds.
  path: Assets/Scripts/GameSystem/Vote/VotePhaseView.cs
  artifactKey: Guid(7aa9ba876f7914f9cb99f4dbed3a8df4) Importer(2089858483,192608db42251d675da83286b1cce702)
Start importing Assets/Scripts/GameSystem/Vote/VotePhaseView.cs using Guid(7aa9ba876f7914f9cb99f4dbed3a8df4) Importer(2089858483,192608db42251d675da83286b1cce702) (ScriptedImporter) -> (artifact id: '9ecf82137a88001f331db0f520938141') in 0.166459042 seconds
Number of updated asset objects reloaded before import = 0Number of asset objects unloaded after import = 0

========================================================================
Received Prepare
Refreshing native plugins compatible for Editor in 0.99 ms, found 5 plugins.
Preloading 0 native plugins for Editor in 0.00 ms.
Unloading 14 Unused Serialized files (Serialized files now loaded: 0)
Unloading 6576 unused Assets / (4.2 MB). Loaded Objects now: 7477.
Memory consumption went from 148.1 MB to 143.9 MB.
Total: 7.534250 ms (FindLiveObjects: 0.415459 ms CreateObjectMapping: 0.272166 ms MarkObjects: 5.130750 ms  DeleteObjects: 1.715083 ms)

Prepare: number of updated asset objects reloaded= 0
========================================================================
Received Prepare
Begin MonoManager ReloadAssembly
Thread 0x17f393000 may have been prematurely finalized
- Loaded All Assemblies, in  0.657 seconds
Refreshing native plugins compatible for Editor in 0.89 ms, found 5 plugins.
Native extension for LinuxStandalone target not found
Native extension for iOS target not found
Native extension for Android target not found
Native extension for OSXStandalone target not found
Native extension for WebGL target not found
Mono: successfully reloaded assembly
- Finished resetting the current domain, in  0.814 seconds
Domain Reload Profiling: 1474ms
	BeginReloadAssembly (173ms)
		ExecutionOrderSort (0ms)
		DisableScriptedObjects (5ms)
		BackupInstance (0ms)
		ReleaseScriptingObjects (0ms)
		CreateAndSetChildDomain (87ms)
	RebuildCommonClasses (41ms)
	RebuildNativeTypeToScriptingClass (14ms)
	initialDomainReloadingComplete (22ms)
	LoadAllAssembliesAndSetupDomain (410ms)
		LoadAssemblies (257ms)
		RebuildTransferFunctionScriptingTraits (0ms)
		AnalyzeDomain (198ms)
			TypeCache.Refresh (13ms)
				TypeCache.ScanAssembly (2ms)
			BuildScriptInfoCaches (169ms)
			ResolveRequiredComponents (14ms)
	FinalizeReload (815ms)
		ReleaseScriptCaches (0ms)
		RebuildScriptCaches (0ms)
		SetupLoadedEditorAssemblies (617ms)
			LogAssemblyErrors (0ms)
			InitializePlatformSupportModulesInManaged (44ms)
			SetLoadedEditorAssemblies (6ms)
			BeforeProcessingInitializeOnLoad (119ms)
			ProcessInitializeOnLoadAttributes (397ms)
			ProcessInitializeOnLoadMethodAttributes (51ms)
			AfterProcessingInitializeOnLoad (1ms)
			EditorAssembliesLoaded (0ms)
		ExecutionOrderSort2 (0ms)
		AwakeInstancesAfterBackupRestoration (8ms)
Refreshing native plugins compatible for Editor in 0.99 ms, found 5 plugins.
Preloading 0 native plugins for Editor in 0.00 ms.
Unloading 14 Unused Serialized files (Serialized files now loaded: 0)
Unloading 6595 unused Assets / (4.2 MB). Loaded Objects now: 7479.
Memory consumption went from 155.1 MB to 150.9 MB.
Total: 8.213667 ms (FindLiveObjects: 0.392291 ms CreateObjectMapping: 0.301125 ms MarkObjects: 5.535917 ms  DeleteObjects: 1.983833 ms)

Prepare: number of updated asset objects reloaded= 0
========================================================================
Received Prepare
Refreshing native plugins compatible for Editor in 1.05 ms, found 5 plugins.
Preloading 0 native plugins for Editor in 0.00 ms.
Unloading 14 Unused Serialized files (Serialized files now loaded: 0)
Unloading 6576 unused Assets / (4.0 MB). Loaded Objects now: 7479.
Memory consumption went from 148.0 MB to 144.1 MB.
Total: 7.497167 ms (FindLiveObjects: 0.386334 ms CreateObjectMapping: 0.242416 ms MarkObjects: 5.063625 ms  DeleteObjects: 1.804042 ms)

Prepare: number of updated asset objects reloaded= 0
========================================================================
Received Prepare
Refreshing native plugins compatible for Editor in 1.07 ms, found 5 plugins.
Preloading 0 native plugins for Editor in 0.00 ms.
Unloading 14 Unused Serialized files (Serialized files now loaded: 0)
Unloading 6576 unused Assets / (3.9 MB). Loaded Objects now: 7479.
Memory consumption went from 148.0 MB to 144.1 MB.
Total: 7.018708 ms (FindLiveObjects: 0.340709 ms CreateObjectMapping: 0.208417 ms MarkObjects: 4.794166 ms  DeleteObjects: 1.674875 ms)

Prepare: number of updated asset objects reloaded= 0
========================================================================
Received Prepare
Refreshing native plugins compatible for Editor in 1.28 ms, found 5 plugins.
Preloading 0 native plugins for Editor in 0.00 ms.
Unloading 14 Unused Serialized files (Serialized files now loaded: 0)
Unloading 6576 unused Assets / (4.1 MB). Loaded Objects now: 7479.
Memory consumption went from 148.0 MB to 143.9 MB.
Total: 7.644208 ms (FindLiveObjects: 0.417833 ms CreateObjectMapping: 0.244292 ms MarkObjects: 5.081167 ms  DeleteObjects: 1.900500 ms)

Prepare: number of updated asset objects reloaded= 0
========================================================================
Received Prepare
Begin MonoManager ReloadAssembly
Thread 0x17f393000 may have been prematurely finalized
- Loaded All Assemblies, in  0.664 seconds
Refreshing native plugins compatible for Editor in 0.83 ms, found 5 plugins.
Native extension for LinuxStandalone target not found
Native extension for iOS target not found
Native extension for Android target not found
Native extension for OSXStandalone target not found
Native extension for WebGL target not found
Mono: successfully reloaded assembly
- Finished resetting the current domain, in  0.820 seconds
Domain Reload Profiling: 1486ms
	BeginReloadAssembly (163ms)
		ExecutionOrderSort (0ms)
		DisableScriptedObjects (5ms)
		BackupInstance (0ms)
		ReleaseScriptingObjects (0ms)
		CreateAndSetChildDomain (74ms)
	RebuildCommonClasses (42ms)
	RebuildNativeTypeToScriptingClass (14ms)
	initialDomainReloadingComplete (24ms)
	LoadAllAssembliesAndSetupDomain (424ms)
		LoadAssemblies (271ms)
		RebuildTransferFunctionScriptingTraits (0ms)
		AnalyzeDomain (200ms)
			TypeCache.Refresh (13ms)
				TypeCache.ScanAssembly (2ms)
			BuildScriptInfoCaches (170ms)
			ResolveRequiredComponents (15ms)
	FinalizeReload (820ms)
		ReleaseScriptCaches (0ms)
		RebuildScriptCaches (0ms)
		SetupLoadedEditorAssemblies (618ms)
			LogAssemblyErrors (0ms)
			InitializePlatformSupportModulesInManaged (43ms)
			SetLoadedEditorAssemblies (6ms)
			BeforeProcessingInitializeOnLoad (118ms)
			ProcessInitializeOnLoadAttributes (396ms)
			ProcessInitializeOnLoadMethodAttributes (53ms)
			AfterProcessingInitializeOnLoad (1ms)
			EditorAssembliesLoaded (0ms)
		ExecutionOrderSort2 (0ms)
		AwakeInstancesAfterBackupRestoration (8ms)
Refreshing native plugins compatible for Editor in 1.03 ms, found 5 plugins.
Preloading 0 native plugins for Editor in 0.00 ms.
Unloading 14 Unused Serialized files (Serialized files now loaded: 0)
Unloading 6595 unused Assets / (3.8 MB). Loaded Objects now: 7481.
Memory consumption went from 155.1 MB to 151.2 MB.
Total: 7.706000 ms (FindLiveObjects: 0.391000 ms CreateObjectMapping: 0.311417 ms MarkObjects: 5.127250 ms  DeleteObjects: 1.875875 ms)

Prepare: number of updated asset objects reloaded= 0
========================================================================
Received Prepare
Refreshing native plugins compatible for Editor in 1.05 ms, found 5 plugins.
Preloading 0 native plugins for Editor in 0.00 ms.
Unloading 14 Unused Serialized files (Serialized files now loaded: 0)
Unloading 6576 unused Assets / (4.2 MB). Loaded Objects now: 7481.
Memory consumption went from 148.0 MB to 143.9 MB.
Total: 7.081708 ms (FindLiveObjects: 0.362750 ms CreateObjectMapping: 0.216542 ms MarkObjects: 4.740417 ms  DeleteObjects: 1.761541 ms)

Prepare: number of updated asset objects reloaded= 0
========================================================================
Received Prepare
Begin MonoManager ReloadAssembly
Thread 0x17f393000 may have been prematurely finalized
- Loaded All Assemblies, in  0.647 seconds
Refreshing native plugins compatible for Editor in 0.81 ms, found 5 plugins.
Native extension for LinuxStandalone target not found
Native extension for iOS target not found
Native extension for Android target not found
Native extension for OSXStandalone target not found
Native extension for WebGL target not found
Mono: successfully reloaded assembly
- Finished resetting the current domain, in  0.840 seconds
Domain Reload Profiling: 1490ms
	BeginReloadAssembly (163ms)
		ExecutionOrderSort (0ms)
		DisableScriptedObjects (5ms)
		BackupInstance (0ms)
		ReleaseScriptingObjects (0ms)
		CreateAndSetChildDomain (78ms)
	RebuildCommonClasses (43ms)
	RebuildNativeTypeToScriptingClass (14ms)
	initialDomainReloadingComplete (23ms)
	LoadAllAssembliesAndSetupDomain (406ms)
		LoadAssemblies (249ms)
		RebuildTransferFunctionScriptingTraits (0ms)
		AnalyzeDomain (201ms)
			TypeCache.Refresh (12ms)
				TypeCache.ScanAssembly (2ms)
			BuildScriptInfoCaches (172ms)
			ResolveRequiredComponents (15ms)
	FinalizeReload (841ms)
		ReleaseScriptCaches (0ms)
		RebuildScriptCaches (0ms)
		SetupLoadedEditorAssemblies (640ms)
			LogAssemblyErrors (0ms)
			InitializePlatformSupportModulesInManaged (45ms)
			SetLoadedEditorAssemblies (6ms)
			BeforeProcessingInitializeOnLoad (123ms)
			ProcessInitializeOnLoadAttributes (415ms)
			ProcessInitializeOnLoadMethodAttributes (50ms)
			AfterProcessingInitializeOnLoad (1ms)
			EditorAssembliesLoaded (0ms)
		ExecutionOrderSort2 (0ms)
		AwakeInstancesAfterBackupRestoration (8ms)
Refreshing native plugins compatible for Editor in 0.95 ms, found 5 plugins.
Preloading 0 native plugins for Editor in 0.00 ms.
Unloading 14 Unused Serialized files (Serialized files now loaded: 0)
Unloading 6595 unused Assets / (4.3 MB). Loaded Objects now: 7483.
Memory consumption went from 155.1 MB to 150.7 MB.
Total: 7.085750 ms (FindLiveObjects: 0.354834 ms CreateObjectMapping: 0.289000 ms MarkObjects: 4.731208 ms  DeleteObjects: 1.710208 ms)

Prepare: number of updated asset objects reloaded= 0
========================================================================
Received Prepare
Refreshing native plugins compatible for Editor in 1.37 ms, found 5 plugins.
Preloading 0 native plugins for Editor in 0.00 ms.
Unloading 14 Unused Serialized files (Serialized files now loaded: 0)
Unloading 6576 unused Assets / (4.0 MB). Loaded Objects now: 7483.
Memory consumption went from 148.0 MB to 144.1 MB.
Total: 7.204417 ms (FindLiveObjects: 0.388375 ms CreateObjectMapping: 0.216750 ms MarkObjects: 4.859375 ms  DeleteObjects: 1.739625 ms)

Prepare: number of updated asset objects reloaded= 0
========================================================================
Received Import Request.
  Time since last request: 440.286428 seconds.
  path: Assets/Scripts/GameSystem/Vote/VotePhaseView.cs
  artifactKey: Guid(7aa9ba876f7914f9cb99f4dbed3a8df4) Importer(815301076,1909f56bfc062723c751e8b465ee728b)
Start importing Assets/Scripts/GameSystem/Vote/VotePhaseView.cs using Guid(7aa9ba876f7914f9cb99f4dbed3a8df4) Importer(815301076,1909f56bfc062723c751e8b465ee728b) (PreviewImporter) -> (artifact id: '300fff5de71abbbc66cce1a892d348f8') in 0.001276042 seconds
Number of updated asset objects reloaded before import = 0Number of asset objects unloaded after import = 0

========================================================================
Received Prepare
Refreshing native plugins compatible for Editor in 0.89 ms, found 5 plugins.
Preloading 0 native plugins for Editor in 0.00 ms.
Unloading 14 Unused Serialized files (Serialized files now loaded: 0)
Unloading 6576 unused Assets / (3.4 MB). Loaded Objects now: 7483.
Memory consumption went from 148.1 MB to 144.7 MB.
Total: 7.569041 ms (FindLiveObjects: 0.384875 ms CreateObjectMapping: 0.227750 ms MarkObjects: 5.085292 ms  DeleteObjects: 1.870791 ms)

Prepare: number of updated asset objects reloaded= 0
========================================================================
Received Prepare
Begin MonoManager ReloadAssembly
Thread 0x17f393000 may have been prematurely finalized
- Loaded All Assemblies, in  0.624 seconds
Refreshing native plugins compatible for Editor in 0.99 ms, found 5 plugins.
Native extension for LinuxStandalone target not found
Native extension for iOS target not found
Native extension for Android target not found
Native extension for OSXStandalone target not found
Native extension for WebGL target not found
Mono: successfully reloaded assembly
- Finished resetting the current domain, in  0.839 seconds
Domain Reload Profiling: 1466ms
	BeginReloadAssembly (158ms)
		ExecutionOrderSort (0ms)
		DisableScriptedObjects (5ms)
		BackupInstance (0ms)
		ReleaseScriptingObjects (0ms)
		CreateAndSetChildDomain (72ms)
	RebuildCommonClasses (41ms)
	RebuildNativeTypeToScriptingClass (13ms)
	initialDomainReloadingComplete (22ms)
	LoadAllAssembliesAndSetupDomain (392ms)
		LoadAssemblies (248ms)
		RebuildTransferFunctionScriptingTraits (0ms)
		AnalyzeDomain (189ms)
			TypeCache.Refresh (12ms)
				TypeCache.ScanAssembly (2ms)
			BuildScriptInfoCaches (160ms)
			ResolveRequiredComponents (14ms)
	FinalizeReload (840ms)
		ReleaseScriptCaches (0ms)
		RebuildScriptCaches (0ms)
		SetupLoadedEditorAssemblies (635ms)
			LogAssemblyErrors (0ms)
			InitializePlatformSupportModulesInManaged (46ms)
			SetLoadedEditorAssemblies (6ms)
			BeforeProcessingInitializeOnLoad (122ms)
			ProcessInitializeOnLoadAttributes (408ms)
			ProcessInitializeOnLoadMethodAttributes (51ms)
			AfterProcessingInitializeOnLoad (1ms)
			EditorAssembliesLoaded (0ms)
		ExecutionOrderSort2 (0ms)
		AwakeInstancesAfterBackupRestoration (8ms)
Refreshing native plugins compatible for Editor in 0.92 ms, found 5 plugins.
Preloading 0 native plugins for Editor in 0.00 ms.
Unloading 14 Unused Serialized files (Serialized files now loaded: 0)
Unloading 6595 unused Assets / (4.2 MB). Loaded Objects now: 7485.
Memory consumption went from 155.0 MB to 150.8 MB.
Total: 7.168791 ms (FindLiveObjects: 0.371292 ms CreateObjectMapping: 0.292583 ms MarkObjects: 4.771917 ms  DeleteObjects: 1.732500 ms)

Prepare: number of updated asset objects reloaded= 0
========================================================================
Received Prepare
Refreshing native plugins compatible for Editor in 0.92 ms, found 5 plugins.
Preloading 0 native plugins for Editor in 0.00 ms.
Unloading 14 Unused Serialized files (Serialized files now loaded: 0)
Unloading 6576 unused Assets / (4.2 MB). Loaded Objects now: 7485.
Memory consumption went from 148.0 MB to 143.8 MB.
Total: 6.939750 ms (FindLiveObjects: 0.371750 ms CreateObjectMapping: 0.213959 ms MarkObjects: 4.813125 ms  DeleteObjects: 1.540458 ms)

Prepare: number of updated asset objects reloaded= 0
========================================================================
Received Prepare
Begin MonoManager ReloadAssembly
Thread 0x17f307000 may have been prematurely finalized
- Loaded All Assemblies, in  0.627 seconds
Refreshing native plugins compatible for Editor in 0.85 ms, found 5 plugins.
Native extension for LinuxStandalone target not found
Native extension for iOS target not found
Native extension for Android target not found
Native extension for OSXStandalone target not found
Native extension for WebGL target not found
Mono: successfully reloaded assembly
- Finished resetting the current domain, in  0.797 seconds
Domain Reload Profiling: 1427ms
	BeginReloadAssembly (160ms)
		ExecutionOrderSort (0ms)
		DisableScriptedObjects (5ms)
		BackupInstance (0ms)
		ReleaseScriptingObjects (0ms)
		CreateAndSetChildDomain (74ms)
	RebuildCommonClasses (41ms)
	RebuildNativeTypeToScriptingClass (13ms)
	initialDomainReloadingComplete (22ms)
	LoadAllAssembliesAndSetupDomain (394ms)
		LoadAssemblies (246ms)
		RebuildTransferFunctionScriptingTraits (0ms)
		AnalyzeDomain (192ms)
			TypeCache.Refresh (12ms)
				TypeCache.ScanAssembly (2ms)
			BuildScriptInfoCaches (162ms)
			ResolveRequiredComponents (14ms)
	FinalizeReload (798ms)
		ReleaseScriptCaches (0ms)
		RebuildScriptCaches (0ms)
		SetupLoadedEditorAssemblies (605ms)
			LogAssemblyErrors (0ms)
			InitializePlatformSupportModulesInManaged (43ms)
			SetLoadedEditorAssemblies (5ms)
			BeforeProcessingInitializeOnLoad (119ms)
			ProcessInitializeOnLoadAttributes (387ms)
			ProcessInitializeOnLoadMethodAttributes (49ms)
			AfterProcessingInitializeOnLoad (1ms)
			EditorAssembliesLoaded (0ms)
		ExecutionOrderSort2 (0ms)
		AwakeInstancesAfterBackupRestoration (8ms)
Refreshing native plugins compatible for Editor in 0.94 ms, found 5 plugins.
Preloading 0 native plugins for Editor in 0.00 ms.
Unloading 14 Unused Serialized files (Serialized files now loaded: 0)
Unloading 6595 unused Assets / (4.2 MB). Loaded Objects now: 7487.
Memory consumption went from 154.9 MB to 150.8 MB.
Total: 7.726417 ms (FindLiveObjects: 0.417625 ms CreateObjectMapping: 0.315250 ms MarkObjects: 5.232041 ms  DeleteObjects: 1.761125 ms)

Prepare: number of updated asset objects reloaded= 0
========================================================================
Received Prepare
Refreshing native plugins compatible for Editor in 1.03 ms, found 5 plugins.
Preloading 0 native plugins for Editor in 0.00 ms.
Unloading 14 Unused Serialized files (Serialized files now loaded: 0)
Unloading 6576 unused Assets / (3.8 MB). Loaded Objects now: 7487.
Memory consumption went from 148.1 MB to 144.2 MB.
Total: 7.108125 ms (FindLiveObjects: 0.384417 ms CreateObjectMapping: 0.228417 ms MarkObjects: 4.850500 ms  DeleteObjects: 1.644292 ms)

Prepare: number of updated asset objects reloaded= 0
========================================================================
Received Prepare
Begin MonoManager ReloadAssembly
Thread 0x17f307000 may have been prematurely finalized
- Loaded All Assemblies, in  0.620 seconds
Refreshing native plugins compatible for Editor in 0.83 ms, found 5 plugins.
Native extension for LinuxStandalone target not found
Native extension for iOS target not found
Native extension for Android target not found
Native extension for OSXStandalone target not found
Native extension for WebGL target not found
Mono: successfully reloaded assembly
- Finished resetting the current domain, in  0.793 seconds
Domain Reload Profiling: 1415ms
	BeginReloadAssembly (158ms)
		ExecutionOrderSort (0ms)
		DisableScriptedObjects (5ms)
		BackupInstance (0ms)
		ReleaseScriptingObjects (0ms)
		CreateAndSetChildDomain (73ms)
	RebuildCommonClasses (40ms)
	RebuildNativeTypeToScriptingClass (13ms)
	initialDomainReloadingComplete (21ms)
	LoadAllAssembliesAndSetupDomain (390ms)
		LoadAssemblies (245ms)
		RebuildTransferFunctionScriptingTraits (0ms)
		AnalyzeDomain (188ms)
			TypeCache.Refresh (12ms)
				TypeCache.ScanAssembly (2ms)
			BuildScriptInfoCaches (158ms)
			ResolveRequiredComponents (14ms)
	FinalizeReload (793ms)
		ReleaseScriptCaches (0ms)
		RebuildScriptCaches (0ms)
		SetupLoadedEditorAssemblies (602ms)
			LogAssemblyErrors (0ms)
			InitializePlatformSupportModulesInManaged (41ms)
			SetLoadedEditorAssemblies (6ms)
			BeforeProcessingInitializeOnLoad (118ms)
			ProcessInitializeOnLoadAttributes (387ms)
			ProcessInitializeOnLoadMethodAttributes (49ms)
			AfterProcessingInitializeOnLoad (1ms)
			EditorAssembliesLoaded (0ms)
		ExecutionOrderSort2 (0ms)
		AwakeInstancesAfterBackupRestoration (7ms)
Refreshing native plugins compatible for Editor in 0.91 ms, found 5 plugins.
Preloading 0 native plugins for Editor in 0.00 ms.
Unloading 14 Unused Serialized files (Serialized files now loaded: 0)
Unloading 6595 unused Assets / (4.1 MB). Loaded Objects now: 7489.
Memory consumption went from 155.0 MB to 150.9 MB.
Total: 7.350625 ms (FindLiveObjects: 0.366042 ms CreateObjectMapping: 0.297458 ms MarkObjects: 4.965500 ms  DeleteObjects: 1.721167 ms)

Prepare: number of updated asset objects reloaded= 0
========================================================================
Received Prepare
Refreshing native plugins compatible for Editor in 0.97 ms, found 5 plugins.
Preloading 0 native plugins for Editor in 0.00 ms.
Unloading 14 Unused Serialized files (Serialized files now loaded: 0)
Unloading 6576 unused Assets / (4.0 MB). Loaded Objects now: 7489.
Memory consumption went from 148.1 MB to 144.1 MB.
Total: 7.010291 ms (FindLiveObjects: 0.362667 ms CreateObjectMapping: 0.207125 ms MarkObjects: 4.833875 ms  DeleteObjects: 1.605959 ms)

Prepare: number of updated asset objects reloaded= 0
========================================================================
Received Prepare
Begin MonoManager ReloadAssembly
Thread 0x17f393000 may have been prematurely finalized
- Loaded All Assemblies, in  0.625 seconds
Refreshing native plugins compatible for Editor in 0.82 ms, found 5 plugins.
Native extension for LinuxStandalone target not found
Native extension for iOS target not found
Native extension for Android target not found
Native extension for OSXStandalone target not found
Native extension for WebGL target not found
Mono: successfully reloaded assembly
- Finished resetting the current domain, in  0.806 seconds
Domain Reload Profiling: 1433ms
	BeginReloadAssembly (162ms)
		ExecutionOrderSort (0ms)
		DisableScriptedObjects (5ms)
		BackupInstance (0ms)
		ReleaseScriptingObjects (0ms)
		CreateAndSetChildDomain (75ms)
	RebuildCommonClasses (40ms)
	RebuildNativeTypeToScriptingClass (13ms)
	initialDomainReloadingComplete (22ms)
	LoadAllAssembliesAndSetupDomain (390ms)
		LoadAssemblies (249ms)
		RebuildTransferFunctionScriptingTraits (0ms)
		AnalyzeDomain (186ms)
			TypeCache.Refresh (12ms)
				TypeCache.ScanAssembly (2ms)
			BuildScriptInfoCaches (158ms)
			ResolveRequiredComponents (14ms)
	FinalizeReload (806ms)
		ReleaseScriptCaches (0ms)
		RebuildScriptCaches (0ms)
		SetupLoadedEditorAssemblies (615ms)
			LogAssemblyErrors (0ms)
			InitializePlatformSupportModulesInManaged (42ms)
			SetLoadedEditorAssemblies (6ms)
			BeforeProcessingInitializeOnLoad (118ms)
			ProcessInitializeOnLoadAttributes (398ms)
			ProcessInitializeOnLoadMethodAttributes (50ms)
			AfterProcessingInitializeOnLoad (1ms)
			EditorAssembliesLoaded (0ms)
		ExecutionOrderSort2 (0ms)
		AwakeInstancesAfterBackupRestoration (8ms)
Refreshing native plugins compatible for Editor in 0.93 ms, found 5 plugins.
Preloading 0 native plugins for Editor in 0.00 ms.
Unloading 14 Unused Serialized files (Serialized files now loaded: 0)
Unloading 6595 unused Assets / (4.2 MB). Loaded Objects now: 7491.
Memory consumption went from 155.0 MB to 150.7 MB.
Total: 7.559417 ms (FindLiveObjects: 0.397042 ms CreateObjectMapping: 0.315750 ms MarkObjects: 5.075375 ms  DeleteObjects: 1.770875 ms)

Prepare: number of updated asset objects reloaded= 0
========================================================================
Received Prepare
Refreshing native plugins compatible for Editor in 0.92 ms, found 5 plugins.
Preloading 0 native plugins for Editor in 0.00 ms.
Unloading 14 Unused Serialized files (Serialized files now loaded: 0)
Unloading 6576 unused Assets / (4.1 MB). Loaded Objects now: 7491.
Memory consumption went from 148.1 MB to 144.0 MB.
Total: 7.175458 ms (FindLiveObjects: 0.400000 ms CreateObjectMapping: 0.241916 ms MarkObjects: 4.804375 ms  DeleteObjects: 1.728583 ms)

Prepare: number of updated asset objects reloaded= 0
========================================================================
Received Prepare
Begin MonoManager ReloadAssembly
Thread 0x17f393000 may have been prematurely finalized
- Loaded All Assemblies, in  0.628 seconds
Refreshing native plugins compatible for Editor in 0.85 ms, found 5 plugins.
Native extension for LinuxStandalone target not found
Native extension for iOS target not found
Native extension for Android target not found
Native extension for OSXStandalone target not found
Native extension for WebGL target not found
Mono: successfully reloaded assembly
- Finished resetting the current domain, in  0.803 seconds
Domain Reload Profiling: 1433ms
	BeginReloadAssembly (161ms)
		ExecutionOrderSort (0ms)
		DisableScriptedObjects (5ms)
		BackupInstance (0ms)
		ReleaseScriptingObjects (0ms)
		CreateAndSetChildDomain (71ms)
	RebuildCommonClasses (41ms)
	RebuildNativeTypeToScriptingClass (13ms)
	initialDomainReloadingComplete (22ms)
	LoadAllAssembliesAndSetupDomain (392ms)
		LoadAssemblies (249ms)
		RebuildTransferFunctionScriptingTraits (0ms)
		AnalyzeDomain (190ms)
			TypeCache.Refresh (12ms)
				TypeCache.ScanAssembly (2ms)
			BuildScriptInfoCaches (161ms)
			ResolveRequiredComponents (14ms)
	FinalizeReload (803ms)
		ReleaseScriptCaches (0ms)
		RebuildScriptCaches (0ms)
		SetupLoadedEditorAssemblies (608ms)
			LogAssemblyErrors (0ms)
			InitializePlatformSupportModulesInManaged (43ms)
			SetLoadedEditorAssemblies (6ms)
			BeforeProcessingInitializeOnLoad (119ms)
			ProcessInitializeOnLoadAttributes (389ms)
			ProcessInitializeOnLoadMethodAttributes (49ms)
			AfterProcessingInitializeOnLoad (1ms)
			EditorAssembliesLoaded (0ms)
		ExecutionOrderSort2 (0ms)
		AwakeInstancesAfterBackupRestoration (8ms)
Refreshing native plugins compatible for Editor in 0.95 ms, found 5 plugins.
Preloading 0 native plugins for Editor in 0.00 ms.
Unloading 14 Unused Serialized files (Serialized files now loaded: 0)
Unloading 6595 unused Assets / (4.2 MB). Loaded Objects now: 7493.
Memory consumption went from 155.0 MB to 150.8 MB.
Total: 7.005959 ms (FindLiveObjects: 0.366333 ms CreateObjectMapping: 0.283792 ms MarkObjects: 4.712166 ms  DeleteObjects: 1.642875 ms)

Prepare: number of updated asset objects reloaded= 0
========================================================================
Received Prepare
Refreshing native plugins compatible for Editor in 1.02 ms, found 5 plugins.
Preloading 0 native plugins for Editor in 0.00 ms.
Unloading 14 Unused Serialized files (Serialized files now loaded: 0)
Unloading 6576 unused Assets / (4.3 MB). Loaded Objects now: 7493.
Memory consumption went from 148.1 MB to 143.7 MB.
Total: 7.404792 ms (FindLiveObjects: 0.398542 ms CreateObjectMapping: 0.230875 ms MarkObjects: 5.132208 ms  DeleteObjects: 1.642542 ms)

Prepare: number of updated asset objects reloaded= 0
========================================================================
Received Prepare
Begin MonoManager ReloadAssembly
Thread 0x17f393000 may have been prematurely finalized
- Loaded All Assemblies, in  0.637 seconds
Refreshing native plugins compatible for Editor in 0.86 ms, found 5 plugins.
Native extension for LinuxStandalone target not found
Native extension for iOS target not found
Native extension for Android target not found
Native extension for OSXStandalone target not found
Native extension for WebGL target not found
Mono: successfully reloaded assembly
- Finished resetting the current domain, in  0.816 seconds
Domain Reload Profiling: 1456ms
	BeginReloadAssembly (164ms)
		ExecutionOrderSort (0ms)
		DisableScriptedObjects (5ms)
		BackupInstance (0ms)
		ReleaseScriptingObjects (0ms)
		CreateAndSetChildDomain (75ms)
	RebuildCommonClasses (41ms)
	RebuildNativeTypeToScriptingClass (14ms)
	initialDomainReloadingComplete (23ms)
	LoadAllAssembliesAndSetupDomain (398ms)
		LoadAssemblies (254ms)
		RebuildTransferFunctionScriptingTraits (0ms)
		AnalyzeDomain (191ms)
			TypeCache.Refresh (12ms)
				TypeCache.ScanAssembly (2ms)
			BuildScriptInfoCaches (162ms)
			ResolveRequiredComponents (15ms)
	FinalizeReload (816ms)
		ReleaseScriptCaches (0ms)
		RebuildScriptCaches (0ms)
		SetupLoadedEditorAssemblies (617ms)
			LogAssemblyErrors (0ms)
			InitializePlatformSupportModulesInManaged (43ms)
			SetLoadedEditorAssemblies (6ms)
			BeforeProcessingInitializeOnLoad (122ms)
			ProcessInitializeOnLoadAttributes (396ms)
			ProcessInitializeOnLoadMethodAttributes (49ms)
			AfterProcessingInitializeOnLoad (1ms)
			EditorAssembliesLoaded (0ms)
		ExecutionOrderSort2 (0ms)
		AwakeInstancesAfterBackupRestoration (7ms)
Refreshing native plugins compatible for Editor in 0.93 ms, found 5 plugins.
Preloading 0 native plugins for Editor in 0.00 ms.
Unloading 14 Unused Serialized files (Serialized files now loaded: 0)
Unloading 6595 unused Assets / (4.2 MB). Loaded Objects now: 7495.
Memory consumption went from 155.0 MB to 150.8 MB.
Total: 7.285208 ms (FindLiveObjects: 0.381875 ms CreateObjectMapping: 0.323500 ms MarkObjects: 4.840958 ms  DeleteObjects: 1.738375 ms)

Prepare: number of updated asset objects reloaded= 0
========================================================================
Received Prepare
Refreshing native plugins compatible for Editor in 1.21 ms, found 5 plugins.
Preloading 0 native plugins for Editor in 0.00 ms.
Unloading 14 Unused Serialized files (Serialized files now loaded: 0)
Unloading 6576 unused Assets / (4.3 MB). Loaded Objects now: 7495.
Memory consumption went from 148.1 MB to 143.7 MB.
Total: 7.790833 ms (FindLiveObjects: 0.427083 ms CreateObjectMapping: 0.229459 ms MarkObjects: 5.132125 ms  DeleteObjects: 2.001625 ms)

Prepare: number of updated asset objects reloaded= 0
========================================================================
Received Prepare
Begin MonoManager ReloadAssembly
Thread 0x17f393000 may have been prematurely finalized
- Loaded All Assemblies, in  0.664 seconds
Refreshing native plugins compatible for Editor in 1.01 ms, found 5 plugins.
Native extension for LinuxStandalone target not found
Native extension for iOS target not found
Native extension for Android target not found
Native extension for OSXStandalone target not found
Native extension for WebGL target not found
Mono: successfully reloaded assembly
- Finished resetting the current domain, in  0.824 seconds
Domain Reload Profiling: 1493ms
	BeginReloadAssembly (161ms)
		ExecutionOrderSort (0ms)
		DisableScriptedObjects (5ms)
		BackupInstance (0ms)
		ReleaseScriptingObjects (0ms)
		CreateAndSetChildDomain (74ms)
	RebuildCommonClasses (42ms)
	RebuildNativeTypeToScriptingClass (13ms)
	initialDomainReloadingComplete (23ms)
	LoadAllAssembliesAndSetupDomain (430ms)
		LoadAssemblies (270ms)
		RebuildTransferFunctionScriptingTraits (0ms)
		AnalyzeDomain (201ms)
			TypeCache.Refresh (13ms)
				TypeCache.ScanAssembly (2ms)
			BuildScriptInfoCaches (171ms)
			ResolveRequiredComponents (15ms)
	FinalizeReload (824ms)
		ReleaseScriptCaches (0ms)
		RebuildScriptCaches (0ms)
		SetupLoadedEditorAssemblies (626ms)
			LogAssemblyErrors (0ms)
			InitializePlatformSupportModulesInManaged (44ms)
			SetLoadedEditorAssemblies (6ms)
			BeforeProcessingInitializeOnLoad (118ms)
			ProcessInitializeOnLoadAttributes (405ms)
			ProcessInitializeOnLoadMethodAttributes (51ms)
			AfterProcessingInitializeOnLoad (1ms)
			EditorAssembliesLoaded (0ms)
		ExecutionOrderSort2 (0ms)
		AwakeInstancesAfterBackupRestoration (8ms)
Refreshing native plugins compatible for Editor in 1.02 ms, found 5 plugins.
Preloading 0 native plugins for Editor in 0.00 ms.
Unloading 14 Unused Serialized files (Serialized files now loaded: 0)
Unloading 6595 unused Assets / (4.2 MB). Loaded Objects now: 7497.
Memory consumption went from 155.0 MB to 150.8 MB.
Total: 7.249250 ms (FindLiveObjects: 0.369875 ms CreateObjectMapping: 0.288709 ms MarkObjects: 4.836750 ms  DeleteObjects: 1.753500 ms)

Prepare: number of updated asset objects reloaded= 0
========================================================================
Received Prepare
Refreshing native plugins compatible for Editor in 1.00 ms, found 5 plugins.
Preloading 0 native plugins for Editor in 0.00 ms.
Unloading 14 Unused Serialized files (Serialized files now loaded: 0)
Unloading 6576 unused Assets / (3.3 MB). Loaded Objects now: 7497.
Memory consumption went from 148.1 MB to 144.8 MB.
Total: 7.083875 ms (FindLiveObjects: 0.398833 ms CreateObjectMapping: 0.218292 ms MarkObjects: 4.831208 ms  DeleteObjects: 1.635083 ms)

Prepare: number of updated asset objects reloaded= 0
========================================================================
Received Prepare
Begin MonoManager ReloadAssembly
Thread 0x17f393000 may have been prematurely finalized
- Loaded All Assemblies, in  0.636 seconds
Refreshing native plugins compatible for Editor in 0.82 ms, found 5 plugins.
Native extension for LinuxStandalone target not found
Native extension for iOS target not found
Native extension for Android target not found
Native extension for OSXStandalone target not found
Native extension for WebGL target not found
Mono: successfully reloaded assembly
- Finished resetting the current domain, in  0.807 seconds
Domain Reload Profiling: 1446ms
	BeginReloadAssembly (167ms)
		ExecutionOrderSort (0ms)
		DisableScriptedObjects (5ms)
		BackupInstance (0ms)
		ReleaseScriptingObjects (0ms)
		CreateAndSetChildDomain (77ms)
	RebuildCommonClasses (41ms)
	RebuildNativeTypeToScriptingClass (13ms)
	initialDomainReloadingComplete (22ms)
	LoadAllAssembliesAndSetupDomain (396ms)
		LoadAssemblies (255ms)
		RebuildTransferFunctionScriptingTraits (0ms)
		AnalyzeDomain (189ms)
			TypeCache.Refresh (12ms)
				TypeCache.ScanAssembly (2ms)
			BuildScriptInfoCaches (161ms)
			ResolveRequiredComponents (14ms)
	FinalizeReload (808ms)
		ReleaseScriptCaches (0ms)
		RebuildScriptCaches (0ms)
		SetupLoadedEditorAssemblies (609ms)
			LogAssemblyErrors (0ms)
			InitializePlatformSupportModulesInManaged (42ms)
			SetLoadedEditorAssemblies (6ms)
			BeforeProcessingInitializeOnLoad (118ms)
			ProcessInitializeOnLoadAttributes (391ms)
			ProcessInitializeOnLoadMethodAttributes (51ms)
			AfterProcessingInitializeOnLoad (1ms)
			EditorAssembliesLoaded (0ms)
		ExecutionOrderSort2 (0ms)
		AwakeInstancesAfterBackupRestoration (8ms)
Refreshing native plugins compatible for Editor in 1.00 ms, found 5 plugins.
Preloading 0 native plugins for Editor in 0.00 ms.
Unloading 14 Unused Serialized files (Serialized files now loaded: 0)
Unloading 6595 unused Assets / (4.2 MB). Loaded Objects now: 7499.
Memory consumption went from 155.0 MB to 150.8 MB.
Total: 8.050167 ms (FindLiveObjects: 0.370833 ms CreateObjectMapping: 0.323875 ms MarkObjects: 5.475584 ms  DeleteObjects: 1.879458 ms)

Prepare: number of updated asset objects reloaded= 0
========================================================================
Received Prepare
Refreshing native plugins compatible for Editor in 0.92 ms, found 5 plugins.
Preloading 0 native plugins for Editor in 0.00 ms.
Unloading 14 Unused Serialized files (Serialized files now loaded: 0)
Unloading 6576 unused Assets / (4.3 MB). Loaded Objects now: 7499.
Memory consumption went from 148.1 MB to 143.8 MB.
Total: 7.256333 ms (FindLiveObjects: 0.387833 ms CreateObjectMapping: 0.220333 ms MarkObjects: 5.022208 ms  DeleteObjects: 1.625417 ms)

Prepare: number of updated asset objects reloaded= 0
========================================================================
Received Prepare
Begin MonoManager ReloadAssembly
Thread 0x17f307000 may have been prematurely finalized
- Loaded All Assemblies, in  0.641 seconds
Refreshing native plugins compatible for Editor in 0.98 ms, found 5 plugins.
Native extension for LinuxStandalone target not found
Native extension for iOS target not found
Native extension for Android target not found
Native extension for OSXStandalone target not found
Native extension for WebGL target not found
Mono: successfully reloaded assembly
- Finished resetting the current domain, in  0.812 seconds
Domain Reload Profiling: 1456ms
	BeginReloadAssembly (162ms)
		ExecutionOrderSort (0ms)
		DisableScriptedObjects (5ms)
		BackupInstance (0ms)
		ReleaseScriptingObjects (0ms)
		CreateAndSetChildDomain (76ms)
	RebuildCommonClasses (41ms)
	RebuildNativeTypeToScriptingClass (13ms)
	initialDomainReloadingComplete (22ms)
	LoadAllAssembliesAndSetupDomain (405ms)
		LoadAssemblies (259ms)
		RebuildTransferFunctionScriptingTraits (0ms)
		AnalyzeDomain (191ms)
			TypeCache.Refresh (14ms)
				TypeCache.ScanAssembly (2ms)
			BuildScriptInfoCaches (160ms)
			ResolveRequiredComponents (14ms)
	FinalizeReload (812ms)
		ReleaseScriptCaches (0ms)
		RebuildScriptCaches (0ms)
		SetupLoadedEditorAssemblies (616ms)
			LogAssemblyErrors (0ms)
			InitializePlatformSupportModulesInManaged (41ms)
			SetLoadedEditorAssemblies (6ms)
			BeforeProcessingInitializeOnLoad (118ms)
			ProcessInitializeOnLoadAttributes (399ms)
			ProcessInitializeOnLoadMethodAttributes (51ms)
			AfterProcessingInitializeOnLoad (1ms)
			EditorAssembliesLoaded (0ms)
		ExecutionOrderSort2 (0ms)
		AwakeInstancesAfterBackupRestoration (8ms)
Refreshing native plugins compatible for Editor in 0.94 ms, found 5 plugins.
Preloading 0 native plugins for Editor in 0.00 ms.
Unloading 14 Unused Serialized files (Serialized files now loaded: 0)
Unloading 6595 unused Assets / (4.1 MB). Loaded Objects now: 7501.
Memory consumption went from 155.0 MB to 150.9 MB.
Total: 7.399833 ms (FindLiveObjects: 0.368833 ms CreateObjectMapping: 0.290208 ms MarkObjects: 4.931667 ms  DeleteObjects: 1.808666 ms)

Prepare: number of updated asset objects reloaded= 0
========================================================================
Received Prepare
Refreshing native plugins compatible for Editor in 1.41 ms, found 5 plugins.
Preloading 0 native plugins for Editor in 0.00 ms.
Unloading 14 Unused Serialized files (Serialized files now loaded: 0)
Unloading 6576 unused Assets / (4.5 MB). Loaded Objects now: 7501.
Memory consumption went from 148.1 MB to 143.6 MB.
Total: 7.682416 ms (FindLiveObjects: 0.403667 ms CreateObjectMapping: 0.233542 ms MarkObjects: 5.107875 ms  DeleteObjects: 1.936791 ms)

Prepare: number of updated asset objects reloaded= 0
========================================================================
Received Prepare
Begin MonoManager ReloadAssembly
Thread 0x17f307000 may have been prematurely finalized
- Loaded All Assemblies, in  0.705 seconds
Refreshing native plugins compatible for Editor in 0.83 ms, found 5 plugins.
Native extension for LinuxStandalone target not found
Native extension for iOS target not found
Native extension for Android target not found
Native extension for OSXStandalone target not found
Native extension for WebGL target not found
Mono: successfully reloaded assembly
- Finished resetting the current domain, in  0.855 seconds
Domain Reload Profiling: 1563ms
	BeginReloadAssembly (163ms)
		ExecutionOrderSort (0ms)
		DisableScriptedObjects (5ms)
		BackupInstance (0ms)
		ReleaseScriptingObjects (0ms)
		CreateAndSetChildDomain (75ms)
	RebuildCommonClasses (40ms)
	RebuildNativeTypeToScriptingClass (13ms)
	initialDomainReloadingComplete (22ms)
	LoadAllAssembliesAndSetupDomain (470ms)
		LoadAssemblies (312ms)
		RebuildTransferFunctionScriptingTraits (0ms)
		AnalyzeDomain (202ms)
			TypeCache.Refresh (14ms)
				TypeCache.ScanAssembly (2ms)
			BuildScriptInfoCaches (171ms)
			ResolveRequiredComponents (15ms)
	FinalizeReload (855ms)
		ReleaseScriptCaches (0ms)
		RebuildScriptCaches (0ms)
		SetupLoadedEditorAssemblies (649ms)
			LogAssemblyErrors (0ms)
			InitializePlatformSupportModulesInManaged (46ms)
			SetLoadedEditorAssemblies (6ms)
			BeforeProcessingInitializeOnLoad (120ms)
			ProcessInitializeOnLoadAttributes (420ms)
			ProcessInitializeOnLoadMethodAttributes (55ms)
			AfterProcessingInitializeOnLoad (1ms)
			EditorAssembliesLoaded (0ms)
		ExecutionOrderSort2 (0ms)
		AwakeInstancesAfterBackupRestoration (9ms)
Refreshing native plugins compatible for Editor in 1.09 ms, found 5 plugins.
Preloading 0 native plugins for Editor in 0.00 ms.
Unloading 14 Unused Serialized files (Serialized files now loaded: 0)
Unloading 6595 unused Assets / (3.4 MB). Loaded Objects now: 7503.
Memory consumption went from 155.0 MB to 151.6 MB.
Total: 8.100416 ms (FindLiveObjects: 0.396708 ms CreateObjectMapping: 0.314042 ms MarkObjects: 5.348708 ms  DeleteObjects: 2.040167 ms)

Prepare: number of updated asset objects reloaded= 0
========================================================================
Received Prepare
Refreshing native plugins compatible for Editor in 1.52 ms, found 5 plugins.
Preloading 0 native plugins for Editor in 0.00 ms.
Unloading 14 Unused Serialized files (Serialized files now loaded: 0)
Unloading 6576 unused Assets / (4.0 MB). Loaded Objects now: 7503.
Memory consumption went from 148.1 MB to 144.1 MB.
Total: 7.235375 ms (FindLiveObjects: 0.407167 ms CreateObjectMapping: 0.227583 ms MarkObjects: 4.784292 ms  DeleteObjects: 1.815791 ms)

Prepare: number of updated asset objects reloaded= 0
========================================================================
Received Prepare
Begin MonoManager ReloadAssembly
Thread 0x17f307000 may have been prematurely finalized
- Loaded All Assemblies, in  0.669 seconds
Refreshing native plugins compatible for Editor in 0.81 ms, found 5 plugins.
Native extension for LinuxStandalone target not found
Native extension for iOS target not found
Native extension for Android target not found
Native extension for OSXStandalone target not found
Native extension for WebGL target not found
Mono: successfully reloaded assembly
- Finished resetting the current domain, in  0.817 seconds
Domain Reload Profiling: 1488ms
	BeginReloadAssembly (162ms)
		ExecutionOrderSort (0ms)
		DisableScriptedObjects (5ms)
		BackupInstance (0ms)
		ReleaseScriptingObjects (0ms)
		CreateAndSetChildDomain (74ms)
	RebuildCommonClasses (41ms)
	RebuildNativeTypeToScriptingClass (13ms)
	initialDomainReloadingComplete (22ms)
	LoadAllAssembliesAndSetupDomain (433ms)
		LoadAssemblies (281ms)
		RebuildTransferFunctionScriptingTraits (0ms)
		AnalyzeDomain (197ms)
			TypeCache.Refresh (14ms)
				TypeCache.ScanAssembly (2ms)
			BuildScriptInfoCaches (167ms)
			ResolveRequiredComponents (14ms)
	FinalizeReload (817ms)
		ReleaseScriptCaches (0ms)
		RebuildScriptCaches (0ms)
		SetupLoadedEditorAssemblies (623ms)
			LogAssemblyErrors (0ms)
			InitializePlatformSupportModulesInManaged (43ms)
			SetLoadedEditorAssemblies (6ms)
			BeforeProcessingInitializeOnLoad (118ms)
			ProcessInitializeOnLoadAttributes (405ms)
			ProcessInitializeOnLoadMethodAttributes (50ms)
			AfterProcessingInitializeOnLoad (1ms)
			EditorAssembliesLoaded (0ms)
		ExecutionOrderSort2 (0ms)
		AwakeInstancesAfterBackupRestoration (8ms)
Refreshing native plugins compatible for Editor in 1.02 ms, found 5 plugins.
Preloading 0 native plugins for Editor in 0.00 ms.
Unloading 14 Unused Serialized files (Serialized files now loaded: 0)
Unloading 6595 unused Assets / (4.2 MB). Loaded Objects now: 7505.
Memory consumption went from 155.0 MB to 150.8 MB.
Total: 7.389875 ms (FindLiveObjects: 0.372917 ms CreateObjectMapping: 0.308167 ms MarkObjects: 4.917458 ms  DeleteObjects: 1.790625 ms)

Prepare: number of updated asset objects reloaded= 0
========================================================================
Received Prepare
Refreshing native plugins compatible for Editor in 1.14 ms, found 5 plugins.
Preloading 0 native plugins for Editor in 0.00 ms.
Unloading 14 Unused Serialized files (Serialized files now loaded: 0)
Unloading 6576 unused Assets / (4.1 MB). Loaded Objects now: 7505.
Memory consumption went from 148.1 MB to 144.0 MB.
Total: 7.423083 ms (FindLiveObjects: 0.392958 ms CreateObjectMapping: 0.217458 ms MarkObjects: 4.919500 ms  DeleteObjects: 1.892458 ms)

Prepare: number of updated asset objects reloaded= 0
========================================================================
Received Prepare
Begin MonoManager ReloadAssembly
Thread 0x17f307000 may have been prematurely finalized
- Loaded All Assemblies, in  0.646 seconds
Refreshing native plugins compatible for Editor in 1.00 ms, found 5 plugins.
Native extension for LinuxStandalone target not found
Native extension for iOS target not found
Native extension for Android target not found
Native extension for OSXStandalone target not found
Native extension for WebGL target not found
Mono: successfully reloaded assembly
- Finished resetting the current domain, in  0.820 seconds
Domain Reload Profiling: 1469ms
	BeginReloadAssembly (160ms)
		ExecutionOrderSort (0ms)
		DisableScriptedObjects (5ms)
		BackupInstance (0ms)
		ReleaseScriptingObjects (0ms)
		CreateAndSetChildDomain (75ms)
	RebuildCommonClasses (41ms)
	RebuildNativeTypeToScriptingClass (14ms)
	initialDomainReloadingComplete (22ms)
	LoadAllAssembliesAndSetupDomain (412ms)
		LoadAssemblies (257ms)
		RebuildTransferFunctionScriptingTraits (0ms)
		AnalyzeDomain (198ms)
			TypeCache.Refresh (13ms)
				TypeCache.ScanAssembly (2ms)
			BuildScriptInfoCaches (169ms)
			ResolveRequiredComponents (14ms)
	FinalizeReload (821ms)
		ReleaseScriptCaches (0ms)
		RebuildScriptCaches (0ms)
		SetupLoadedEditorAssemblies (625ms)
			LogAssemblyErrors (0ms)
			InitializePlatformSupportModulesInManaged (46ms)
			SetLoadedEditorAssemblies (6ms)
			BeforeProcessingInitializeOnLoad (123ms)
			ProcessInitializeOnLoadAttributes (398ms)
			ProcessInitializeOnLoadMethodAttributes (51ms)
			AfterProcessingInitializeOnLoad (1ms)
			EditorAssembliesLoaded (0ms)
		ExecutionOrderSort2 (0ms)
		AwakeInstancesAfterBackupRestoration (8ms)
Refreshing native plugins compatible for Editor in 1.02 ms, found 5 plugins.
Preloading 0 native plugins for Editor in 0.00 ms.
Unloading 14 Unused Serialized files (Serialized files now loaded: 0)
Unloading 6595 unused Assets / (4.3 MB). Loaded Objects now: 7507.
Memory consumption went from 155.0 MB to 150.7 MB.
Total: 7.426750 ms (FindLiveObjects: 0.369916 ms CreateObjectMapping: 0.305417 ms MarkObjects: 4.960708 ms  DeleteObjects: 1.789792 ms)

Prepare: number of updated asset objects reloaded= 0
========================================================================
Received Prepare
Refreshing native plugins compatible for Editor in 1.37 ms, found 5 plugins.
Preloading 0 native plugins for Editor in 0.00 ms.
Unloading 14 Unused Serialized files (Serialized files now loaded: 0)
Unloading 6576 unused Assets / (4.3 MB). Loaded Objects now: 7507.
Memory consumption went from 148.1 MB to 143.7 MB.
Total: 7.282125 ms (FindLiveObjects: 0.399666 ms CreateObjectMapping: 0.220959 ms MarkObjects: 4.825000 ms  DeleteObjects: 1.836083 ms)

Prepare: number of updated asset objects reloaded= 0
========================================================================
Received Prepare
Refreshing native plugins compatible for Editor in 1.16 ms, found 5 plugins.
Preloading 0 native plugins for Editor in 0.00 ms.
Unloading 14 Unused Serialized files (Serialized files now loaded: 0)
Unloading 6576 unused Assets / (3.9 MB). Loaded Objects now: 7507.
Memory consumption went from 148.1 MB to 144.2 MB.
Total: 7.144917 ms (FindLiveObjects: 0.387000 ms CreateObjectMapping: 0.217417 ms MarkObjects: 4.802000 ms  DeleteObjects: 1.738083 ms)

Prepare: number of updated asset objects reloaded= 0
========================================================================
Received Prepare
Begin MonoManager ReloadAssembly
Thread 0x17f393000 may have been prematurely finalized
- Loaded All Assemblies, in  0.623 seconds
Refreshing native plugins compatible for Editor in 0.99 ms, found 5 plugins.
Native extension for LinuxStandalone target not found
Native extension for iOS target not found
Native extension for Android target not found
Native extension for OSXStandalone target not found
Native extension for WebGL target not found
Mono: successfully reloaded assembly
- Finished resetting the current domain, in  0.802 seconds
Domain Reload Profiling: 1427ms
	BeginReloadAssembly (157ms)
		ExecutionOrderSort (0ms)
		DisableScriptedObjects (5ms)
		BackupInstance (0ms)
		ReleaseScriptingObjects (0ms)
		CreateAndSetChildDomain (70ms)
	RebuildCommonClasses (41ms)
	RebuildNativeTypeToScriptingClass (14ms)
	initialDomainReloadingComplete (23ms)
	LoadAllAssembliesAndSetupDomain (391ms)
		LoadAssemblies (249ms)
		RebuildTransferFunctionScriptingTraits (0ms)
		AnalyzeDomain (188ms)
			TypeCache.Refresh (8ms)
				TypeCache.ScanAssembly (0ms)
			BuildScriptInfoCaches (163ms)
			ResolveRequiredComponents (15ms)
	FinalizeReload (802ms)
		ReleaseScriptCaches (0ms)
		RebuildScriptCaches (0ms)
		SetupLoadedEditorAssemblies (609ms)
			LogAssemblyErrors (0ms)
			InitializePlatformSupportModulesInManaged (42ms)
			SetLoadedEditorAssemblies (6ms)
			BeforeProcessingInitializeOnLoad (119ms)
			ProcessInitializeOnLoadAttributes (391ms)
			ProcessInitializeOnLoadMethodAttributes (50ms)
			AfterProcessingInitializeOnLoad (1ms)
			EditorAssembliesLoaded (0ms)
		ExecutionOrderSort2 (0ms)
		AwakeInstancesAfterBackupRestoration (8ms)
Refreshing native plugins compatible for Editor in 0.93 ms, found 5 plugins.
Preloading 0 native plugins for Editor in 0.00 ms.
Unloading 14 Unused Serialized files (Serialized files now loaded: 0)
Unloading 6595 unused Assets / (4.1 MB). Loaded Objects now: 7509.
Memory consumption went from 155.0 MB to 150.8 MB.
Total: 7.467458 ms (FindLiveObjects: 0.411917 ms CreateObjectMapping: 0.306833 ms MarkObjects: 4.953125 ms  DeleteObjects: 1.795083 ms)

Prepare: number of updated asset objects reloaded= 0
========================================================================
Received Prepare
Begin MonoManager ReloadAssembly
Thread 0x17f393000 may have been prematurely finalized
- Loaded All Assemblies, in  0.637 seconds
Refreshing native plugins compatible for Editor in 0.82 ms, found 5 plugins.
Native extension for LinuxStandalone target not found
Native extension for iOS target not found
Native extension for Android target not found
Native extension for OSXStandalone target not found
Native extension for WebGL target not found
Mono: successfully reloaded assembly
- Finished resetting the current domain, in  0.822 seconds
Domain Reload Profiling: 1462ms
	BeginReloadAssembly (160ms)
		ExecutionOrderSort (0ms)
		DisableScriptedObjects (5ms)
		BackupInstance (0ms)
		ReleaseScriptingObjects (0ms)
		CreateAndSetChildDomain (75ms)
	RebuildCommonClasses (40ms)
	RebuildNativeTypeToScriptingClass (13ms)
	initialDomainReloadingComplete (21ms)
	LoadAllAssembliesAndSetupDomain (405ms)
		LoadAssemblies (262ms)
		RebuildTransferFunctionScriptingTraits (0ms)
		AnalyzeDomain (186ms)
			TypeCache.Refresh (8ms)
				TypeCache.ScanAssembly (0ms)
			BuildScriptInfoCaches (161ms)
			ResolveRequiredComponents (14ms)
	FinalizeReload (823ms)
		ReleaseScriptCaches (0ms)
		RebuildScriptCaches (0ms)
		SetupLoadedEditorAssemblies (618ms)
			LogAssemblyErrors (0ms)
			InitializePlatformSupportModulesInManaged (44ms)
			SetLoadedEditorAssemblies (6ms)
			BeforeProcessingInitializeOnLoad (118ms)
			ProcessInitializeOnLoadAttributes (397ms)
			ProcessInitializeOnLoadMethodAttributes (53ms)
			AfterProcessingInitializeOnLoad (1ms)
			EditorAssembliesLoaded (0ms)
		ExecutionOrderSort2 (0ms)
		AwakeInstancesAfterBackupRestoration (8ms)
Refreshing native plugins compatible for Editor in 0.89 ms, found 5 plugins.
Preloading 0 native plugins for Editor in 0.00 ms.
Unloading 14 Unused Serialized files (Serialized files now loaded: 0)
Unloading 6595 unused Assets / (4.3 MB). Loaded Objects now: 7511.
Memory consumption went from 155.0 MB to 150.6 MB.
Total: 7.926667 ms (FindLiveObjects: 0.475417 ms CreateObjectMapping: 0.297583 ms MarkObjects: 5.201917 ms  DeleteObjects: 1.951209 ms)

Prepare: number of updated asset objects reloaded= 0
========================================================================
Received Prepare
Refreshing native plugins compatible for Editor in 1.23 ms, found 5 plugins.
Preloading 0 native plugins for Editor in 0.00 ms.
Unloading 14 Unused Serialized files (Serialized files now loaded: 0)
Unloading 6574 unused Assets / (4.0 MB). Loaded Objects now: 7509.
Memory consumption went from 148.1 MB to 144.1 MB.
Total: 7.222667 ms (FindLiveObjects: 0.392250 ms CreateObjectMapping: 0.211667 ms MarkObjects: 4.888000 ms  DeleteObjects: 1.730208 ms)

Prepare: number of updated asset objects reloaded= 0
========================================================================
Received Prepare
Begin MonoManager ReloadAssembly
Thread 0x17f393000 may have been prematurely finalized
- Loaded All Assemblies, in  0.617 seconds
Refreshing native plugins compatible for Editor in 0.82 ms, found 5 plugins.
Native extension for LinuxStandalone target not found
Native extension for iOS target not found
Native extension for Android target not found
Native extension for OSXStandalone target not found
Native extension for WebGL target not found
Mono: successfully reloaded assembly
- Finished resetting the current domain, in  0.816 seconds
Domain Reload Profiling: 1436ms
	BeginReloadAssembly (157ms)
		ExecutionOrderSort (0ms)
		DisableScriptedObjects (5ms)
		BackupInstance (0ms)
		ReleaseScriptingObjects (0ms)
		CreateAndSetChildDomain (74ms)
	RebuildCommonClasses (40ms)
	RebuildNativeTypeToScriptingClass (13ms)
	initialDomainReloadingComplete (21ms)
	LoadAllAssembliesAndSetupDomain (388ms)
		LoadAssemblies (239ms)
		RebuildTransferFunctionScriptingTraits (0ms)
		AnalyzeDomain (191ms)
			TypeCache.Refresh (12ms)
				TypeCache.ScanAssembly (2ms)
			BuildScriptInfoCaches (162ms)
			ResolveRequiredComponents (14ms)
	FinalizeReload (817ms)
		ReleaseScriptCaches (0ms)
		RebuildScriptCaches (0ms)
		SetupLoadedEditorAssemblies (614ms)
			LogAssemblyErrors (0ms)
			InitializePlatformSupportModulesInManaged (43ms)
			SetLoadedEditorAssemblies (6ms)
			BeforeProcessingInitializeOnLoad (119ms)
			ProcessInitializeOnLoadAttributes (394ms)
			ProcessInitializeOnLoadMethodAttributes (51ms)
			AfterProcessingInitializeOnLoad (1ms)
			EditorAssembliesLoaded (0ms)
		ExecutionOrderSort2 (0ms)
		AwakeInstancesAfterBackupRestoration (8ms)
Refreshing native plugins compatible for Editor in 0.92 ms, found 5 plugins.
Preloading 0 native plugins for Editor in 0.00 ms.
Unloading 14 Unused Serialized files (Serialized files now loaded: 0)
Unloading 6593 unused Assets / (4.3 MB). Loaded Objects now: 7511.
Memory consumption went from 155.0 MB to 150.7 MB.
Total: 8.004708 ms (FindLiveObjects: 0.417125 ms CreateObjectMapping: 0.300333 ms MarkObjects: 5.361208 ms  DeleteObjects: 1.925375 ms)

Prepare: number of updated asset objects reloaded= 0
