Unity Editor version:    6000.0.37f1 (090b7797214c)
Branch:                  6000.0/staging
Build type:              Release
Batch mode:              YES
macOS version:           Version 13.3.1 (Build 22E261)
Darwin version:          22.4.0
Architecture:            arm64
Running under Rosetta:   NO
Available memory:        32768 MB
Using pre-set license
Pro License: YES

COMMAND LINE ARGUMENTS:
/Applications/Unity/Hub/Editor/6000.0.37f1/Unity.app/Contents/MacOS/Unity
-adb2
-batchMode
-noUpm
-name
AssetImportWorker0
-projectPath
/Users/kenshin/hackathon0607/Project
-logFile
Logs/AssetImportWorker0.log
-srvPort
58812
-job-worker-count
4
-background-job-worker-count
8
-gc-helper-count
1
Successfully changed project path to: /Users/kenshin/hackathon0607/Project
/Users/kenshin/hackathon0607/Project
[UnityMemory] Configuration Parameters - Can be set up in boot.config
    "memorysetup-bucket-allocator-granularity=16"
    "memorysetup-bucket-allocator-bucket-count=8"
    "memorysetup-bucket-allocator-block-size=33554432"
    "memorysetup-bucket-allocator-block-count=8"
    "memorysetup-main-allocator-block-size=16777216"
    "memorysetup-thread-allocator-block-size=16777216"
    "memorysetup-gfx-main-allocator-block-size=16777216"
    "memorysetup-gfx-thread-allocator-block-size=16777216"
    "memorysetup-cache-allocator-block-size=4194304"
    "memorysetup-typetree-allocator-block-size=2097152"
    "memorysetup-profiler-bucket-allocator-granularity=16"
    "memorysetup-profiler-bucket-allocator-bucket-count=8"
    "memorysetup-profiler-bucket-allocator-block-size=33554432"
    "memorysetup-profiler-bucket-allocator-block-count=8"
    "memorysetup-profiler-allocator-block-size=16777216"
    "memorysetup-profiler-editor-allocator-block-size=1048576"
    "memorysetup-temp-allocator-size-main=16777216"
    "memorysetup-job-temp-allocator-block-size=2097152"
    "memorysetup-job-temp-allocator-block-size-background=1048576"
    "memorysetup-job-temp-allocator-reduction-small-platforms=262144"
    "memorysetup-allocator-temp-initial-block-size-main=262144"
    "memorysetup-allocator-temp-initial-block-size-worker=262144"
    "memorysetup-temp-allocator-size-background-worker=32768"
    "memorysetup-temp-allocator-size-job-worker=262144"
    "memorysetup-temp-allocator-size-preload-manager=33554432"
    "memorysetup-temp-allocator-size-nav-mesh-worker=65536"
    "memorysetup-temp-allocator-size-audio-worker=65536"
    "memorysetup-temp-allocator-size-cloud-worker=32768"
    "memorysetup-temp-allocator-size-gi-baking-worker=262144"
    "memorysetup-temp-allocator-size-gi-baking-worker=262144"
    "memorysetup-temp-allocator-size-gi-baking-worker=262144"
    "memorysetup-temp-allocator-size-gi-baking-worker=262144"
    "memorysetup-temp-allocator-size-gi-baking-worker=262144"
    "memorysetup-temp-allocator-size-gfx=262144"
Player connection [8473385792]  Target information:

Player connection [8473385792]  * "[IP] 192.168.11.59 [Port] 0 [Flags] 2 [Guid] 2751098914 [EditorId] 2751098914 [Version] 1048832 [Id] OSXEditor(0,RyoNakanishinoMacBook-Pro.local) [Debug] 1 [PackageName] OSXEditor [ProjectName] Editor" 

Player connection [8473385792] Host joined multi-casting on [225.0.0.222:54997]...
Player connection [8473385792] Host joined alternative multi-casting on [225.0.0.222:34997]...
JobSystem: Creating JobQueue using job-worker-count value 4
Input System module state changed to: Initialized.
[Physics::Module] Initialized fallback backend.
[Physics::Module] Id: 0xdecafbad
Library Redirect Path: Library/
[Physics::Module] Selected backend.
[Physics::Module] Name: PhysX
[Physics::Module] Id: 0xf2b8ea05
[Physics::Module] SDK Version: 4.1.2
[Physics::Module] Integration Version: 1.0.0
[Physics::Module] Threading Mode: Multi-Threaded
Refreshing native plugins compatible for Editor in 1.37 ms, found 5 plugins.
Preloading 0 native plugins for Editor in 0.00 ms.
Initialize engine version: 6000.0.37f1 (090b7797214c)
[Subsystems] Discovering subsystems at path /Applications/Unity/Hub/Editor/6000.0.37f1/Unity.app/Contents/Resources/UnitySubsystems
[Subsystems] Discovering subsystems at path /Users/kenshin/hackathon0607/Project/Assets
GfxDevice: creating device client; kGfxThreadingModeNonThreaded
 preferred device: Apple M1 Pro (high power)
Metal devices available: 1
0: Apple M1 Pro (high power)
Using device Apple M1 Pro (high power)
Initializing Metal device caps: Apple M1 Pro
Initialize mono
Mono path[0] = '/Applications/Unity/Hub/Editor/6000.0.37f1/Unity.app/Contents/Managed'
Mono path[1] = '/Applications/Unity/Hub/Editor/6000.0.37f1/Unity.app/Contents/MonoBleedingEdge/lib/mono/unityjit-macos'
Mono config path = '/Applications/Unity/Hub/Editor/6000.0.37f1/Unity.app/Contents/MonoBleedingEdge/etc'
Using monoOptions --debugger-agent=transport=dt_socket,embedding=1,server=y,suspend=n,address=127.0.0.1:56301
Begin MonoManager ReloadAssembly
Registering precompiled unity dll's ...
Register platform support module: /Applications/Unity/Hub/Editor/6000.0.37f1/PlaybackEngines/WebGLSupport/UnityEditor.WebGL.Extensions.dll
Register platform support module: /Applications/Unity/Hub/Editor/6000.0.37f1/Unity.app/Contents/PlaybackEngines/MacStandaloneSupport/UnityEditor.OSXStandalone.Extensions.dll
Register platform support module: /Applications/Unity/Hub/Editor/6000.0.37f1/PlaybackEngines/AndroidPlayer/UnityEditor.Android.Extensions.dll
Register platform support module: /Applications/Unity/Hub/Editor/6000.0.37f1/PlaybackEngines/iOSSupport/UnityEditor.iOS.Extensions.dll
Register platform support module: /Applications/Unity/Hub/Editor/6000.0.37f1/PlaybackEngines/LinuxStandaloneSupport/UnityEditor.LinuxStandalone.Extensions.dll
Registered in 0.002113 seconds.
- Loaded All Assemblies, in  0.303 seconds
Native extension for LinuxStandalone target not found
[usbmuxd] Start listen thread
[usbmuxd] Listen thread started
[usbmuxd] Send listen message
Native extension for iOS target not found
Native extension for Android target not found
Android Extension - Scanning For ADB Devices 67 ms
Native extension for OSXStandalone target not found
Native extension for WebGL target not found
Mono: successfully reloaded assembly
- Finished resetting the current domain, in  0.523 seconds
Domain Reload Profiling: 825ms
	BeginReloadAssembly (61ms)
		ExecutionOrderSort (0ms)
		DisableScriptedObjects (0ms)
		BackupInstance (0ms)
		ReleaseScriptingObjects (0ms)
		CreateAndSetChildDomain (1ms)
	RebuildCommonClasses (33ms)
	RebuildNativeTypeToScriptingClass (12ms)
	initialDomainReloadingComplete (41ms)
	LoadAllAssembliesAndSetupDomain (155ms)
		LoadAssemblies (61ms)
		RebuildTransferFunctionScriptingTraits (0ms)
		AnalyzeDomain (152ms)
			TypeCache.Refresh (150ms)
				TypeCache.ScanAssembly (137ms)
			BuildScriptInfoCaches (0ms)
			ResolveRequiredComponents (1ms)
	FinalizeReload (523ms)
		ReleaseScriptCaches (0ms)
		RebuildScriptCaches (0ms)
		SetupLoadedEditorAssemblies (478ms)
			LogAssemblyErrors (0ms)
			InitializePlatformSupportModulesInManaged (258ms)
			SetLoadedEditorAssemblies (4ms)
			BeforeProcessingInitializeOnLoad (47ms)
			ProcessInitializeOnLoadAttributes (109ms)
			ProcessInitializeOnLoadMethodAttributes (59ms)
			AfterProcessingInitializeOnLoad (0ms)
			EditorAssembliesLoaded (0ms)
		ExecutionOrderSort2 (0ms)
		AwakeInstancesAfterBackupRestoration (0ms)
========================================================================
Worker process is ready to serve import requests
Import Worker Mode flag is 0x00
Begin MonoManager ReloadAssembly
- Loaded All Assemblies, in  0.630 seconds
Refreshing native plugins compatible for Editor in 0.90 ms, found 5 plugins.
Native extension for LinuxStandalone target not found
Native extension for iOS target not found
Native extension for Android target not found
Native extension for OSXStandalone target not found
Native extension for WebGL target not found
Mono: successfully reloaded assembly
- Finished resetting the current domain, in  0.779 seconds
Domain Reload Profiling: 1409ms
	BeginReloadAssembly (108ms)
		ExecutionOrderSort (0ms)
		DisableScriptedObjects (4ms)
		BackupInstance (0ms)
		ReleaseScriptingObjects (0ms)
		CreateAndSetChildDomain (35ms)
	RebuildCommonClasses (35ms)
	RebuildNativeTypeToScriptingClass (12ms)
	initialDomainReloadingComplete (32ms)
	LoadAllAssembliesAndSetupDomain (442ms)
		LoadAssemblies (222ms)
		RebuildTransferFunctionScriptingTraits (0ms)
		AnalyzeDomain (264ms)
			TypeCache.Refresh (206ms)
				TypeCache.ScanAssembly (186ms)
			BuildScriptInfoCaches (42ms)
			ResolveRequiredComponents (14ms)
	FinalizeReload (780ms)
		ReleaseScriptCaches (0ms)
		RebuildScriptCaches (0ms)
		SetupLoadedEditorAssemblies (642ms)
			LogAssemblyErrors (0ms)
			InitializePlatformSupportModulesInManaged (43ms)
			SetLoadedEditorAssemblies (4ms)
			BeforeProcessingInitializeOnLoad (109ms)
			ProcessInitializeOnLoadAttributes (418ms)
			ProcessInitializeOnLoadMethodAttributes (67ms)
			AfterProcessingInitializeOnLoad (1ms)
			EditorAssembliesLoaded (0ms)
		ExecutionOrderSort2 (0ms)
		AwakeInstancesAfterBackupRestoration (2ms)
Launching external process: /Applications/Unity/Hub/Editor/6000.0.37f1/Unity.app/Contents/Tools/UnityShaderCompiler
Launched and connected shader compiler UnityShaderCompiler after 0.07 seconds
Refreshing native plugins compatible for Editor in 0.99 ms, found 5 plugins.
Preloading 0 native plugins for Editor in 0.00 ms.
Unloading 223 Unused Serialized files (Serialized files now loaded: 0)
Unloading 6596 unused Assets / (4.8 MB). Loaded Objects now: 7311.
Memory consumption went from 169.7 MB to 164.8 MB.
Total: 8.786792 ms (FindLiveObjects: 0.482958 ms CreateObjectMapping: 0.228958 ms MarkObjects: 5.075584 ms  DeleteObjects: 2.998667 ms)

========================================================================
Received Import Request.
  Time since last request: 52760.205743 seconds.
  path: Assets/Scripts/Sound/maou_se_chime14.mp3
  artifactKey: Guid(4084af5acc4be51479cf27cfa980be95) Importer(815301076,1909f56bfc062723c751e8b465ee728b)
Start importing Assets/Scripts/Sound/maou_se_chime14.mp3 using Guid(4084af5acc4be51479cf27cfa980be95) Importer(815301076,1909f56bfc062723c751e8b465ee728b) (PreviewImporter) -> (artifact id: '6968c0789330b1cf0a6e62eed018de7d') in 0.074801917 seconds
Number of updated asset objects reloaded before import = 0Number of asset objects unloaded after import = 2

========================================================================
Received Import Request.
  Time since last request: 0.000421 seconds.
  path: Assets/Scripts/Sound/平穏な日々.mp3
  artifactKey: Guid(38e3a88de20fc4a438a76ea65c1cdfdd) Importer(815301076,1909f56bfc062723c751e8b465ee728b)
Start importing Assets/Scripts/Sound/平穏な日々.mp3 using Guid(38e3a88de20fc4a438a76ea65c1cdfdd) Importer(815301076,1909f56bfc062723c751e8b465ee728b) (PreviewImporter) -> (artifact id: 'f3b89d2856c8b4a460d4851f677dc9ac') in 0.005559833 seconds
Number of updated asset objects reloaded before import = 0Number of asset objects unloaded after import = 2

========================================================================
Received Import Request.
  Time since last request: 0.000049 seconds.
  path: Assets/Scripts/Sound/maou_se_onepoint07.mp3
  artifactKey: Guid(426ea4491b22ffd439390365bc7d5570) Importer(815301076,1909f56bfc062723c751e8b465ee728b)
Start importing Assets/Scripts/Sound/maou_se_onepoint07.mp3 using Guid(426ea4491b22ffd439390365bc7d5570) Importer(815301076,1909f56bfc062723c751e8b465ee728b) (PreviewImporter) -> (artifact id: '3548814b749ad0f4c3934ee578144366') in 0.005090208 seconds
Number of updated asset objects reloaded before import = 0Number of asset objects unloaded after import = 2

========================================================================
Received Import Request.
  Time since last request: 0.000066 seconds.
  path: Assets/Scripts/Sound/maou_se_onepoint31.mp3
  artifactKey: Guid(2ca2b74b432b60f45bc8d80a9830b783) Importer(815301076,1909f56bfc062723c751e8b465ee728b)
Start importing Assets/Scripts/Sound/maou_se_onepoint31.mp3 using Guid(2ca2b74b432b60f45bc8d80a9830b783) Importer(815301076,1909f56bfc062723c751e8b465ee728b) (PreviewImporter) -> (artifact id: '646033f0b553ca3d995c27a3810c1c21') in 0.005317834 seconds
Number of updated asset objects reloaded before import = 0Number of asset objects unloaded after import = 2

========================================================================
Received Import Request.
  Time since last request: 0.000041 seconds.
  path: Assets/Scripts/Sound/Anime_Motion11-1(Low).mp3
  artifactKey: Guid(9d4af5248e9ea1443b8629d2c93c6e3c) Importer(815301076,1909f56bfc062723c751e8b465ee728b)
Start importing Assets/Scripts/Sound/Anime_Motion11-1(Low).mp3 using Guid(9d4af5248e9ea1443b8629d2c93c6e3c) Importer(815301076,1909f56bfc062723c751e8b465ee728b) (PreviewImporter) -> (artifact id: '4bb818522549ae5a18277b98fbd19301') in 0.004619042 seconds
Number of updated asset objects reloaded before import = 0Number of asset objects unloaded after import = 2

========================================================================
Received Import Request.
  Time since last request: 452.511144 seconds.
  path: Assets/Scripts/GameSystem/HumanPlayerCharacter.cs
  artifactKey: Guid(401d042531294b345b8d6e25e1e58a04) Importer(815301076,1909f56bfc062723c751e8b465ee728b)
Start importing Assets/Scripts/GameSystem/HumanPlayerCharacter.cs using Guid(401d042531294b345b8d6e25e1e58a04) Importer(815301076,1909f56bfc062723c751e8b465ee728b) (PreviewImporter) -> (artifact id: '4932c8895a3c9baa4c75dcb651e240b5') in 0.000473291 seconds
Number of updated asset objects reloaded before import = 0Number of asset objects unloaded after import = 0

========================================================================
Received Import Request.
  Time since last request: 1878.132462 seconds.
  path: Assets/Scripts/UI/InGame/Body
  artifactKey: Guid(2b21db85d1bdd4695b15dccb4d08715c) Importer(815301076,1909f56bfc062723c751e8b465ee728b)
Start importing Assets/Scripts/UI/InGame/Body using Guid(2b21db85d1bdd4695b15dccb4d08715c) Importer(815301076,1909f56bfc062723c751e8b465ee728b) (PreviewImporter) -> (artifact id: '7a89b5ab7cac71e83b9b9c741d650aac') in 0.000953708 seconds
Number of updated asset objects reloaded before import = 0Number of asset objects unloaded after import = 0

========================================================================
Received Import Request.
  Time since last request: 1.921280 seconds.
  path: Assets/Scripts/UI/InGame/AnswerElement.cs
  artifactKey: Guid(413d8c1e467f64f78b647e9ffefa57eb) Importer(815301076,1909f56bfc062723c751e8b465ee728b)
Start importing Assets/Scripts/UI/InGame/AnswerElement.cs using Guid(413d8c1e467f64f78b647e9ffefa57eb) Importer(815301076,1909f56bfc062723c751e8b465ee728b) (PreviewImporter) -> (artifact id: '365bab95555abd3b07d0516045d831b3') in 0.00039725 seconds
Number of updated asset objects reloaded before import = 0Number of asset objects unloaded after import = 0

========================================================================
Received Import Request.
  Time since last request: 0.998889 seconds.
  path: Assets/Scripts/UI/InGame/UIPresenter.cs
  artifactKey: Guid(659f5a15aee7247df848fee797f9cd9b) Importer(815301076,1909f56bfc062723c751e8b465ee728b)
Start importing Assets/Scripts/UI/InGame/UIPresenter.cs using Guid(659f5a15aee7247df848fee797f9cd9b) Importer(815301076,1909f56bfc062723c751e8b465ee728b) (PreviewImporter) -> (artifact id: 'b2f3c404cfb6b2c2fd9d99218548c837') in 0.000369209 seconds
Number of updated asset objects reloaded before import = 0Number of asset objects unloaded after import = 0

========================================================================
Received Import Request.
  Time since last request: 0.485845 seconds.
  path: Assets/Scripts/UI/InGame/VoteUIPresenter.cs
  artifactKey: Guid(f766429a0594ca94d819b49b725da287) Importer(815301076,1909f56bfc062723c751e8b465ee728b)
Start importing Assets/Scripts/UI/InGame/VoteUIPresenter.cs using Guid(f766429a0594ca94d819b49b725da287) Importer(815301076,1909f56bfc062723c751e8b465ee728b) (PreviewImporter) -> (artifact id: '52574979a9550474cd4bddf9228ba35e') in 0.000403292 seconds
Number of updated asset objects reloaded before import = 0Number of asset objects unloaded after import = 0

========================================================================
Received Import Request.
  Time since last request: 3.944181 seconds.
  path: Assets/Scripts/UI/InGame/Header/UIPresenter_Header.cs
  artifactKey: Guid(ef3fc22612a9b4279ab3e467ce775547) Importer(815301076,1909f56bfc062723c751e8b465ee728b)
Start importing Assets/Scripts/UI/InGame/Header/UIPresenter_Header.cs using Guid(ef3fc22612a9b4279ab3e467ce775547) Importer(815301076,1909f56bfc062723c751e8b465ee728b) (PreviewImporter) -> (artifact id: 'e923a67abb494f46932ade9c37884792') in 0.000389166 seconds
Number of updated asset objects reloaded before import = 0Number of asset objects unloaded after import = 0

========================================================================
Received Import Request.
  Time since last request: 0.548359 seconds.
  path: Assets/Scripts/UI/InGame/Header/UIPresenter_Body.cs
  artifactKey: Guid(9321ba571512b412fb6b142104f6990e) Importer(815301076,1909f56bfc062723c751e8b465ee728b)
Start importing Assets/Scripts/UI/InGame/Header/UIPresenter_Body.cs using Guid(9321ba571512b412fb6b142104f6990e) Importer(815301076,1909f56bfc062723c751e8b465ee728b) (PreviewImporter) -> (artifact id: '3d8426a52cdd7f0d24e4e4990a7634ca') in 0.000425833 seconds
Number of updated asset objects reloaded before import = 0Number of asset objects unloaded after import = 0

========================================================================
Received Prepare
Refreshing native plugins compatible for Editor in 0.99 ms, found 5 plugins.
Preloading 0 native plugins for Editor in 0.00 ms.
Unloading 14 Unused Serialized files (Serialized files now loaded: 0)
Unloading 6575 unused Assets / (4.5 MB). Loaded Objects now: 7323.
Memory consumption went from 132.9 MB to 128.4 MB.
Total: 8.357208 ms (FindLiveObjects: 0.382750 ms CreateObjectMapping: 0.265375 ms MarkObjects: 5.697625 ms  DeleteObjects: 2.011125 ms)

Prepare: number of updated asset objects reloaded= 0
========================================================================
Received Import Request.
  Time since last request: 2.432676 seconds.
  path: Assets/Scripts/UI/InGame/Body/UIPresenter_Body.cs
  artifactKey: Guid(9321ba571512b412fb6b142104f6990e) Importer(815301076,1909f56bfc062723c751e8b465ee728b)
Start importing Assets/Scripts/UI/InGame/Body/UIPresenter_Body.cs using Guid(9321ba571512b412fb6b142104f6990e) Importer(815301076,1909f56bfc062723c751e8b465ee728b) (PreviewImporter) -> (artifact id: 'b41051edba049b28c3a8f81569071437') in 0.000452791 seconds
Number of updated asset objects reloaded before import = 0Number of asset objects unloaded after import = 0

========================================================================
Received Prepare
Refreshing native plugins compatible for Editor in 0.87 ms, found 5 plugins.
Preloading 0 native plugins for Editor in 0.00 ms.
Unloading 14 Unused Serialized files (Serialized files now loaded: 0)
Unloading 6575 unused Assets / (3.9 MB). Loaded Objects now: 7323.
Memory consumption went from 132.9 MB to 129.0 MB.
Total: 7.639583 ms (FindLiveObjects: 0.426209 ms CreateObjectMapping: 0.292084 ms MarkObjects: 5.332416 ms  DeleteObjects: 1.588666 ms)

Prepare: number of updated asset objects reloaded= 0
========================================================================
Received Prepare
Begin MonoManager ReloadAssembly
Thread 0x2b4d57000 may have been prematurely finalized
- Loaded All Assemblies, in  0.598 seconds
Refreshing native plugins compatible for Editor in 0.93 ms, found 5 plugins.
Native extension for LinuxStandalone target not found
Native extension for iOS target not found
Native extension for Android target not found
Native extension for OSXStandalone target not found
Native extension for WebGL target not found
Mono: successfully reloaded assembly
- Finished resetting the current domain, in  0.782 seconds
Domain Reload Profiling: 1383ms
	BeginReloadAssembly (149ms)
		ExecutionOrderSort (0ms)
		DisableScriptedObjects (5ms)
		BackupInstance (0ms)
		ReleaseScriptingObjects (0ms)
		CreateAndSetChildDomain (66ms)
	RebuildCommonClasses (34ms)
	RebuildNativeTypeToScriptingClass (12ms)
	initialDomainReloadingComplete (21ms)
	LoadAllAssembliesAndSetupDomain (383ms)
		LoadAssemblies (252ms)
		RebuildTransferFunctionScriptingTraits (0ms)
		AnalyzeDomain (173ms)
			TypeCache.Refresh (13ms)
				TypeCache.ScanAssembly (1ms)
			BuildScriptInfoCaches (144ms)
			ResolveRequiredComponents (13ms)
	FinalizeReload (782ms)
		ReleaseScriptCaches (0ms)
		RebuildScriptCaches (0ms)
		SetupLoadedEditorAssemblies (589ms)
			LogAssemblyErrors (0ms)
			InitializePlatformSupportModulesInManaged (44ms)
			SetLoadedEditorAssemblies (5ms)
			BeforeProcessingInitializeOnLoad (106ms)
			ProcessInitializeOnLoadAttributes (388ms)
			ProcessInitializeOnLoadMethodAttributes (47ms)
			AfterProcessingInitializeOnLoad (1ms)
			EditorAssembliesLoaded (0ms)
		ExecutionOrderSort2 (0ms)
		AwakeInstancesAfterBackupRestoration (8ms)
Refreshing native plugins compatible for Editor in 1.20 ms, found 5 plugins.
Preloading 0 native plugins for Editor in 0.00 ms.
Unloading 23 Unused Serialized files (Serialized files now loaded: 0)
Unloading 6594 unused Assets / (4.2 MB). Loaded Objects now: 7336.
Memory consumption went from 157.4 MB to 153.1 MB.
Total: 7.591542 ms (FindLiveObjects: 0.344000 ms CreateObjectMapping: 0.291625 ms MarkObjects: 4.943000 ms  DeleteObjects: 2.012583 ms)

Prepare: number of updated asset objects reloaded= 0
========================================================================
Received Import Request.
  Time since last request: 17.211112 seconds.
  path: Assets/Scripts/UI/InGame/Utils
  artifactKey: Guid(7dc25e83dea0343d5b2e35d818e2f0eb) Importer(815301076,1909f56bfc062723c751e8b465ee728b)
Start importing Assets/Scripts/UI/InGame/Utils using Guid(7dc25e83dea0343d5b2e35d818e2f0eb) Importer(815301076,1909f56bfc062723c751e8b465ee728b) (PreviewImporter) -> (artifact id: 'ab93b8c8ce45a79ccc30bf8fc30df3ba') in 0.001404541 seconds
Number of updated asset objects reloaded before import = 0Number of asset objects unloaded after import = 0

========================================================================
Received Prepare
Refreshing native plugins compatible for Editor in 1.01 ms, found 5 plugins.
Preloading 0 native plugins for Editor in 0.00 ms.
Unloading 14 Unused Serialized files (Serialized files now loaded: 0)
Unloading 6575 unused Assets / (3.7 MB). Loaded Objects now: 7336.
Memory consumption went from 146.1 MB to 142.5 MB.
Total: 6.717709 ms (FindLiveObjects: 0.324875 ms CreateObjectMapping: 0.200417 ms MarkObjects: 4.647542 ms  DeleteObjects: 1.544458 ms)

Prepare: number of updated asset objects reloaded= 0
========================================================================
Received Import Request.
  Time since last request: 9.161691 seconds.
  path: Assets/Scripts/UI/InGame/Utils/CharacterIcon.cs
  artifactKey: Guid(2e8c016bb51114676bcdc97a4c297636) Importer(815301076,1909f56bfc062723c751e8b465ee728b)
Start importing Assets/Scripts/UI/InGame/Utils/CharacterIcon.cs using Guid(2e8c016bb51114676bcdc97a4c297636) Importer(815301076,1909f56bfc062723c751e8b465ee728b) (PreviewImporter) -> (artifact id: 'a53d8e7d767095fa9f253dc26e848121') in 0.000444625 seconds
Number of updated asset objects reloaded before import = 0Number of asset objects unloaded after import = 0

========================================================================
Received Prepare
Begin MonoManager ReloadAssembly
Thread 0x2aa4fb000 may have been prematurely finalized
- Loaded All Assemblies, in  0.556 seconds
Refreshing native plugins compatible for Editor in 0.94 ms, found 5 plugins.
Native extension for LinuxStandalone target not found
Native extension for iOS target not found
Native extension for Android target not found
Native extension for OSXStandalone target not found
Native extension for WebGL target not found
Mono: successfully reloaded assembly
- Finished resetting the current domain, in  0.729 seconds
Domain Reload Profiling: 1287ms
	BeginReloadAssembly (144ms)
		ExecutionOrderSort (0ms)
		DisableScriptedObjects (5ms)
		BackupInstance (0ms)
		ReleaseScriptingObjects (0ms)
		CreateAndSetChildDomain (62ms)
	RebuildCommonClasses (33ms)
	RebuildNativeTypeToScriptingClass (12ms)
	initialDomainReloadingComplete (19ms)
	LoadAllAssembliesAndSetupDomain (349ms)
		LoadAssemblies (225ms)
		RebuildTransferFunctionScriptingTraits (0ms)
		AnalyzeDomain (167ms)
			TypeCache.Refresh (12ms)
				TypeCache.ScanAssembly (1ms)
			BuildScriptInfoCaches (140ms)
			ResolveRequiredComponents (13ms)
	FinalizeReload (730ms)
		ReleaseScriptCaches (0ms)
		RebuildScriptCaches (0ms)
		SetupLoadedEditorAssemblies (564ms)
			LogAssemblyErrors (0ms)
			InitializePlatformSupportModulesInManaged (39ms)
			SetLoadedEditorAssemblies (4ms)
			BeforeProcessingInitializeOnLoad (107ms)
			ProcessInitializeOnLoadAttributes (369ms)
			ProcessInitializeOnLoadMethodAttributes (44ms)
			AfterProcessingInitializeOnLoad (1ms)
			EditorAssembliesLoaded (0ms)
		ExecutionOrderSort2 (0ms)
		AwakeInstancesAfterBackupRestoration (7ms)
Refreshing native plugins compatible for Editor in 0.92 ms, found 5 plugins.
Preloading 0 native plugins for Editor in 0.00 ms.
Unloading 14 Unused Serialized files (Serialized files now loaded: 0)
Unloading 6594 unused Assets / (3.8 MB). Loaded Objects now: 7338.
Memory consumption went from 155.6 MB to 151.9 MB.
Total: 7.024167 ms (FindLiveObjects: 0.321667 ms CreateObjectMapping: 0.259125 ms MarkObjects: 4.686709 ms  DeleteObjects: 1.756041 ms)

Prepare: number of updated asset objects reloaded= 0
========================================================================
Received Import Request.
  Time since last request: 14.802665 seconds.
  path: Assets/Scripts/UI/Title/Particle System.prefab
  artifactKey: Guid(3a49bc2124953574d918602e6e7c7f82) Importer(815301076,1909f56bfc062723c751e8b465ee728b)
Start importing Assets/Scripts/UI/Title/Particle System.prefab using Guid(3a49bc2124953574d918602e6e7c7f82) Importer(815301076,1909f56bfc062723c751e8b465ee728b) (PreviewImporter) -> (artifact id: 'a802e423b2181ebe675ae52e71df23de') in 0.4661795 seconds
Number of updated asset objects reloaded before import = 0Number of asset objects unloaded after import = 6

========================================================================
Received Import Request.
  Time since last request: 15.646629 seconds.
  path: Assets/Scripts/Nakanishi/RoleDistribution.cs
  artifactKey: Guid(67e62f67d991e46378b87e7630bc6620) Importer(815301076,1909f56bfc062723c751e8b465ee728b)
Start importing Assets/Scripts/Nakanishi/RoleDistribution.cs using Guid(67e62f67d991e46378b87e7630bc6620) Importer(815301076,1909f56bfc062723c751e8b465ee728b) (PreviewImporter) -> (artifact id: '5f25ae21a68269f6e4894aeb3dfdd066') in 0.000442 seconds
Number of updated asset objects reloaded before import = 0Number of asset objects unloaded after import = 0

========================================================================
Received Import Request.
  Time since last request: 0.891129 seconds.
  path: Assets/Scripts/Nakanishi/PlayerCharacterList.cs
  artifactKey: Guid(e190435b2bebe42348cebe2628254c95) Importer(815301076,1909f56bfc062723c751e8b465ee728b)
Start importing Assets/Scripts/Nakanishi/PlayerCharacterList.cs using Guid(e190435b2bebe42348cebe2628254c95) Importer(815301076,1909f56bfc062723c751e8b465ee728b) (PreviewImporter) -> (artifact id: 'ee4e6e37a738217633559ba18ece47ef') in 0.000398833 seconds
Number of updated asset objects reloaded before import = 0Number of asset objects unloaded after import = 0

========================================================================
Received Import Request.
  Time since last request: 4.016816 seconds.
  path: Assets/Scripts/Managers/RoomManager.cs
  artifactKey: Guid(af4829690d5597b4bab48cf0ead82f86) Importer(815301076,1909f56bfc062723c751e8b465ee728b)
Start importing Assets/Scripts/Managers/RoomManager.cs using Guid(af4829690d5597b4bab48cf0ead82f86) Importer(815301076,1909f56bfc062723c751e8b465ee728b) (PreviewImporter) -> (artifact id: 'e2dea5dc955e3457f4e28c08595f7ac1') in 0.000378791 seconds
Number of updated asset objects reloaded before import = 0Number of asset objects unloaded after import = 0

========================================================================
Received Import Request.
  Time since last request: 2.086642 seconds.
  path: Assets/Scripts/Managers/SwitchScene.cs
  artifactKey: Guid(e502d093843fddf419b1d57a92071ed2) Importer(815301076,1909f56bfc062723c751e8b465ee728b)
Start importing Assets/Scripts/Managers/SwitchScene.cs using Guid(e502d093843fddf419b1d57a92071ed2) Importer(815301076,1909f56bfc062723c751e8b465ee728b) (PreviewImporter) -> (artifact id: 'f8dd7abb946b85284546e9228909c6c7') in 0.000476209 seconds
Number of updated asset objects reloaded before import = 0Number of asset objects unloaded after import = 0

========================================================================
Received Import Request.
  Time since last request: 3.401991 seconds.
  path: Assets/Scripts/Managers/GameFlowController.cs
  artifactKey: Guid(fca4fe160fc454f28975498beb6d1e12) Importer(815301076,1909f56bfc062723c751e8b465ee728b)
Start importing Assets/Scripts/Managers/GameFlowController.cs using Guid(fca4fe160fc454f28975498beb6d1e12) Importer(815301076,1909f56bfc062723c751e8b465ee728b) (PreviewImporter) -> (artifact id: 'cedf59d1308612500ef350c4cefef24a') in 0.000443 seconds
Number of updated asset objects reloaded before import = 0Number of asset objects unloaded after import = 0

========================================================================
Received Import Request.
  Time since last request: 0.381592 seconds.
  path: Assets/Scripts/Managers/GameDirector.cs
  artifactKey: Guid(721d83cbe65e249c4b3ad4f7d5b4cc15) Importer(815301076,1909f56bfc062723c751e8b465ee728b)
Start importing Assets/Scripts/Managers/GameDirector.cs using Guid(721d83cbe65e249c4b3ad4f7d5b4cc15) Importer(815301076,1909f56bfc062723c751e8b465ee728b) (PreviewImporter) -> (artifact id: '5c550f9f04265364a4e00f556e7fbccb') in 0.000434833 seconds
Number of updated asset objects reloaded before import = 0Number of asset objects unloaded after import = 0

========================================================================
Received Import Request.
  Time since last request: 0.395616 seconds.
  path: Assets/Scripts/Managers/CharacterDataList.cs
  artifactKey: Guid(fce9c82840a864941ab5449eeb1d71a3) Importer(815301076,1909f56bfc062723c751e8b465ee728b)
Start importing Assets/Scripts/Managers/CharacterDataList.cs using Guid(fce9c82840a864941ab5449eeb1d71a3) Importer(815301076,1909f56bfc062723c751e8b465ee728b) (PreviewImporter) -> (artifact id: 'e92ce85a2a0c38ba61d73b80f2745f8d') in 0.000434417 seconds
Number of updated asset objects reloaded before import = 0Number of asset objects unloaded after import = 0

========================================================================
Received Prepare
Refreshing native plugins compatible for Editor in 1.09 ms, found 5 plugins.
Preloading 0 native plugins for Editor in 0.00 ms.
Unloading 14 Unused Serialized files (Serialized files now loaded: 0)
Unloading 6576 unused Assets / (4.0 MB). Loaded Objects now: 7483.
Memory consumption went from 155.3 MB to 151.3 MB.
Total: 9.093417 ms (FindLiveObjects: 0.357792 ms CreateObjectMapping: 0.209791 ms MarkObjects: 6.722000 ms  DeleteObjects: 1.803333 ms)

Prepare: number of updated asset objects reloaded= 0
========================================================================
Received Prepare
Begin MonoManager ReloadAssembly
Thread 0x2aa4fb000 may have been prematurely finalized
- Loaded All Assemblies, in  0.614 seconds
Refreshing native plugins compatible for Editor in 0.94 ms, found 5 plugins.
Native extension for LinuxStandalone target not found
Native extension for iOS target not found
Native extension for Android target not found
Native extension for OSXStandalone target not found
Native extension for WebGL target not found
Mono: successfully reloaded assembly
- Finished resetting the current domain, in  0.754 seconds
Domain Reload Profiling: 1371ms
	BeginReloadAssembly (165ms)
		ExecutionOrderSort (0ms)
		DisableScriptedObjects (14ms)
		BackupInstance (0ms)
		ReleaseScriptingObjects (0ms)
		CreateAndSetChildDomain (73ms)
	RebuildCommonClasses (33ms)
	RebuildNativeTypeToScriptingClass (12ms)
	initialDomainReloadingComplete (20ms)
	LoadAllAssembliesAndSetupDomain (387ms)
		LoadAssemblies (257ms)
		RebuildTransferFunctionScriptingTraits (0ms)
		AnalyzeDomain (174ms)
			TypeCache.Refresh (12ms)
				TypeCache.ScanAssembly (1ms)
			BuildScriptInfoCaches (147ms)
			ResolveRequiredComponents (13ms)
	FinalizeReload (755ms)
		ReleaseScriptCaches (0ms)
		RebuildScriptCaches (0ms)
		SetupLoadedEditorAssemblies (583ms)
			LogAssemblyErrors (0ms)
			InitializePlatformSupportModulesInManaged (42ms)
			SetLoadedEditorAssemblies (5ms)
			BeforeProcessingInitializeOnLoad (104ms)
			ProcessInitializeOnLoadAttributes (388ms)
			ProcessInitializeOnLoadMethodAttributes (44ms)
			AfterProcessingInitializeOnLoad (1ms)
			EditorAssembliesLoaded (0ms)
		ExecutionOrderSort2 (0ms)
		AwakeInstancesAfterBackupRestoration (7ms)
Refreshing native plugins compatible for Editor in 1.03 ms, found 5 plugins.
Preloading 0 native plugins for Editor in 0.00 ms.
Unloading 14 Unused Serialized files (Serialized files now loaded: 0)
Unloading 6594 unused Assets / (4.0 MB). Loaded Objects now: 7364.
Memory consumption went from 161.2 MB to 157.2 MB.
Total: 7.010500 ms (FindLiveObjects: 0.324958 ms CreateObjectMapping: 0.279000 ms MarkObjects: 4.701416 ms  DeleteObjects: 1.704709 ms)

Prepare: number of updated asset objects reloaded= 0
========================================================================
Received Import Request.
  Time since last request: 1181.820142 seconds.
  path: Assets/Scripts/GameSystem/GameEnums.cs
  artifactKey: Guid(e03aaabbb7822754d839c4ccd472713c) Importer(815301076,1909f56bfc062723c751e8b465ee728b)
Start importing Assets/Scripts/GameSystem/GameEnums.cs using Guid(e03aaabbb7822754d839c4ccd472713c) Importer(815301076,1909f56bfc062723c751e8b465ee728b) (PreviewImporter) -> (artifact id: '0734a5a1c396a663aa07cac10893835b') in 0.001657125 seconds
Number of updated asset objects reloaded before import = 0Number of asset objects unloaded after import = 0

========================================================================
Received Prepare
Refreshing native plugins compatible for Editor in 1.01 ms, found 5 plugins.
Preloading 0 native plugins for Editor in 0.00 ms.
Unloading 14 Unused Serialized files (Serialized files now loaded: 0)
Unloading 6574 unused Assets / (4.2 MB). Loaded Objects now: 7363.
Memory consumption went from 151.6 MB to 147.4 MB.
Total: 6.892708 ms (FindLiveObjects: 0.334459 ms CreateObjectMapping: 0.218750 ms MarkObjects: 4.844875 ms  DeleteObjects: 1.494042 ms)

Prepare: number of updated asset objects reloaded= 0
========================================================================
Received Prepare
Begin MonoManager ReloadAssembly
Thread 0x2aa4fb000 may have been prematurely finalized
- Loaded All Assemblies, in  0.573 seconds
Refreshing native plugins compatible for Editor in 0.98 ms, found 5 plugins.
Native extension for LinuxStandalone target not found
Native extension for iOS target not found
Native extension for Android target not found
Native extension for OSXStandalone target not found
Native extension for WebGL target not found
Mono: successfully reloaded assembly
- Finished resetting the current domain, in  0.733 seconds
Domain Reload Profiling: 1309ms
	BeginReloadAssembly (144ms)
		ExecutionOrderSort (0ms)
		DisableScriptedObjects (5ms)
		BackupInstance (0ms)
		ReleaseScriptingObjects (0ms)
		CreateAndSetChildDomain (63ms)
	RebuildCommonClasses (34ms)
	RebuildNativeTypeToScriptingClass (12ms)
	initialDomainReloadingComplete (20ms)
	LoadAllAssembliesAndSetupDomain (366ms)
		LoadAssemblies (233ms)
		RebuildTransferFunctionScriptingTraits (0ms)
		AnalyzeDomain (175ms)
			TypeCache.Refresh (12ms)
				TypeCache.ScanAssembly (1ms)
			BuildScriptInfoCaches (147ms)
			ResolveRequiredComponents (13ms)
	FinalizeReload (733ms)
		ReleaseScriptCaches (0ms)
		RebuildScriptCaches (0ms)
		SetupLoadedEditorAssemblies (560ms)
			LogAssemblyErrors (0ms)
			InitializePlatformSupportModulesInManaged (42ms)
			SetLoadedEditorAssemblies (5ms)
			BeforeProcessingInitializeOnLoad (105ms)
			ProcessInitializeOnLoadAttributes (363ms)
			ProcessInitializeOnLoadMethodAttributes (44ms)
			AfterProcessingInitializeOnLoad (1ms)
			EditorAssembliesLoaded (0ms)
		ExecutionOrderSort2 (0ms)
		AwakeInstancesAfterBackupRestoration (7ms)
Refreshing native plugins compatible for Editor in 0.91 ms, found 5 plugins.
Preloading 0 native plugins for Editor in 0.00 ms.
Unloading 14 Unused Serialized files (Serialized files now loaded: 0)
Unloading 6593 unused Assets / (4.0 MB). Loaded Objects now: 7365.
Memory consumption went from 160.8 MB to 156.8 MB.
Total: 7.219583 ms (FindLiveObjects: 0.324917 ms CreateObjectMapping: 0.284667 ms MarkObjects: 4.812166 ms  DeleteObjects: 1.797292 ms)

Prepare: number of updated asset objects reloaded= 0
========================================================================
Received Import Request.
  Time since last request: 306.626505 seconds.
  path: Assets/Scenes/GameScene.unity
  artifactKey: Guid(6122a9d4ab01d65408e8cfa5c4eea58c) Importer(815301076,1909f56bfc062723c751e8b465ee728b)
Start importing Assets/Scenes/GameScene.unity using Guid(6122a9d4ab01d65408e8cfa5c4eea58c) Importer(815301076,1909f56bfc062723c751e8b465ee728b) (PreviewImporter) -> (artifact id: '857e0186fba5fbc90de71637fccf7cf6') in 0.001248166 seconds
Number of updated asset objects reloaded before import = 0Number of asset objects unloaded after import = 0

========================================================================
Received Import Request.
  Time since last request: 18.120911 seconds.
  path: Assets/Scenes/LobbyScene2.unity
  artifactKey: Guid(204bfb3e998644d05a58a9f56e2310ea) Importer(815301076,1909f56bfc062723c751e8b465ee728b)
Start importing Assets/Scenes/LobbyScene2.unity using Guid(204bfb3e998644d05a58a9f56e2310ea) Importer(815301076,1909f56bfc062723c751e8b465ee728b) (PreviewImporter) -> (artifact id: '90bd5cd8503b2a22f9b54aeedb999366') in 0.000451958 seconds
Number of updated asset objects reloaded before import = 0Number of asset objects unloaded after import = 0

========================================================================
Received Import Request.
  Time since last request: 10.961904 seconds.
  path: Assets/Scripts
  artifactKey: Guid(8fc4e5bf00e1147ceb00ee41e6b6f5b9) Importer(2089858483,192608db42251d675da83286b1cce702)
Start importing Assets/Scripts using Guid(8fc4e5bf00e1147ceb00ee41e6b6f5b9) Importer(2089858483,192608db42251d675da83286b1cce702) (ScriptedImporter) -> (artifact id: '4b484c7caaea8f15f5c27bed481903fe') in 0.127951125 seconds
Number of updated asset objects reloaded before import = 0Number of asset objects unloaded after import = 1

========================================================================
Received Import Request.
  Time since last request: 0.000046 seconds.
  path: Assets/Photon/PhotonUnityNetworking/Demos/Shared Assets/Prefabs/UI/Tooltip.prefab
  artifactKey: Guid(87d5aa043215a47cba8b74ae3490a936) Importer(2089858483,192608db42251d675da83286b1cce702)
Start importing Assets/Photon/PhotonUnityNetworking/Demos/Shared Assets/Prefabs/UI/Tooltip.prefab using Guid(87d5aa043215a47cba8b74ae3490a936) Importer(2089858483,192608db42251d675da83286b1cce702) (ScriptedImporter) -> (artifact id: '6a87ebee4463fd6ec9bd41450aa4c407') in 0.0677415 seconds
Number of updated asset objects reloaded before import = 0Number of asset objects unloaded after import = 8

========================================================================
Received Import Request.
  Time since last request: 0.000035 seconds.
  path: Assets/Photon/PhotonChat/Code/ChatOperationCode.cs
  artifactKey: Guid(c90a2a73f3ce648409739c724d3e6cef) Importer(2089858483,192608db42251d675da83286b1cce702)
Start importing Assets/Photon/PhotonChat/Code/ChatOperationCode.cs using Guid(c90a2a73f3ce648409739c724d3e6cef) Importer(2089858483,192608db42251d675da83286b1cce702) (ScriptedImporter) -> (artifact id: 'e8ca21e75857bede394930fe4438b37b') in 0.003416375 seconds
Number of updated asset objects reloaded before import = 0Number of asset objects unloaded after import = 0

========================================================================
Received Import Request.
  Time since last request: 0.000043 seconds.
  path: Assets/Photon/PhotonUnityNetworking/Demos/PunBasics-Tutorial/Prefabs/Demo Intro UI.prefab
  artifactKey: Guid(f773d1fa10a4f4e0d88490eab5d5b46d) Importer(2089858483,192608db42251d675da83286b1cce702)
Start importing Assets/Photon/PhotonUnityNetworking/Demos/PunBasics-Tutorial/Prefabs/Demo Intro UI.prefab using Guid(f773d1fa10a4f4e0d88490eab5d5b46d) Importer(2089858483,192608db42251d675da83286b1cce702) (ScriptedImporter) -> (artifact id: '39e63220ca4d5692bcacae2eb1c4bd5e') in 0.007652833 seconds
Number of updated asset objects reloaded before import = 0Number of asset objects unloaded after import = 21

========================================================================
Received Import Request.
  Time since last request: 0.000049 seconds.
  path: Assets/Photon/PhotonChat/Code/ChatChannel.cs
  artifactKey: Guid(35b2a4878e5e99e438c97fbe8dbbd863) Importer(2089858483,192608db42251d675da83286b1cce702)
Start importing Assets/Photon/PhotonChat/Code/ChatChannel.cs using Guid(35b2a4878e5e99e438c97fbe8dbbd863) Importer(2089858483,192608db42251d675da83286b1cce702) (ScriptedImporter) -> (artifact id: '064ee88383e548bffae92a2981ad5d6d') in 0.002758542 seconds
Number of updated asset objects reloaded before import = 0Number of asset objects unloaded after import = 0

========================================================================
Received Import Request.
  Time since last request: 0.000057 seconds.
  path: Assets/Photon/PhotonUnityNetworking/Demos/PunBasics-Tutorial/Scripts
  artifactKey: Guid(08e23bebf2a53eb488ac85b9cb4b41fd) Importer(2089858483,192608db42251d675da83286b1cce702)
Start importing Assets/Photon/PhotonUnityNetworking/Demos/PunBasics-Tutorial/Scripts using Guid(08e23bebf2a53eb488ac85b9cb4b41fd) Importer(2089858483,192608db42251d675da83286b1cce702) (ScriptedImporter) -> (artifact id: '3542d501c9cdde7b5214a57bf052428e') in 0.001955125 seconds
Number of updated asset objects reloaded before import = 0Number of asset objects unloaded after import = 1

========================================================================
Received Import Request.
  Time since last request: 0.000037 seconds.
  path: Assets/Photon/PhotonUnityNetworking/Demos/PunCockpit/Forms/ConnectToRegionUIForm.cs
  artifactKey: Guid(7133598fc7a8b4047b3a7b855224fcae) Importer(2089858483,192608db42251d675da83286b1cce702)
Start importing Assets/Photon/PhotonUnityNetworking/Demos/PunCockpit/Forms/ConnectToRegionUIForm.cs using Guid(7133598fc7a8b4047b3a7b855224fcae) Importer(2089858483,192608db42251d675da83286b1cce702) (ScriptedImporter) -> (artifact id: 'b32e2d27410b02971f174d26b7bad712') in 0.002758167 seconds
Number of updated asset objects reloaded before import = 0Number of asset objects unloaded after import = 0

========================================================================
Received Import Request.
  Time since last request: 0.000042 seconds.
  path: Assets/Photon/PhotonUnityNetworking/readme.txt
  artifactKey: Guid(d90864ccbf99d4a449c87472b0a181e8) Importer(2089858483,192608db42251d675da83286b1cce702)
Start importing Assets/Photon/PhotonUnityNetworking/readme.txt using Guid(d90864ccbf99d4a449c87472b0a181e8) Importer(2089858483,192608db42251d675da83286b1cce702) (ScriptedImporter) -> (artifact id: 'f08f8a8b6f21e6269efb19c35cd0fee6') in 0.0057215 seconds
Number of updated asset objects reloaded before import = 0Number of asset objects unloaded after import = 1

========================================================================
Received Import Request.
  Time since last request: 0.000056 seconds.
  path: Assets/Photon/PhotonUnityNetworking/Demos/Shared Assets/Prefabs/UI/Button Regular.prefab
  artifactKey: Guid(395d3cc3d7cf0014a870fee72cbd3490) Importer(2089858483,192608db42251d675da83286b1cce702)
Start importing Assets/Photon/PhotonUnityNetworking/Demos/Shared Assets/Prefabs/UI/Button Regular.prefab using Guid(395d3cc3d7cf0014a870fee72cbd3490) Importer(2089858483,192608db42251d675da83286b1cce702) (ScriptedImporter) -> (artifact id: '43e53818e9daf065cc9a9163532b804e') in 0.028493292 seconds
Number of updated asset objects reloaded before import = 0Number of asset objects unloaded after import = 16

========================================================================
Received Import Request.
  Time since last request: 0.000048 seconds.
  path: Assets/Photon/PhotonUnityNetworking/Demos/PunBasics-Tutorial/Scripts/PlayerUI.cs
  artifactKey: Guid(dba1a179e553446f0a08606778f559f1) Importer(2089858483,192608db42251d675da83286b1cce702)
Start importing Assets/Photon/PhotonUnityNetworking/Demos/PunBasics-Tutorial/Scripts/PlayerUI.cs using Guid(dba1a179e553446f0a08606778f559f1) Importer(2089858483,192608db42251d675da83286b1cce702) (ScriptedImporter) -> (artifact id: 'dda38a874d2c1f0e3200d37bf989512d') in 0.002756291 seconds
Number of updated asset objects reloaded before import = 0Number of asset objects unloaded after import = 0

========================================================================
Received Import Request.
  Time since last request: 0.000069 seconds.
  path: Assets/Photon/PhotonUnityNetworking/Demos/DemoAsteroids/Scripts/AsteroidsGame.cs
  artifactKey: Guid(a3a5d301bebde6547b43d377600a3e57) Importer(2089858483,192608db42251d675da83286b1cce702)
Start importing Assets/Photon/PhotonUnityNetworking/Demos/DemoAsteroids/Scripts/AsteroidsGame.cs using Guid(a3a5d301bebde6547b43d377600a3e57) Importer(2089858483,192608db42251d675da83286b1cce702) (ScriptedImporter) -> (artifact id: 'bdfe371b30f04aece1bd80004207d0f6') in 0.002503083 seconds
Number of updated asset objects reloaded before import = 0Number of asset objects unloaded after import = 0

========================================================================
Received Import Request.
  Time since last request: 0.000060 seconds.
  path: Assets/Photon/PhotonUnityNetworking/Demos/PunCockpit/Scripts/Lists/RegionListView.cs
  artifactKey: Guid(6a77cb50929af40fb99c6452cf870935) Importer(2089858483,192608db42251d675da83286b1cce702)
Start importing Assets/Photon/PhotonUnityNetworking/Demos/PunCockpit/Scripts/Lists/RegionListView.cs using Guid(6a77cb50929af40fb99c6452cf870935) Importer(2089858483,192608db42251d675da83286b1cce702) (ScriptedImporter) -> (artifact id: 'de2f9104dcde91792c9423b59c61f76c') in 0.002629416 seconds
Number of updated asset objects reloaded before import = 0Number of asset objects unloaded after import = 0

========================================================================
Received Import Request.
  Time since last request: 0.000065 seconds.
  path: Assets/Photon/PhotonUnityNetworking/Demos/PunCockpit/Scripts/ReadOnlyProperties/CurrentRoomPropertiesListedInLobbyProperty.cs
  artifactKey: Guid(3597ecc77cdd74c1fbd06202905bbd3f) Importer(2089858483,192608db42251d675da83286b1cce702)
Start importing Assets/Photon/PhotonUnityNetworking/Demos/PunCockpit/Scripts/ReadOnlyProperties/CurrentRoomPropertiesListedInLobbyProperty.cs using Guid(3597ecc77cdd74c1fbd06202905bbd3f) Importer(2089858483,192608db42251d675da83286b1cce702) (ScriptedImporter) -> (artifact id: 'afb31fc7e4a210f47bb4db1e333424c4') in 0.002904291 seconds
Number of updated asset objects reloaded before import = 0Number of asset objects unloaded after import = 0

========================================================================
Received Import Request.
  Time since last request: 0.000054 seconds.
  path: Assets/Photon/PhotonUnityNetworking/UtilityScripts/PhotonView/SmoothSyncMovement.cs
  artifactKey: Guid(35144820bcc25444bb8f0fd767d9423e) Importer(2089858483,192608db42251d675da83286b1cce702)
Start importing Assets/Photon/PhotonUnityNetworking/UtilityScripts/PhotonView/SmoothSyncMovement.cs using Guid(35144820bcc25444bb8f0fd767d9423e) Importer(2089858483,192608db42251d675da83286b1cce702) (ScriptedImporter) -> (artifact id: 'd479bf94d62bac5a10f9af8f10895c56') in 0.002398375 seconds
Number of updated asset objects reloaded before import = 0Number of asset objects unloaded after import = 0

========================================================================
Received Import Request.
  Time since last request: 0.000064 seconds.
  path: Assets/Photon/PhotonUnityNetworking/Demos/PunCockpit/Scripts/Autonomous UI/Generic/IntInputField.cs
  artifactKey: Guid(bd06272cdb8d849f0ab251f0678c9eca) Importer(2089858483,192608db42251d675da83286b1cce702)
Start importing Assets/Photon/PhotonUnityNetworking/Demos/PunCockpit/Scripts/Autonomous UI/Generic/IntInputField.cs using Guid(bd06272cdb8d849f0ab251f0678c9eca) Importer(2089858483,192608db42251d675da83286b1cce702) (ScriptedImporter) -> (artifact id: '8701f4a0516be09c61ce4db7c079550c') in 0.005287333 seconds
Number of updated asset objects reloaded before import = 0Number of asset objects unloaded after import = 0

========================================================================
Received Import Request.
  Time since last request: 0.000047 seconds.
  path: Assets/Photon/PhotonUnityNetworking/Demos/Shared Assets/Skin/ToggleOnHover.png
  artifactKey: Guid(e10a16d9e8c6b844db2d3c1c5e4f231e) Importer(2089858483,192608db42251d675da83286b1cce702)
Start importing Assets/Photon/PhotonUnityNetworking/Demos/Shared Assets/Skin/ToggleOnHover.png using Guid(e10a16d9e8c6b844db2d3c1c5e4f231e) Importer(2089858483,192608db42251d675da83286b1cce702) (ScriptedImporter) -> (artifact id: '73c3d31b36a84a784b1e8e758c6dc8fe') in 0.030199667 seconds
Number of updated asset objects reloaded before import = 0Number of asset objects unloaded after import = 1

========================================================================
Received Import Request.
  Time since last request: 0.000038 seconds.
  path: Assets/Photon/PhotonUnityNetworking/Demos/PunCockpit/Scripts/Controllers
  artifactKey: Guid(901592418674487429f301516272f6b6) Importer(2089858483,192608db42251d675da83286b1cce702)
Start importing Assets/Photon/PhotonUnityNetworking/Demos/PunCockpit/Scripts/Controllers using Guid(901592418674487429f301516272f6b6) Importer(2089858483,192608db42251d675da83286b1cce702) (ScriptedImporter) -> (artifact id: '3ac82896ffc5513eabad80ee9e1161b9') in 0.005652959 seconds
Number of updated asset objects reloaded before import = 0Number of asset objects unloaded after import = 1

========================================================================
Received Import Request.
  Time since last request: 0.000056 seconds.
  path: Assets/Photon/PhotonUnityNetworking/UtilityScripts/Debugging/PhotonLagSimulationGui.cs
  artifactKey: Guid(5867a53c8db0e6745818285bb6b6e1b9) Importer(2089858483,192608db42251d675da83286b1cce702)
Start importing Assets/Photon/PhotonUnityNetworking/UtilityScripts/Debugging/PhotonLagSimulationGui.cs using Guid(5867a53c8db0e6745818285bb6b6e1b9) Importer(2089858483,192608db42251d675da83286b1cce702) (ScriptedImporter) -> (artifact id: 'f4116ffc80f9a1fa122c6ace22cac04a') in 0.002726292 seconds
Number of updated asset objects reloaded before import = 0Number of asset objects unloaded after import = 0

========================================================================
Received Import Request.
  Time since last request: 0.000054 seconds.
  path: Assets/Photon/PhotonUnityNetworking/Demos/PunCockpit/Prefabs/Help Button.prefab
  artifactKey: Guid(cf998ac0cf60141c597aecb3a8ffad74) Importer(2089858483,192608db42251d675da83286b1cce702)
Start importing Assets/Photon/PhotonUnityNetworking/Demos/PunCockpit/Prefabs/Help Button.prefab using Guid(cf998ac0cf60141c597aecb3a8ffad74) Importer(2089858483,192608db42251d675da83286b1cce702) (ScriptedImporter) -> (artifact id: '404ea53cb90e3c1b7d61aba0d5a5d999') in 0.022515084 seconds
Number of updated asset objects reloaded before import = 0Number of asset objects unloaded after import = 16

========================================================================
Received Import Request.
  Time since last request: 0.000062 seconds.
  path: Assets/Photon/PhotonUnityNetworking/Demos/Shared Assets/Textures/UnitTextureRed.png
  artifactKey: Guid(9349ff1a2d6d7804486fef5d7c3a67de) Importer(2089858483,192608db42251d675da83286b1cce702)
Start importing Assets/Photon/PhotonUnityNetworking/Demos/Shared Assets/Textures/UnitTextureRed.png using Guid(9349ff1a2d6d7804486fef5d7c3a67de) Importer(2089858483,192608db42251d675da83286b1cce702) (ScriptedImporter) -> (artifact id: '0f50bf19631f9113181c051bf999c7c5') in 0.007113292 seconds
Number of updated asset objects reloaded before import = 0Number of asset objects unloaded after import = 1

========================================================================
Received Import Request.
  Time since last request: 0.000047 seconds.
  path: Assets/Photon/PhotonUnityNetworking/Demos/DemoSlotRacer/Kenney Assets/Stylized city/Materials/20 - Default.mat
  artifactKey: Guid(4e1a4e79a3548164da24123dbb0f3566) Importer(2089858483,192608db42251d675da83286b1cce702)
Start importing Assets/Photon/PhotonUnityNetworking/Demos/DemoSlotRacer/Kenney Assets/Stylized city/Materials/20 - Default.mat using Guid(4e1a4e79a3548164da24123dbb0f3566) Importer(2089858483,192608db42251d675da83286b1cce702) (ScriptedImporter) -> (artifact id: 'f15acad8d6930ccb92d10528b4f27c3b') in 0.010701167 seconds
Number of updated asset objects reloaded before import = 0Number of asset objects unloaded after import = 1

========================================================================
Received Import Request.
  Time since last request: 0.000039 seconds.
  path: Assets/Photon/PhotonUnityNetworking/Demos/Shared Assets/Materials/UnitTextureBlue.mat
  artifactKey: Guid(1401c9e6acd739e49a9caa91ab07ac7a) Importer(2089858483,192608db42251d675da83286b1cce702)
Start importing Assets/Photon/PhotonUnityNetworking/Demos/Shared Assets/Materials/UnitTextureBlue.mat using Guid(1401c9e6acd739e49a9caa91ab07ac7a) Importer(2089858483,192608db42251d675da83286b1cce702) (ScriptedImporter) -> (artifact id: '1d1d27dd0d96ff244b0092ccd4dcfdc4') in 0.003520167 seconds
Number of updated asset objects reloaded before import = 0Number of asset objects unloaded after import = 2

========================================================================
Received Import Request.
  Time since last request: 0.000043 seconds.
  path: Assets/Photon/PhotonUnityNetworking/UtilityScripts/Room
  artifactKey: Guid(7e3b3d6025e4b41fca914dca9dcc718d) Importer(2089858483,192608db42251d675da83286b1cce702)
Start importing Assets/Photon/PhotonUnityNetworking/UtilityScripts/Room using Guid(7e3b3d6025e4b41fca914dca9dcc718d) Importer(2089858483,192608db42251d675da83286b1cce702) (ScriptedImporter) -> (artifact id: '82c49dcbb67c327aca8649ec38672e3d') in 0.002048667 seconds
Number of updated asset objects reloaded before import = 0Number of asset objects unloaded after import = 1

========================================================================
Received Import Request.
  Time since last request: 0.000039 seconds.
  path: Assets/Photon/PhotonChat/Code/ChatParameterCode.cs
  artifactKey: Guid(d7a17b60c85fb30448492e397c58c7ce) Importer(2089858483,192608db42251d675da83286b1cce702)
Start importing Assets/Photon/PhotonChat/Code/ChatParameterCode.cs using Guid(d7a17b60c85fb30448492e397c58c7ce) Importer(2089858483,192608db42251d675da83286b1cce702) (ScriptedImporter) -> (artifact id: '15b51284692eca8b58ac39a2b9a6dda4') in 0.002668667 seconds
Number of updated asset objects reloaded before import = 0Number of asset objects unloaded after import = 0

========================================================================
Received Import Request.
  Time since last request: 0.000038 seconds.
  path: Assets/Photon/PhotonChat/Demos/DemoChat/Files/PunIcon-White-129.png
  artifactKey: Guid(37b0a18b391c6ae468b5bcc74bba2c1a) Importer(2089858483,192608db42251d675da83286b1cce702)
Start importing Assets/Photon/PhotonChat/Demos/DemoChat/Files/PunIcon-White-129.png using Guid(37b0a18b391c6ae468b5bcc74bba2c1a) Importer(2089858483,192608db42251d675da83286b1cce702) (ScriptedImporter) -> (artifact id: '22878cd0a38b5d045ab2c242aeef0806') in 0.01361525 seconds
Number of updated asset objects reloaded before import = 0Number of asset objects unloaded after import = 3

========================================================================
Received Import Request.
  Time since last request: 0.000040 seconds.
  path: Assets/Photon/PhotonUnityNetworking/Code/PhotonNetworkPart.cs
  artifactKey: Guid(cbf2b3734a024f842bd50f8738feb400) Importer(2089858483,192608db42251d675da83286b1cce702)
Start importing Assets/Photon/PhotonUnityNetworking/Code/PhotonNetworkPart.cs using Guid(cbf2b3734a024f842bd50f8738feb400) Importer(2089858483,192608db42251d675da83286b1cce702) (ScriptedImporter) -> (artifact id: 'b1b2dde2b73da6eb83e48bbc903152cc') in 0.002795208 seconds
Number of updated asset objects reloaded before import = 0Number of asset objects unloaded after import = 0

========================================================================
Received Import Request.
  Time since last request: 0.000044 seconds.
  path: Assets/Photon/PhotonUnityNetworking/UtilityScripts/Prototyping/OnClickDestroy.cs
  artifactKey: Guid(9dab7328ba500e944a99d62065fba6c0) Importer(2089858483,192608db42251d675da83286b1cce702)
Start importing Assets/Photon/PhotonUnityNetworking/UtilityScripts/Prototyping/OnClickDestroy.cs using Guid(9dab7328ba500e944a99d62065fba6c0) Importer(2089858483,192608db42251d675da83286b1cce702) (ScriptedImporter) -> (artifact id: 'ef404e5ff957963b2fbb67d995cc8601') in 0.002555208 seconds
Number of updated asset objects reloaded before import = 0Number of asset objects unloaded after import = 0

========================================================================
Received Import Request.
  Time since last request: 0.000047 seconds.
  path: Assets/Photon/PhotonChat/Code/ChannelWellKnownProperties.cs
  artifactKey: Guid(5eb508ffb7b7b0f47882f0087a668283) Importer(2089858483,192608db42251d675da83286b1cce702)
Start importing Assets/Photon/PhotonChat/Code/ChannelWellKnownProperties.cs using Guid(5eb508ffb7b7b0f47882f0087a668283) Importer(2089858483,192608db42251d675da83286b1cce702) (ScriptedImporter) -> (artifact id: '9e183b1a1cb72355add86ad2eab81c9a') in 0.002927958 seconds
Number of updated asset objects reloaded before import = 0Number of asset objects unloaded after import = 0

========================================================================
Received Import Request.
  Time since last request: 0.000039 seconds.
  path: Assets/Photon/PhotonUnityNetworking/Demos/Shared Assets/Models
  artifactKey: Guid(5fa329cda4378e445abea9a25d5c7ffe) Importer(2089858483,192608db42251d675da83286b1cce702)
Start importing Assets/Photon/PhotonUnityNetworking/Demos/Shared Assets/Models using Guid(5fa329cda4378e445abea9a25d5c7ffe) Importer(2089858483,192608db42251d675da83286b1cce702) (ScriptedImporter) -> (artifact id: '3c7d4d53a083aad304b7774b65c6795f') in 0.001925542 seconds
Number of updated asset objects reloaded before import = 0Number of asset objects unloaded after import = 1

========================================================================
Received Import Request.
  Time since last request: 0.000048 seconds.
  path: Assets/Photon/PhotonUnityNetworking/UtilityScripts/Culling/Editor/PhotonUnityNetworking.Utilities.Culling.Editor.asmdef
  artifactKey: Guid(06dafbbe6b7b3a84f84213f47aabe7f0) Importer(2089858483,192608db42251d675da83286b1cce702)
Start importing Assets/Photon/PhotonUnityNetworking/UtilityScripts/Culling/Editor/PhotonUnityNetworking.Utilities.Culling.Editor.asmdef using Guid(06dafbbe6b7b3a84f84213f47aabe7f0) Importer(2089858483,192608db42251d675da83286b1cce702) (ScriptedImporter) -> (artifact id: 'f7a905b726b1ef381d493c7313c2a720') in 0.003245791 seconds
Number of updated asset objects reloaded before import = 0Number of asset objects unloaded after import = 1

========================================================================
Received Import Request.
  Time since last request: 0.000036 seconds.
  path: Assets/Photon/PhotonUnityNetworking/Demos/PunCockpit/Scripts/ReadOnlyProperties/CountOfPlayersOnMasterProperty.cs
  artifactKey: Guid(c8567842684394fb7a291f803abfb20e) Importer(2089858483,192608db42251d675da83286b1cce702)
Start importing Assets/Photon/PhotonUnityNetworking/Demos/PunCockpit/Scripts/ReadOnlyProperties/CountOfPlayersOnMasterProperty.cs using Guid(c8567842684394fb7a291f803abfb20e) Importer(2089858483,192608db42251d675da83286b1cce702) (ScriptedImporter) -> (artifact id: 'e8a1eaf4e21bfc513c60227c28f8a2e2') in 0.005548542 seconds
Number of updated asset objects reloaded before import = 0Number of asset objects unloaded after import = 0

========================================================================
Received Import Request.
  Time since last request: 0.000061 seconds.
  path: Assets/Photon/PhotonUnityNetworking/Demos/DemoAsteroids/Models/Materials/FlyerAsteroid1.mat
  artifactKey: Guid(294f02eac9561704ebe4baa5b1bc4163) Importer(2089858483,192608db42251d675da83286b1cce702)
Start importing Assets/Photon/PhotonUnityNetworking/Demos/DemoAsteroids/Models/Materials/FlyerAsteroid1.mat using Guid(294f02eac9561704ebe4baa5b1bc4163) Importer(2089858483,192608db42251d675da83286b1cce702) (ScriptedImporter) -> (artifact id: 'a24a4d6cfe9d031fad094b46e2a80671') in 0.00327675 seconds
Number of updated asset objects reloaded before import = 0Number of asset objects unloaded after import = 1

========================================================================
Received Import Request.
  Time since last request: 0.000087 seconds.
  path: Assets/Photon/PhotonChat/Demos/DemoChat/Files/OutlinedSquaredBox.png
  artifactKey: Guid(ea7134547a5488b41a6bb5243b4ec2f1) Importer(2089858483,192608db42251d675da83286b1cce702)
Start importing Assets/Photon/PhotonChat/Demos/DemoChat/Files/OutlinedSquaredBox.png using Guid(ea7134547a5488b41a6bb5243b4ec2f1) Importer(2089858483,192608db42251d675da83286b1cce702) (ScriptedImporter) -> (artifact id: '88c245b584ff40b35db50c6d032b47dc') in 0.007676792 seconds
Number of updated asset objects reloaded before import = 0Number of asset objects unloaded after import = 3

========================================================================
Received Import Request.
  Time since last request: 0.000044 seconds.
  path: Assets/Photon/PhotonUnityNetworking/Demos/Shared Assets/Skin/eurof35.ttf
  artifactKey: Guid(954746d370bc8934299c8c8267543f4f) Importer(2089858483,192608db42251d675da83286b1cce702)
Start importing Assets/Photon/PhotonUnityNetworking/Demos/Shared Assets/Skin/eurof35.ttf using Guid(954746d370bc8934299c8c8267543f4f) Importer(2089858483,192608db42251d675da83286b1cce702) (ScriptedImporter) -> (artifact id: 'a5cdf2e6f49e85711ba60dcc3099f04f') in 0.010660584 seconds
Number of updated asset objects reloaded before import = 0Number of asset objects unloaded after import = 3

========================================================================
Received Import Request.
  Time since last request: 0.000041 seconds.
  path: Assets/Photon/PhotonUnityNetworking/Code/PunClasses.cs
  artifactKey: Guid(f40f16a0227e5c14293e269c875c0f9b) Importer(2089858483,192608db42251d675da83286b1cce702)
Start importing Assets/Photon/PhotonUnityNetworking/Code/PunClasses.cs using Guid(f40f16a0227e5c14293e269c875c0f9b) Importer(2089858483,192608db42251d675da83286b1cce702) (ScriptedImporter) -> (artifact id: 'bf0bb378ebb13f864f51128e7c50ba40') in 0.002747083 seconds
Number of updated asset objects reloaded before import = 0Number of asset objects unloaded after import = 0

========================================================================
Received Import Request.
  Time since last request: 0.000037 seconds.
  path: Assets/Photon/PhotonUnityNetworking/Demos/DemoAsteroids/Resources/Spaceship.prefab
  artifactKey: Guid(775dd0a15ad25a544b33ad40ef0da1f0) Importer(2089858483,192608db42251d675da83286b1cce702)
Start importing Assets/Photon/PhotonUnityNetworking/Demos/DemoAsteroids/Resources/Spaceship.prefab using Guid(775dd0a15ad25a544b33ad40ef0da1f0) Importer(2089858483,192608db42251d675da83286b1cce702) (ScriptedImporter) -> (artifact id: '1ee5c70b8156ad0025c100d335995bcb') in 0.039230083 seconds
Number of updated asset objects reloaded before import = 0Number of asset objects unloaded after import = 31

========================================================================
Received Import Request.
  Time since last request: 0.000079 seconds.
  path: Assets/Photon/PhotonUnityNetworking/Demos/PunCockpit/Scripts/InfosPanelPlaceholder.cs
  artifactKey: Guid(d85daee5b585047f89b7e2dde78b336b) Importer(2089858483,192608db42251d675da83286b1cce702)
Start importing Assets/Photon/PhotonUnityNetworking/Demos/PunCockpit/Scripts/InfosPanelPlaceholder.cs using Guid(d85daee5b585047f89b7e2dde78b336b) Importer(2089858483,192608db42251d675da83286b1cce702) (ScriptedImporter) -> (artifact id: '6df4e8228db912f3dd1258da95184a78') in 0.003029875 seconds
Number of updated asset objects reloaded before import = 0Number of asset objects unloaded after import = 0

========================================================================
Received Import Request.
  Time since last request: 0.000062 seconds.
  path: Assets/Photon/PhotonUnityNetworking/Code/Editor/CopyIcon.png
  artifactKey: Guid(d1228d93299ce47a8a5ac1a33513aeaf) Importer(2089858483,192608db42251d675da83286b1cce702)
Start importing Assets/Photon/PhotonUnityNetworking/Code/Editor/CopyIcon.png using Guid(d1228d93299ce47a8a5ac1a33513aeaf) Importer(2089858483,192608db42251d675da83286b1cce702) (ScriptedImporter) -> (artifact id: 'efee87ea65080d130c38079c6a804d5e') in 0.006670667 seconds
Number of updated asset objects reloaded before import = 0Number of asset objects unloaded after import = 1

========================================================================
Received Import Request.
  Time since last request: 0.000057 seconds.
  path: Assets/Photon/PhotonUnityNetworking/Demos/DemoAsteroids/Prefabs/Bullet.prefab
  artifactKey: Guid(5624ee9da9d10514ea7b808e83979c85) Importer(2089858483,192608db42251d675da83286b1cce702)
Start importing Assets/Photon/PhotonUnityNetworking/Demos/DemoAsteroids/Prefabs/Bullet.prefab using Guid(5624ee9da9d10514ea7b808e83979c85) Importer(2089858483,192608db42251d675da83286b1cce702) (ScriptedImporter) -> (artifact id: '6de68d07d371b238a0f092ecff83c21a') in 0.006376209 seconds
Number of updated asset objects reloaded before import = 0Number of asset objects unloaded after import = 11

========================================================================
Received Import Request.
  Time since last request: 0.000047 seconds.
  path: Assets/Photon/PhotonChat/Demos/Common
  artifactKey: Guid(1aab6e4c105054f7e91af2cf027064d1) Importer(2089858483,192608db42251d675da83286b1cce702)
Start importing Assets/Photon/PhotonChat/Demos/Common using Guid(1aab6e4c105054f7e91af2cf027064d1) Importer(2089858483,192608db42251d675da83286b1cce702) (ScriptedImporter) -> (artifact id: 'b23774b95d5ae68a672d7bca11e9e814') in 0.001780083 seconds
Number of updated asset objects reloaded before import = 0Number of asset objects unloaded after import = 1

========================================================================
Received Import Request.
  Time since last request: 0.000051 seconds.
  path: Assets/Photon/PhotonRealtime/Code/ConnectionHandler.cs
  artifactKey: Guid(f0b3ce6748186d3468e0dbaecb38b04c) Importer(2089858483,192608db42251d675da83286b1cce702)
Start importing Assets/Photon/PhotonRealtime/Code/ConnectionHandler.cs using Guid(f0b3ce6748186d3468e0dbaecb38b04c) Importer(2089858483,192608db42251d675da83286b1cce702) (ScriptedImporter) -> (artifact id: 'd30837809350c4dbc107d65d3c990334') in 0.002671709 seconds
Number of updated asset objects reloaded before import = 0Number of asset objects unloaded after import = 0

========================================================================
Received Import Request.
  Time since last request: 0.000047 seconds.
  path: Assets/Photon/PhotonRealtime/Code/changes-realtime.txt
  artifactKey: Guid(530dcba8d8fbbc24a8894ca925cadd8a) Importer(2089858483,192608db42251d675da83286b1cce702)
Start importing Assets/Photon/PhotonRealtime/Code/changes-realtime.txt using Guid(530dcba8d8fbbc24a8894ca925cadd8a) Importer(2089858483,192608db42251d675da83286b1cce702) (ScriptedImporter) -> (artifact id: 'aa0dd9b4cc4a5f5a25c74c674ee9d539') in 0.002451292 seconds
Number of updated asset objects reloaded before import = 0Number of asset objects unloaded after import = 1

========================================================================
Received Import Request.
  Time since last request: 0.000042 seconds.
  path: Assets/Photon/PhotonUnityNetworking/Demos/PunBasics-Tutorial/Materials/UnitTextureGreen12x.mat
  artifactKey: Guid(8c13ddd2bc8fa4e85943376cf7c8bf7d) Importer(2089858483,192608db42251d675da83286b1cce702)
Start importing Assets/Photon/PhotonUnityNetworking/Demos/PunBasics-Tutorial/Materials/UnitTextureGreen12x.mat using Guid(8c13ddd2bc8fa4e85943376cf7c8bf7d) Importer(2089858483,192608db42251d675da83286b1cce702) (ScriptedImporter) -> (artifact id: '4beb5be84df9c73d8ce56e58cdf60352') in 0.003392833 seconds
Number of updated asset objects reloaded before import = 0Number of asset objects unloaded after import = 2

========================================================================
Received Import Request.
  Time since last request: 0.000035 seconds.
  path: Assets/Photon/PhotonUnityNetworking/Demos/DemoSlotRacer/Kenney Assets/Racing Kit/Models/roadStraight.fbx
  artifactKey: Guid(ca7c80957e4a0044c8068142334ca1b3) Importer(2089858483,192608db42251d675da83286b1cce702)
Start importing Assets/Photon/PhotonUnityNetworking/Demos/DemoSlotRacer/Kenney Assets/Racing Kit/Models/roadStraight.fbx using Guid(ca7c80957e4a0044c8068142334ca1b3) Importer(2089858483,192608db42251d675da83286b1cce702) (ScriptedImporter) -> (artifact id: '6b51fc5dab2fa98b5d6e9a31f346e5e8') in 0.025365667 seconds
Number of updated asset objects reloaded before import = 0Number of asset objects unloaded after import = 10

========================================================================
Received Import Request.
  Time since last request: 0.000045 seconds.
  path: Assets/Photon/PhotonUnityNetworking/Demos/PunCockpit
  artifactKey: Guid(09ab33cdd6af1144ea9ca35ac9f5b719) Importer(2089858483,192608db42251d675da83286b1cce702)
Start importing Assets/Photon/PhotonUnityNetworking/Demos/PunCockpit using Guid(09ab33cdd6af1144ea9ca35ac9f5b719) Importer(2089858483,192608db42251d675da83286b1cce702) (ScriptedImporter) -> (artifact id: '7f900f69854b7a0526c6efe4dfe1ae0a') in 0.002251625 seconds
Number of updated asset objects reloaded before import = 0Number of asset objects unloaded after import = 1

========================================================================
Received Import Request.
  Time since last request: 0.000036 seconds.
  path: Assets/Photon/PhotonRealtime/Demos/DemoLoadBalancing/ConnectAndJoinRandomLb.cs
  artifactKey: Guid(72e8756202d0dfc488140c228938043b) Importer(2089858483,192608db42251d675da83286b1cce702)
Start importing Assets/Photon/PhotonRealtime/Demos/DemoLoadBalancing/ConnectAndJoinRandomLb.cs using Guid(72e8756202d0dfc488140c228938043b) Importer(2089858483,192608db42251d675da83286b1cce702) (ScriptedImporter) -> (artifact id: '678b7034485890b34d3824b486b0727a') in 0.003035 seconds
Number of updated asset objects reloaded before import = 0Number of asset objects unloaded after import = 0

========================================================================
Received Import Request.
  Time since last request: 0.000048 seconds.
  path: Assets/Photon/PhotonUnityNetworking/Demos/DemoSlotRacer/Kenney Assets/Stylized city/Materials/insides_3.mat
  artifactKey: Guid(cdcec2345c1d1af4da10b1c5d9cbff65) Importer(2089858483,192608db42251d675da83286b1cce702)
Start importing Assets/Photon/PhotonUnityNetworking/Demos/DemoSlotRacer/Kenney Assets/Stylized city/Materials/insides_3.mat using Guid(cdcec2345c1d1af4da10b1c5d9cbff65) Importer(2089858483,192608db42251d675da83286b1cce702) (ScriptedImporter) -> (artifact id: 'cb663e6636a8ec2e8a5b70c031cf3ef2') in 0.003203375 seconds
Number of updated asset objects reloaded before import = 0Number of asset objects unloaded after import = 1

========================================================================
Received Import Request.
  Time since last request: 0.000048 seconds.
  path: Assets/Photon/PhotonUnityNetworking/Demos/PunBasics-Tutorial/Animator
  artifactKey: Guid(31f7bd43c723b64449fa0af0b5f275ca) Importer(2089858483,192608db42251d675da83286b1cce702)
Start importing Assets/Photon/PhotonUnityNetworking/Demos/PunBasics-Tutorial/Animator using Guid(31f7bd43c723b64449fa0af0b5f275ca) Importer(2089858483,192608db42251d675da83286b1cce702) (ScriptedImporter) -> (artifact id: 'a4e7ffc085304f6633234078a254e8b5') in 0.001706833 seconds
Number of updated asset objects reloaded before import = 0Number of asset objects unloaded after import = 1

========================================================================
Received Import Request.
  Time since last request: 0.000056 seconds.
  path: Assets/Photon/PhotonUnityNetworking/Demos/DemoSlotRacer/Kenney Assets/Racing Kit/Models/roadStart.fbx
  artifactKey: Guid(4a85baa15824c004e9265ae93708faf9) Importer(2089858483,192608db42251d675da83286b1cce702)
Start importing Assets/Photon/PhotonUnityNetworking/Demos/DemoSlotRacer/Kenney Assets/Racing Kit/Models/roadStart.fbx using Guid(4a85baa15824c004e9265ae93708faf9) Importer(2089858483,192608db42251d675da83286b1cce702) (ScriptedImporter) -> (artifact id: 'ea51703d41e7affe3075b6cbbf9507a0') in 0.011015375 seconds
Number of updated asset objects reloaded before import = 0Number of asset objects unloaded after import = 10

========================================================================
Received Import Request.
  Time since last request: 0.000067 seconds.
  path: Assets/Photon/PhotonUnityNetworking/UtilityScripts/Prototyping/ConnectAndJoinRandom.cs
  artifactKey: Guid(5c1b84a427010e0469ce0df07ab64dbc) Importer(2089858483,192608db42251d675da83286b1cce702)
Start importing Assets/Photon/PhotonUnityNetworking/UtilityScripts/Prototyping/ConnectAndJoinRandom.cs using Guid(5c1b84a427010e0469ce0df07ab64dbc) Importer(2089858483,192608db42251d675da83286b1cce702) (ScriptedImporter) -> (artifact id: 'c32d420fa8e26c7b892e667e829709c4') in 0.00274075 seconds
Number of updated asset objects reloaded before import = 0Number of asset objects unloaded after import = 0

========================================================================
Received Import Request.
  Time since last request: 0.000056 seconds.
  path: Assets/Photon/PhotonUnityNetworking/Demos/DemoAsteroids/Materials/ParticleAfterburner.mat
  artifactKey: Guid(dc1a05fba9a6af241a25a35b4caf5e27) Importer(2089858483,192608db42251d675da83286b1cce702)
Start importing Assets/Photon/PhotonUnityNetworking/Demos/DemoAsteroids/Materials/ParticleAfterburner.mat using Guid(dc1a05fba9a6af241a25a35b4caf5e27) Importer(2089858483,192608db42251d675da83286b1cce702) (ScriptedImporter) -> (artifact id: '5e89fb938673db59a08484e2a789643b') in 0.003607583 seconds
Number of updated asset objects reloaded before import = 0Number of asset objects unloaded after import = 1

========================================================================
Received Import Request.
  Time since last request: 0.000050 seconds.
  path: Assets/Photon/PhotonUnityNetworking/Demos/Shared Assets/Animations/Materials/SkinMaterial.mat
  artifactKey: Guid(37d0d4d178b5dbf449ff0814718dc354) Importer(2089858483,192608db42251d675da83286b1cce702)
Start importing Assets/Photon/PhotonUnityNetworking/Demos/Shared Assets/Animations/Materials/SkinMaterial.mat using Guid(37d0d4d178b5dbf449ff0814718dc354) Importer(2089858483,192608db42251d675da83286b1cce702) (ScriptedImporter) -> (artifact id: 'be6f6445670d7d5afe503d459d2275da') in 0.003270417 seconds
Number of updated asset objects reloaded before import = 0Number of asset objects unloaded after import = 1

========================================================================
Received Import Request.
  Time since last request: 0.000041 seconds.
  path: Assets/Photon/PhotonUnityNetworking/UtilityScripts/PhotonPlayer/Editor/PhotonUnityNetworking.Utilities.PhotonPlayer.Editor.asmdef
  artifactKey: Guid(7024f760fc566cf45a16d2c838e22b2d) Importer(2089858483,192608db42251d675da83286b1cce702)
Start importing Assets/Photon/PhotonUnityNetworking/UtilityScripts/PhotonPlayer/Editor/PhotonUnityNetworking.Utilities.PhotonPlayer.Editor.asmdef using Guid(7024f760fc566cf45a16d2c838e22b2d) Importer(2089858483,192608db42251d675da83286b1cce702) (ScriptedImporter) -> (artifact id: '9d933df8e6cb7e9b8a3ed293b5732c74') in 0.002519334 seconds
Number of updated asset objects reloaded before import = 0Number of asset objects unloaded after import = 1

========================================================================
Received Import Request.
  Time since last request: 0.000057 seconds.
  path: Assets/Photon/PhotonUnityNetworking/Demos/Shared Assets/Animations/Materials/SuitMaterial.mat
  artifactKey: Guid(ed4e4079e2e99084d8d914283565fc5c) Importer(2089858483,192608db42251d675da83286b1cce702)
Start importing Assets/Photon/PhotonUnityNetworking/Demos/Shared Assets/Animations/Materials/SuitMaterial.mat using Guid(ed4e4079e2e99084d8d914283565fc5c) Importer(2089858483,192608db42251d675da83286b1cce702) (ScriptedImporter) -> (artifact id: '202af00aed4a70fefc4d71212cc640cf') in 0.0026845 seconds
Number of updated asset objects reloaded before import = 0Number of asset objects unloaded after import = 1

========================================================================
Received Import Request.
  Time since last request: 0.000053 seconds.
  path: Assets/Photon/PhotonUnityNetworking/Demos/Shared Assets/Skin/3dText.shader
  artifactKey: Guid(953d6c4c7f7ec324d860efb0db9c68ff) Importer(2089858483,192608db42251d675da83286b1cce702)
Start importing Assets/Photon/PhotonUnityNetworking/Demos/Shared Assets/Skin/3dText.shader using Guid(953d6c4c7f7ec324d860efb0db9c68ff) Importer(2089858483,192608db42251d675da83286b1cce702) (ScriptedImporter) -> (artifact id: '01662555d0a8ceb9badc7bc5ca124537') in 0.0067335 seconds
Number of updated asset objects reloaded before import = 0Number of asset objects unloaded after import = 1

========================================================================
Received Import Request.
  Time since last request: 0.000039 seconds.
  path: Assets/Photon/PhotonUnityNetworking/Demos/DemoAsteroids/Materials
  artifactKey: Guid(eb89ce1e7485b214d8f27d2f3901474c) Importer(2089858483,192608db42251d675da83286b1cce702)
Start importing Assets/Photon/PhotonUnityNetworking/Demos/DemoAsteroids/Materials using Guid(eb89ce1e7485b214d8f27d2f3901474c) Importer(2089858483,192608db42251d675da83286b1cce702) (ScriptedImporter) -> (artifact id: '838607c69144d7a6158c6140bbcd793b') in 0.001874958 seconds
Number of updated asset objects reloaded before import = 0Number of asset objects unloaded after import = 1

========================================================================
Received Import Request.
  Time since last request: 0.000067 seconds.
  path: Assets/Photon/PhotonUnityNetworking/UtilityScripts/Prototyping
  artifactKey: Guid(e10fe700b1a744ec78575843923fe6d7) Importer(2089858483,192608db42251d675da83286b1cce702)
Start importing Assets/Photon/PhotonUnityNetworking/UtilityScripts/Prototyping using Guid(e10fe700b1a744ec78575843923fe6d7) Importer(2089858483,192608db42251d675da83286b1cce702) (ScriptedImporter) -> (artifact id: 'b8b751889c7d93a2e398f5314dc45ff6') in 0.001685375 seconds
Number of updated asset objects reloaded before import = 0Number of asset objects unloaded after import = 1

========================================================================
Received Import Request.
  Time since last request: 0.000043 seconds.
  path: Assets/Photon/PhotonUnityNetworking/Demos/DemoSlotRacer/Scripts/BezierCurve
  artifactKey: Guid(459d76155d5c0d94ea6ece7fac829714) Importer(2089858483,192608db42251d675da83286b1cce702)
Start importing Assets/Photon/PhotonUnityNetworking/Demos/DemoSlotRacer/Scripts/BezierCurve using Guid(459d76155d5c0d94ea6ece7fac829714) Importer(2089858483,192608db42251d675da83286b1cce702) (ScriptedImporter) -> (artifact id: 'ae9cbf30308ae7b67a16e7ce98d3a504') in 0.001935667 seconds
Number of updated asset objects reloaded before import = 0Number of asset objects unloaded after import = 1

========================================================================
Received Import Request.
  Time since last request: 0.000091 seconds.
  path: Assets/Photon/PhotonUnityNetworking/Demos/PunCockpit/Scripts/Autonomous UI/SendRateOnSerializeField.cs
  artifactKey: Guid(e8014b533c3a148558bd8c78ceea7a5f) Importer(2089858483,192608db42251d675da83286b1cce702)
Start importing Assets/Photon/PhotonUnityNetworking/Demos/PunCockpit/Scripts/Autonomous UI/SendRateOnSerializeField.cs using Guid(e8014b533c3a148558bd8c78ceea7a5f) Importer(2089858483,192608db42251d675da83286b1cce702) (ScriptedImporter) -> (artifact id: '27ac020d3bf120ca75b113b67f4d8434') in 0.00267875 seconds
Number of updated asset objects reloaded before import = 0Number of asset objects unloaded after import = 0

========================================================================
Received Import Request.
  Time since last request: 0.000250 seconds.
  path: Assets/Photon/PhotonUnityNetworking/Demos/DemoSlotRacer/Kenney Assets/Stylized city
  artifactKey: Guid(fe4d3272b8eadde48bb30e60838d60c0) Importer(2089858483,192608db42251d675da83286b1cce702)
Start importing Assets/Photon/PhotonUnityNetworking/Demos/DemoSlotRacer/Kenney Assets/Stylized city using Guid(fe4d3272b8eadde48bb30e60838d60c0) Importer(2089858483,192608db42251d675da83286b1cce702) (ScriptedImporter) -> (artifact id: '429e44219e2c7205e4bef0d502b43776') in 0.002082875 seconds
Number of updated asset objects reloaded before import = 0Number of asset objects unloaded after import = 1

========================================================================
Received Import Request.
  Time since last request: 0.000038 seconds.
  path: Assets/Photon/PhotonUnityNetworking/Demos/DemoSlotRacer/Kenney Assets/Racing Kit/Models/roadRampLongCurvedWall.fbx
  artifactKey: Guid(002276cc119770f4c8b9797abd47f7e5) Importer(2089858483,192608db42251d675da83286b1cce702)
Start importing Assets/Photon/PhotonUnityNetworking/Demos/DemoSlotRacer/Kenney Assets/Racing Kit/Models/roadRampLongCurvedWall.fbx using Guid(002276cc119770f4c8b9797abd47f7e5) Importer(2089858483,192608db42251d675da83286b1cce702) (ScriptedImporter) -> (artifact id: '67902e4375c069f867d20f14e03757b9') in 0.00970475 seconds
Number of updated asset objects reloaded before import = 0Number of asset objects unloaded after import = 10

========================================================================
Received Import Request.
  Time since last request: 0.000036 seconds.
  path: Assets/Photon/PhotonUnityNetworking/Demos/Shared Assets/Animations/HumanoidStandTurn.fbx
  artifactKey: Guid(6fb3851da6a6f5948ab6892bee8ba920) Importer(2089858483,192608db42251d675da83286b1cce702)
Start importing Assets/Photon/PhotonUnityNetworking/Demos/Shared Assets/Animations/HumanoidStandTurn.fbx using Guid(6fb3851da6a6f5948ab6892bee8ba920) Importer(2089858483,192608db42251d675da83286b1cce702) (ScriptedImporter) -> (artifact id: 'ebeaecd814090fb42e45732b2fdd0398') in 0.032252708 seconds
Number of updated asset objects reloaded before import = 0Number of asset objects unloaded after import = 160

========================================================================
Received Import Request.
  Time since last request: 0.000043 seconds.
  path: Assets/Photon/PhotonUnityNetworking/Code/Editor/ServerSettingsInspector.cs
  artifactKey: Guid(21239ba77ac4b534f958e8617ef13ede) Importer(2089858483,192608db42251d675da83286b1cce702)
Start importing Assets/Photon/PhotonUnityNetworking/Code/Editor/ServerSettingsInspector.cs using Guid(21239ba77ac4b534f958e8617ef13ede) Importer(2089858483,192608db42251d675da83286b1cce702) (ScriptedImporter) -> (artifact id: '983d91907693925f17c12888d12d1e90') in 0.002787417 seconds
Number of updated asset objects reloaded before import = 0Number of asset objects unloaded after import = 0

========================================================================
Received Import Request.
  Time since last request: 0.000043 seconds.
  path: Assets/Photon/PhotonUnityNetworking/Demos/DemoAsteroids/Scripts/Game/PlayerOverviewPanel.cs
  artifactKey: Guid(b579f4077cd5953489882224d803b137) Importer(2089858483,192608db42251d675da83286b1cce702)
Start importing Assets/Photon/PhotonUnityNetworking/Demos/DemoAsteroids/Scripts/Game/PlayerOverviewPanel.cs using Guid(b579f4077cd5953489882224d803b137) Importer(2089858483,192608db42251d675da83286b1cce702) (ScriptedImporter) -> (artifact id: 'da7d9bb4f0958eba291ab422002aa96a') in 0.002600875 seconds
Number of updated asset objects reloaded before import = 0Number of asset objects unloaded after import = 0

========================================================================
Received Import Request.
  Time since last request: 0.000044 seconds.
  path: Assets/Photon/PhotonUnityNetworking/UtilityScripts/Debugging/PhotonStatsGui.cs
  artifactKey: Guid(d06466c03d263624786afa88b52928b6) Importer(2089858483,192608db42251d675da83286b1cce702)
Start importing Assets/Photon/PhotonUnityNetworking/UtilityScripts/Debugging/PhotonStatsGui.cs using Guid(d06466c03d263624786afa88b52928b6) Importer(2089858483,192608db42251d675da83286b1cce702) (ScriptedImporter) -> (artifact id: '1232cb02ce54d57ffb4c8fc02ab6f54d') in 0.003099125 seconds
Number of updated asset objects reloaded before import = 0Number of asset objects unloaded after import = 0

========================================================================
Received Import Request.
  Time since last request: 0.000054 seconds.
  path: Assets/Photon/PhotonUnityNetworking/Demos/DemoSlotRacer/Scripts/BezierCurve/Bezier.cs
  artifactKey: Guid(2b14b8c3e9cc04a13898e1e50c9f1024) Importer(2089858483,192608db42251d675da83286b1cce702)
Start importing Assets/Photon/PhotonUnityNetworking/Demos/DemoSlotRacer/Scripts/BezierCurve/Bezier.cs using Guid(2b14b8c3e9cc04a13898e1e50c9f1024) Importer(2089858483,192608db42251d675da83286b1cce702) (ScriptedImporter) -> (artifact id: '7fed227c96a4da73f17d4570bd07599c') in 0.002495625 seconds
Number of updated asset objects reloaded before import = 0Number of asset objects unloaded after import = 0

========================================================================
Received Import Request.
  Time since last request: 0.000052 seconds.
  path: Assets/Photon/PhotonUnityNetworking/Demos/DemoAsteroids/Scripts/Game/Spaceship.cs
  artifactKey: Guid(c565458f43b8ad4469a2ca341c210318) Importer(2089858483,192608db42251d675da83286b1cce702)
Start importing Assets/Photon/PhotonUnityNetworking/Demos/DemoAsteroids/Scripts/Game/Spaceship.cs using Guid(c565458f43b8ad4469a2ca341c210318) Importer(2089858483,192608db42251d675da83286b1cce702) (ScriptedImporter) -> (artifact id: 'a70895929b448d860ffa443973df324c') in 0.00224425 seconds
Number of updated asset objects reloaded before import = 0Number of asset objects unloaded after import = 0

========================================================================
Received Import Request.
  Time since last request: 0.000055 seconds.
  path: Assets/Photon/PhotonUnityNetworking/Demos/DemoAsteroids/Prefabs/PlayerOverviewEntry.prefab
  artifactKey: Guid(f03d1c686a26a1d4da99a4186b0bb1ab) Importer(2089858483,192608db42251d675da83286b1cce702)
Start importing Assets/Photon/PhotonUnityNetworking/Demos/DemoAsteroids/Prefabs/PlayerOverviewEntry.prefab using Guid(f03d1c686a26a1d4da99a4186b0bb1ab) Importer(2089858483,192608db42251d675da83286b1cce702) (ScriptedImporter) -> (artifact id: 'bdd7b1bfbff5b72cebc7412017325627') in 0.006457708 seconds
Number of updated asset objects reloaded before import = 0Number of asset objects unloaded after import = 8

========================================================================
Received Import Request.
  Time since last request: 0.000057 seconds.
  path: Assets/Photon/PhotonUnityNetworking/Demos/DemoSlotRacer/Scripts/BezierCurve/BezierSpline.cs
  artifactKey: Guid(b154883273c2845f39445c8015d81639) Importer(2089858483,192608db42251d675da83286b1cce702)
Start importing Assets/Photon/PhotonUnityNetworking/Demos/DemoSlotRacer/Scripts/BezierCurve/BezierSpline.cs using Guid(b154883273c2845f39445c8015d81639) Importer(2089858483,192608db42251d675da83286b1cce702) (ScriptedImporter) -> (artifact id: '6edcb4d61c180e90715206087fb537d0') in 0.005132709 seconds
Number of updated asset objects reloaded before import = 0Number of asset objects unloaded after import = 0

========================================================================
Received Import Request.
  Time since last request: 0.000041 seconds.
  path: Assets/Photon/PhotonUnityNetworking/Demos/DemoHub/Editor/PunDemos.DemoHubEditor.asmdef
  artifactKey: Guid(e9a89c21e4f5b294eb31fb8166e13303) Importer(2089858483,192608db42251d675da83286b1cce702)
Start importing Assets/Photon/PhotonUnityNetworking/Demos/DemoHub/Editor/PunDemos.DemoHubEditor.asmdef using Guid(e9a89c21e4f5b294eb31fb8166e13303) Importer(2089858483,192608db42251d675da83286b1cce702) (ScriptedImporter) -> (artifact id: 'feb0ee97d7f263d5f6ed53a01227b86c') in 0.002759208 seconds
Number of updated asset objects reloaded before import = 0Number of asset objects unloaded after import = 1

========================================================================
Received Import Request.
  Time since last request: 0.000050 seconds.
  path: Assets/Photon/PhotonUnityNetworking/Demos/Shared Assets/Animations/Materials
  artifactKey: Guid(35cca3de5691d944fb610576a516bb70) Importer(2089858483,192608db42251d675da83286b1cce702)
Start importing Assets/Photon/PhotonUnityNetworking/Demos/Shared Assets/Animations/Materials using Guid(35cca3de5691d944fb610576a516bb70) Importer(2089858483,192608db42251d675da83286b1cce702) (ScriptedImporter) -> (artifact id: 'b3338d681cdc7417eff1aaa81b07d1d3') in 0.001672834 seconds
Number of updated asset objects reloaded before import = 0Number of asset objects unloaded after import = 1

========================================================================
Received Import Request.
  Time since last request: 0.000053 seconds.
  path: Assets/Photon/PhotonUnityNetworking/Demos/DemoSlotRacer/Kenney Assets/Racing Kit/Models
  artifactKey: Guid(936c39e82305d734a8b9d5b1dd50ed71) Importer(2089858483,192608db42251d675da83286b1cce702)
Start importing Assets/Photon/PhotonUnityNetworking/Demos/DemoSlotRacer/Kenney Assets/Racing Kit/Models using Guid(936c39e82305d734a8b9d5b1dd50ed71) Importer(2089858483,192608db42251d675da83286b1cce702) (ScriptedImporter) -> (artifact id: 'fbc68b23465ab7471e2d2dbae13e70aa') in 0.001618792 seconds
Number of updated asset objects reloaded before import = 0Number of asset objects unloaded after import = 1

========================================================================
Received Import Request.
  Time since last request: 0.000061 seconds.
  path: Assets/Photon/PhotonUnityNetworking/UtilityScripts/UI
  artifactKey: Guid(665e986f9b37c294d96c166a76e618d3) Importer(2089858483,192608db42251d675da83286b1cce702)
Start importing Assets/Photon/PhotonUnityNetworking/UtilityScripts/UI using Guid(665e986f9b37c294d96c166a76e618d3) Importer(2089858483,192608db42251d675da83286b1cce702) (ScriptedImporter) -> (artifact id: '65b64e84b13872559334227732e4041a') in 0.002031042 seconds
Number of updated asset objects reloaded before import = 0Number of asset objects unloaded after import = 1

========================================================================
Received Import Request.
  Time since last request: 0.000059 seconds.
  path: Assets/Photon/PhotonUnityNetworking/UtilityScripts/Debugging/PointedAtGameObjectInfo.cs
  artifactKey: Guid(e6262dd9a9b078c4e8cbd47495aa6d23) Importer(2089858483,192608db42251d675da83286b1cce702)
Start importing Assets/Photon/PhotonUnityNetworking/UtilityScripts/Debugging/PointedAtGameObjectInfo.cs using Guid(e6262dd9a9b078c4e8cbd47495aa6d23) Importer(2089858483,192608db42251d675da83286b1cce702) (ScriptedImporter) -> (artifact id: '519a5d39f871439d4dcfe39071746629') in 0.002496958 seconds
Number of updated asset objects reloaded before import = 0Number of asset objects unloaded after import = 0

========================================================================
Received Import Request.
  Time since last request: 0.000049 seconds.
  path: Assets/Photon/PhotonUnityNetworking/Demos/PunCockpit/Scripts/ReadOnlyProperties/PingProperty.cs
  artifactKey: Guid(2651ec6773ffe4831b1fce07d51c186a) Importer(2089858483,192608db42251d675da83286b1cce702)
Start importing Assets/Photon/PhotonUnityNetworking/Demos/PunCockpit/Scripts/ReadOnlyProperties/PingProperty.cs using Guid(2651ec6773ffe4831b1fce07d51c186a) Importer(2089858483,192608db42251d675da83286b1cce702) (ScriptedImporter) -> (artifact id: '420112287cbc2717eb2f233fba9a630b') in 0.002421084 seconds
Number of updated asset objects reloaded before import = 0Number of asset objects unloaded after import = 0

========================================================================
Received Import Request.
  Time since last request: 0.000058 seconds.
  path: Assets/Photon/PhotonUnityNetworking/Demos/PunCockpit/Scripts/ReadOnlyProperties/CountOfPlayersProperty.cs
  artifactKey: Guid(c65e89c2d31b54d119911da56af443b6) Importer(2089858483,192608db42251d675da83286b1cce702)
Start importing Assets/Photon/PhotonUnityNetworking/Demos/PunCockpit/Scripts/ReadOnlyProperties/CountOfPlayersProperty.cs using Guid(c65e89c2d31b54d119911da56af443b6) Importer(2089858483,192608db42251d675da83286b1cce702) (ScriptedImporter) -> (artifact id: '213984c3ac07cacd69896c3043755dd3') in 0.002446167 seconds
Number of updated asset objects reloaded before import = 0Number of asset objects unloaded after import = 0

========================================================================
Received Import Request.
  Time since last request: 0.000049 seconds.
  path: Assets/Photon/PhotonUnityNetworking/Demos/DemoAsteroids/Textures
  artifactKey: Guid(fc9f7bb3bfb617048b28071ed312932e) Importer(2089858483,192608db42251d675da83286b1cce702)
Start importing Assets/Photon/PhotonUnityNetworking/Demos/DemoAsteroids/Textures using Guid(fc9f7bb3bfb617048b28071ed312932e) Importer(2089858483,192608db42251d675da83286b1cce702) (ScriptedImporter) -> (artifact id: '88ff551b38e73826d883481ae91c21d4') in 0.001729083 seconds
Number of updated asset objects reloaded before import = 0Number of asset objects unloaded after import = 1

========================================================================
Received Import Request.
  Time since last request: 0.000058 seconds.
  path: Assets/Photon/PhotonRealtime/Demos
  artifactKey: Guid(5456c843f3eadef4f86166dc7f3ab583) Importer(2089858483,192608db42251d675da83286b1cce702)
Start importing Assets/Photon/PhotonRealtime/Demos using Guid(5456c843f3eadef4f86166dc7f3ab583) Importer(2089858483,192608db42251d675da83286b1cce702) (ScriptedImporter) -> (artifact id: '2b1a510ae33fe581d12363458f41f161') in 0.001690875 seconds
Number of updated asset objects reloaded before import = 0Number of asset objects unloaded after import = 1

========================================================================
Received Import Request.
  Time since last request: 0.000052 seconds.
  path: Assets/Photon/PhotonUnityNetworking/Code/Views/PhotonRigidbody2DView.cs
  artifactKey: Guid(0e7cb724808c322458aa4d15f5035fa9) Importer(2089858483,192608db42251d675da83286b1cce702)
Start importing Assets/Photon/PhotonUnityNetworking/Code/Views/PhotonRigidbody2DView.cs using Guid(0e7cb724808c322458aa4d15f5035fa9) Importer(2089858483,192608db42251d675da83286b1cce702) (ScriptedImporter) -> (artifact id: '12686c371ec2ba4b9e3a2e3e84f6c989') in 0.002603167 seconds
Number of updated asset objects reloaded before import = 0Number of asset objects unloaded after import = 0

========================================================================
Received Import Request.
  Time since last request: 0.000060 seconds.
  path: Assets/Photon/PhotonUnityNetworking/Demos/DemoSlotRacer/Kenney Assets/Stylized city/Materials/No Name.mat
  artifactKey: Guid(a773bd7a075f9534e9c9ed1eb6e9a30f) Importer(2089858483,192608db42251d675da83286b1cce702)
Start importing Assets/Photon/PhotonUnityNetworking/Demos/DemoSlotRacer/Kenney Assets/Stylized city/Materials/No Name.mat using Guid(a773bd7a075f9534e9c9ed1eb6e9a30f) Importer(2089858483,192608db42251d675da83286b1cce702) (ScriptedImporter) -> (artifact id: 'a9446ae3dc497d6650d4c4d257f620a0') in 0.002980792 seconds
Number of updated asset objects reloaded before import = 0Number of asset objects unloaded after import = 1

========================================================================
Received Import Request.
  Time since last request: 0.000064 seconds.
  path: Assets/Photon/PhotonUnityNetworking
  artifactKey: Guid(d2b6672cc770a19438ff06fcb2637630) Importer(2089858483,192608db42251d675da83286b1cce702)
Start importing Assets/Photon/PhotonUnityNetworking using Guid(d2b6672cc770a19438ff06fcb2637630) Importer(2089858483,192608db42251d675da83286b1cce702) (ScriptedImporter) -> (artifact id: 'e4f89525b5288a29af612b210eea9bb6') in 0.00223125 seconds
Number of updated asset objects reloaded before import = 0Number of asset objects unloaded after import = 1

========================================================================
Received Import Request.
  Time since last request: 0.000050 seconds.
  path: Assets/Photon/PhotonUnityNetworking/Demos/PunCockpit/Scripts/Autonomous UI/Generic/BoolInputField.cs
  artifactKey: Guid(0d7694afd58e94f988b7b524da7b97b9) Importer(2089858483,192608db42251d675da83286b1cce702)
Start importing Assets/Photon/PhotonUnityNetworking/Demos/PunCockpit/Scripts/Autonomous UI/Generic/BoolInputField.cs using Guid(0d7694afd58e94f988b7b524da7b97b9) Importer(2089858483,192608db42251d675da83286b1cce702) (ScriptedImporter) -> (artifact id: 'da6adda482f2a672264c05b00d511ec4') in 0.002362125 seconds
Number of updated asset objects reloaded before import = 0Number of asset objects unloaded after import = 0

========================================================================
Received Import Request.
  Time since last request: 0.000049 seconds.
  path: Assets/Photon/PhotonUnityNetworking/Demos/DemoAsteroids/Scripts/Game/Asteroid.cs
  artifactKey: Guid(c852cc8bbc743374083cab6f7df68bb7) Importer(2089858483,192608db42251d675da83286b1cce702)
Start importing Assets/Photon/PhotonUnityNetworking/Demos/DemoAsteroids/Scripts/Game/Asteroid.cs using Guid(c852cc8bbc743374083cab6f7df68bb7) Importer(2089858483,192608db42251d675da83286b1cce702) (ScriptedImporter) -> (artifact id: 'c7d1d6b7f159daf97c8ccf177df32ecb') in 0.002548042 seconds
Number of updated asset objects reloaded before import = 0Number of asset objects unloaded after import = 0

========================================================================
Received Import Request.
  Time since last request: 0.000050 seconds.
  path: Assets/Photon/PhotonUnityNetworking/Demos/DemoAsteroids/Prefabs
  artifactKey: Guid(bec40e338146dc14592b49339a98d089) Importer(2089858483,192608db42251d675da83286b1cce702)
Start importing Assets/Photon/PhotonUnityNetworking/Demos/DemoAsteroids/Prefabs using Guid(bec40e338146dc14592b49339a98d089) Importer(2089858483,192608db42251d675da83286b1cce702) (ScriptedImporter) -> (artifact id: '27e712a4a0f7e6cb4597c1144d1d5aa9') in 0.001623125 seconds
Number of updated asset objects reloaded before import = 0Number of asset objects unloaded after import = 1

========================================================================
Received Import Request.
  Time since last request: 0.000067 seconds.
  path: Assets/Photon/PhotonUnityNetworking/Demos/DemoProcedural/Scripts
  artifactKey: Guid(66ccfe3c456c20c4f9de20d08685de69) Importer(2089858483,192608db42251d675da83286b1cce702)
Start importing Assets/Photon/PhotonUnityNetworking/Demos/DemoProcedural/Scripts using Guid(66ccfe3c456c20c4f9de20d08685de69) Importer(2089858483,192608db42251d675da83286b1cce702) (ScriptedImporter) -> (artifact id: '14aa55ad177cf725b98e4da1be25c55f') in 0.002054667 seconds
Number of updated asset objects reloaded before import = 0Number of asset objects unloaded after import = 1

========================================================================
Received Import Request.
  Time since last request: 0.000054 seconds.
  path: Assets/Photon/PhotonUnityNetworking/Demos/DemoAsteroids/Scripts/Lobby/PlayerListEntry.cs
  artifactKey: Guid(6b92420fa27b32d43a6a35af7781c5d8) Importer(2089858483,192608db42251d675da83286b1cce702)
Start importing Assets/Photon/PhotonUnityNetworking/Demos/DemoAsteroids/Scripts/Lobby/PlayerListEntry.cs using Guid(6b92420fa27b32d43a6a35af7781c5d8) Importer(2089858483,192608db42251d675da83286b1cce702) (ScriptedImporter) -> (artifact id: '63fdac7c8ed758c5c3b257fb8753ab2f') in 0.002402833 seconds
Number of updated asset objects reloaded before import = 0Number of asset objects unloaded after import = 0

========================================================================
Received Import Request.
  Time since last request: 0.000048 seconds.
  path: Assets/Photon/PhotonRealtime/Demos/DemoLoadBalancing/DemoLoadBalancing-Scene.unity
  artifactKey: Guid(a73b0cac1a73cc346aaeb5f8dd0b53f1) Importer(2089858483,192608db42251d675da83286b1cce702)
Start importing Assets/Photon/PhotonRealtime/Demos/DemoLoadBalancing/DemoLoadBalancing-Scene.unity using Guid(a73b0cac1a73cc346aaeb5f8dd0b53f1) Importer(2089858483,192608db42251d675da83286b1cce702) (ScriptedImporter) -> (artifact id: '33b88f555f82e5205eee475922d6957a') in 0.003014375 seconds
Number of updated asset objects reloaded before import = 0Number of asset objects unloaded after import = 1

========================================================================
Received Import Request.
  Time since last request: 0.000049 seconds.
  path: Assets/Photon/PhotonRealtime/Code/SystemConnectionSummary.cs
  artifactKey: Guid(94b565fbe6a793f42ae49671287a0e58) Importer(2089858483,192608db42251d675da83286b1cce702)
Start importing Assets/Photon/PhotonRealtime/Code/SystemConnectionSummary.cs using Guid(94b565fbe6a793f42ae49671287a0e58) Importer(2089858483,192608db42251d675da83286b1cce702) (ScriptedImporter) -> (artifact id: '80cd67a8ddb624c808cd3986de12eaa6') in 0.002627625 seconds
Number of updated asset objects reloaded before import = 0Number of asset objects unloaded after import = 0

========================================================================
Received Import Request.
  Time since last request: 0.000044 seconds.
  path: Assets/Photon/PhotonUnityNetworking/Demos/DemoAsteroids/Scripts/Lobby/LobbyTopPanel.cs
  artifactKey: Guid(fe0a55ef565e3984f8866c5c91e3c2fd) Importer(2089858483,192608db42251d675da83286b1cce702)
Start importing Assets/Photon/PhotonUnityNetworking/Demos/DemoAsteroids/Scripts/Lobby/LobbyTopPanel.cs using Guid(fe0a55ef565e3984f8866c5c91e3c2fd) Importer(2089858483,192608db42251d675da83286b1cce702) (ScriptedImporter) -> (artifact id: '6c2b5608f01c25764109383f6e3df619') in 0.002745583 seconds
Number of updated asset objects reloaded before import = 0Number of asset objects unloaded after import = 0

========================================================================
Received Import Request.
  Time since last request: 0.000040 seconds.
  path: Assets/Photon/PhotonUnityNetworking/UtilityScripts/UI/OnPointerOverTooltip.cs
  artifactKey: Guid(ff93154db96e843fbbc5e816ec0d2b48) Importer(2089858483,192608db42251d675da83286b1cce702)
Start importing Assets/Photon/PhotonUnityNetworking/UtilityScripts/UI/OnPointerOverTooltip.cs using Guid(ff93154db96e843fbbc5e816ec0d2b48) Importer(2089858483,192608db42251d675da83286b1cce702) (ScriptedImporter) -> (artifact id: '14d921431b53b81a153c326fb119a7a4') in 0.002441291 seconds
Number of updated asset objects reloaded before import = 0Number of asset objects unloaded after import = 0

========================================================================
Received Import Request.
  Time since last request: 0.000041 seconds.
  path: Assets/Photon/PhotonUnityNetworking/Demos/PunCockpit/Scripts/ReadOnlyProperties/ServerProperty.cs
  artifactKey: Guid(6aeb7bea76d39499e83ebc277ffdd7a7) Importer(2089858483,192608db42251d675da83286b1cce702)
Start importing Assets/Photon/PhotonUnityNetworking/Demos/PunCockpit/Scripts/ReadOnlyProperties/ServerProperty.cs using Guid(6aeb7bea76d39499e83ebc277ffdd7a7) Importer(2089858483,192608db42251d675da83286b1cce702) (ScriptedImporter) -> (artifact id: 'f26a2a3cd62ca3d6fd1022a6fc5718b2') in 0.003218125 seconds
Number of updated asset objects reloaded before import = 0Number of asset objects unloaded after import = 0

========================================================================
Received Import Request.
  Time since last request: 0.000050 seconds.
  path: Assets/Photon/PhotonUnityNetworking/Demos/PunCockpit/Scripts/Lists/FriendListView.cs
  artifactKey: Guid(ce2efcae64ac14edebdffc99a93e401a) Importer(2089858483,192608db42251d675da83286b1cce702)
Start importing Assets/Photon/PhotonUnityNetworking/Demos/PunCockpit/Scripts/Lists/FriendListView.cs using Guid(ce2efcae64ac14edebdffc99a93e401a) Importer(2089858483,192608db42251d675da83286b1cce702) (ScriptedImporter) -> (artifact id: 'a08456793d7e1e190592937e2b2a275d') in 0.002907167 seconds
Number of updated asset objects reloaded before import = 0Number of asset objects unloaded after import = 0

========================================================================
Received Import Request.
  Time since last request: 0.000042 seconds.
  path: Assets/Photon/PhotonUnityNetworking/Demos/DemoSlotRacer/Kenney Assets/Racing Kit/Models/Materials/tankco.mat
  artifactKey: Guid(cceec12884c418c4bb19cef32dc2abc1) Importer(2089858483,192608db42251d675da83286b1cce702)
Start importing Assets/Photon/PhotonUnityNetworking/Demos/DemoSlotRacer/Kenney Assets/Racing Kit/Models/Materials/tankco.mat using Guid(cceec12884c418c4bb19cef32dc2abc1) Importer(2089858483,192608db42251d675da83286b1cce702) (ScriptedImporter) -> (artifact id: '3e188b107c181dfd74cecf2e6494b276') in 0.004211833 seconds
Number of updated asset objects reloaded before import = 0Number of asset objects unloaded after import = 2

========================================================================
Received Import Request.
  Time since last request: 0.000040 seconds.
  path: Assets/Photon/PhotonUnityNetworking/Demos/DemoSlotRacer/Kenney Assets/Stylized city/Models/bush1.FBX
  artifactKey: Guid(c8680fab33c72bb4ba3e31987e0b0182) Importer(2089858483,192608db42251d675da83286b1cce702)
Start importing Assets/Photon/PhotonUnityNetworking/Demos/DemoSlotRacer/Kenney Assets/Stylized city/Models/bush1.FBX using Guid(c8680fab33c72bb4ba3e31987e0b0182) Importer(2089858483,192608db42251d675da83286b1cce702) (ScriptedImporter) -> (artifact id: '45349b1f19f934304cd5c890aba8f727') in 0.010543542 seconds
Number of updated asset objects reloaded before import = 0Number of asset objects unloaded after import = 14

========================================================================
Received Import Request.
  Time since last request: 0.000041 seconds.
  path: Assets/Photon/PhotonChat/Demos/Common/EventSystemSpawner.cs
  artifactKey: Guid(bd5ff9965d0784cad8e07f5eb9cb9c06) Importer(2089858483,192608db42251d675da83286b1cce702)
Start importing Assets/Photon/PhotonChat/Demos/Common/EventSystemSpawner.cs using Guid(bd5ff9965d0784cad8e07f5eb9cb9c06) Importer(2089858483,192608db42251d675da83286b1cce702) (ScriptedImporter) -> (artifact id: 'c189f6115739daef58aba177a67cd94e') in 0.002654667 seconds
Number of updated asset objects reloaded before import = 0Number of asset objects unloaded after import = 0

========================================================================
Received Import Request.
  Time since last request: 0.000043 seconds.
  path: Assets/Photon/PhotonUnityNetworking/Icons/PunIcon-128.png
  artifactKey: Guid(bd293dc32f4aaf94e8274f2fac2cdf89) Importer(2089858483,192608db42251d675da83286b1cce702)
Start importing Assets/Photon/PhotonUnityNetworking/Icons/PunIcon-128.png using Guid(bd293dc32f4aaf94e8274f2fac2cdf89) Importer(2089858483,192608db42251d675da83286b1cce702) (ScriptedImporter) -> (artifact id: '1be696a89042e00c5c5f258bd58f90ef') in 0.007692375 seconds
Number of updated asset objects reloaded before import = 0Number of asset objects unloaded after import = 3

========================================================================
Received Import Request.
  Time since last request: 0.000085 seconds.
  path: Assets/Photon/PhotonUnityNetworking/Demos/DemoSlotRacer/Scripts/BezierCurve/Editor
  artifactKey: Guid(d748ea8848c248e449a5ca71e00d9bce) Importer(2089858483,192608db42251d675da83286b1cce702)
Start importing Assets/Photon/PhotonUnityNetworking/Demos/DemoSlotRacer/Scripts/BezierCurve/Editor using Guid(d748ea8848c248e449a5ca71e00d9bce) Importer(2089858483,192608db42251d675da83286b1cce702) (ScriptedImporter) -> (artifact id: '42684440d21719717ee3a68a20f5b634') in 0.001946875 seconds
Number of updated asset objects reloaded before import = 0Number of asset objects unloaded after import = 1

========================================================================
Received Import Request.
  Time since last request: 0.000044 seconds.
  path: Assets/Photon
  artifactKey: Guid(98951132346795f438babe7a3183da43) Importer(2089858483,192608db42251d675da83286b1cce702)
Start importing Assets/Photon using Guid(98951132346795f438babe7a3183da43) Importer(2089858483,192608db42251d675da83286b1cce702) (ScriptedImporter) -> (artifact id: '645aa82611c0ef831533ad6475a57d7e') in 0.001827583 seconds
Number of updated asset objects reloaded before import = 0Number of asset objects unloaded after import = 1

========================================================================
Received Import Request.
  Time since last request: 0.000080 seconds.
  path: Assets/Photon/PhotonUnityNetworking/UtilityScripts/Prototyping/OnEscapeQuit.cs
  artifactKey: Guid(1fbabafd914a48f4eb6108d8d8f43d29) Importer(2089858483,192608db42251d675da83286b1cce702)
Start importing Assets/Photon/PhotonUnityNetworking/UtilityScripts/Prototyping/OnEscapeQuit.cs using Guid(1fbabafd914a48f4eb6108d8d8f43d29) Importer(2089858483,192608db42251d675da83286b1cce702) (ScriptedImporter) -> (artifact id: '0330982f74d7b4510e1935811d214e35') in 0.002440292 seconds
Number of updated asset objects reloaded before import = 0Number of asset objects unloaded after import = 0

========================================================================
Received Import Request.
  Time since last request: 0.000052 seconds.
  path: Assets/Photon/PhotonUnityNetworking/Demos/DemoHub/toHub.png
  artifactKey: Guid(56d51860189dbec438e8e3fba90c46cc) Importer(2089858483,192608db42251d675da83286b1cce702)
Start importing Assets/Photon/PhotonUnityNetworking/Demos/DemoHub/toHub.png using Guid(56d51860189dbec438e8e3fba90c46cc) Importer(2089858483,192608db42251d675da83286b1cce702) (ScriptedImporter) -> (artifact id: '12cb4012cecf0a8cda1ed3019dfcfa76') in 0.00630475 seconds
Number of updated asset objects reloaded before import = 0Number of asset objects unloaded after import = 1

========================================================================
Received Import Request.
  Time since last request: 0.000050 seconds.
  path: Assets/Photon/PhotonUnityNetworking/Demos/DemoAsteroids/Textures/FlyerPlayershipAlbedo.tif
  artifactKey: Guid(b28381ec2a3dce5459a8fd396a0eb560) Importer(2089858483,192608db42251d675da83286b1cce702)
Start importing Assets/Photon/PhotonUnityNetworking/Demos/DemoAsteroids/Textures/FlyerPlayershipAlbedo.tif using Guid(b28381ec2a3dce5459a8fd396a0eb560) Importer(2089858483,192608db42251d675da83286b1cce702) (ScriptedImporter) -> (artifact id: '92c06c39e3decaeac9595562cad9c2a9') in 0.00629775 seconds
Number of updated asset objects reloaded before import = 0Number of asset objects unloaded after import = 1

========================================================================
Received Import Request.
  Time since last request: 0.000080 seconds.
  path: Assets/Photon/PhotonUnityNetworking/Demos/PunBasics-Tutorial/Prefabs
  artifactKey: Guid(bb03de2d6ee429e41a45bd16bf8caf87) Importer(2089858483,192608db42251d675da83286b1cce702)
Start importing Assets/Photon/PhotonUnityNetworking/Demos/PunBasics-Tutorial/Prefabs using Guid(bb03de2d6ee429e41a45bd16bf8caf87) Importer(2089858483,192608db42251d675da83286b1cce702) (ScriptedImporter) -> (artifact id: '07678a4efa9d7aa00c5cc7145fad3caa') in 0.001604125 seconds
Number of updated asset objects reloaded before import = 0Number of asset objects unloaded after import = 1

========================================================================
Received Import Request.
  Time since last request: 0.000044 seconds.
  path: Assets/Photon/PhotonUnityNetworking/Demos/DemoSlotRacer/Kenney Assets/Stylized city/Materials
  artifactKey: Guid(95ac6b2ddc0b178448b5cb43bdefc865) Importer(2089858483,192608db42251d675da83286b1cce702)
Start importing Assets/Photon/PhotonUnityNetworking/Demos/DemoSlotRacer/Kenney Assets/Stylized city/Materials using Guid(95ac6b2ddc0b178448b5cb43bdefc865) Importer(2089858483,192608db42251d675da83286b1cce702) (ScriptedImporter) -> (artifact id: '03edf1fdb2c23ca976aba7fc1abed468') in 0.001694584 seconds
Number of updated asset objects reloaded before import = 0Number of asset objects unloaded after import = 1

========================================================================
Received Import Request.
  Time since last request: 0.000050 seconds.
  path: Assets/Photon/PhotonUnityNetworking/Demos/PunBasics-Tutorial/Resources/My Robot Kyle -done-.prefab
  artifactKey: Guid(fe764102aa5aa431795da15fa2dec0e2) Importer(2089858483,192608db42251d675da83286b1cce702)
Start importing Assets/Photon/PhotonUnityNetworking/Demos/PunBasics-Tutorial/Resources/My Robot Kyle -done-.prefab using Guid(fe764102aa5aa431795da15fa2dec0e2) Importer(2089858483,192608db42251d675da83286b1cce702) (ScriptedImporter) -> (artifact id: '94a410fab2f1fbc715f1b6214fb6b158') in 0.020454833 seconds
Number of updated asset objects reloaded before import = 0Number of asset objects unloaded after import = 169

========================================================================
Received Import Request.
  Time since last request: 0.000043 seconds.
  path: Assets/Photon/PhotonChat/Code
  artifactKey: Guid(af83a98aaa4f7b64eb7fcec95ee7b1ed) Importer(2089858483,192608db42251d675da83286b1cce702)
Start importing Assets/Photon/PhotonChat/Code using Guid(af83a98aaa4f7b64eb7fcec95ee7b1ed) Importer(2089858483,192608db42251d675da83286b1cce702) (ScriptedImporter) -> (artifact id: 'f88a29d08215ca0f5d6c91ff84e0cd2e') in 0.001846375 seconds
Number of updated asset objects reloaded before import = 0Number of asset objects unloaded after import = 1

========================================================================
Received Import Request.
  Time since last request: 0.000050 seconds.
  path: Assets/Photon/PhotonUnityNetworking/Demos/DemoProcedural/Materials/Orange.mat
  artifactKey: Guid(09adc4af150569a4cb996354c367b8c8) Importer(2089858483,192608db42251d675da83286b1cce702)
Start importing Assets/Photon/PhotonUnityNetworking/Demos/DemoProcedural/Materials/Orange.mat using Guid(09adc4af150569a4cb996354c367b8c8) Importer(2089858483,192608db42251d675da83286b1cce702) (ScriptedImporter) -> (artifact id: '92e15fd6699221ace3a673050b24ac34') in 0.003315958 seconds
Number of updated asset objects reloaded before import = 0Number of asset objects unloaded after import = 1

========================================================================
Received Import Request.
  Time since last request: 0.000040 seconds.
  path: Assets/Photon/PhotonUnityNetworking/UtilityScripts/PhotonPlayer/Editor/PlayerNumberingInspector.cs
  artifactKey: Guid(d6590f39353bf4efdb3b14691166135f) Importer(2089858483,192608db42251d675da83286b1cce702)
Start importing Assets/Photon/PhotonUnityNetworking/UtilityScripts/PhotonPlayer/Editor/PlayerNumberingInspector.cs using Guid(d6590f39353bf4efdb3b14691166135f) Importer(2089858483,192608db42251d675da83286b1cce702) (ScriptedImporter) -> (artifact id: '1471e6ba98a5242be8a5c36148fa5aae') in 0.002772709 seconds
Number of updated asset objects reloaded before import = 0Number of asset objects unloaded after import = 0

========================================================================
Received Import Request.
  Time since last request: 0.000047 seconds.
  path: Assets/Photon/PhotonLibs/WebSocket/WebSocket.jslib
  artifactKey: Guid(04bb5f307f2e48b4fbaa6da865fd4091) Importer(2089858483,192608db42251d675da83286b1cce702)
Start importing Assets/Photon/PhotonLibs/WebSocket/WebSocket.jslib using Guid(04bb5f307f2e48b4fbaa6da865fd4091) Importer(2089858483,192608db42251d675da83286b1cce702) (ScriptedImporter) -> (artifact id: 'cc114a9530dd11770a24edbfac12be37') in 0.004282084 seconds
Number of updated asset objects reloaded before import = 0Number of asset objects unloaded after import = 0

========================================================================
Received Import Request.
  Time since last request: 0.000036 seconds.
  path: Assets/Photon/PhotonRealtime/Code/Unity/Editor
  artifactKey: Guid(a02814c0303a60f488813e6111993aaa) Importer(2089858483,192608db42251d675da83286b1cce702)
Start importing Assets/Photon/PhotonRealtime/Code/Unity/Editor using Guid(a02814c0303a60f488813e6111993aaa) Importer(2089858483,192608db42251d675da83286b1cce702) (ScriptedImporter) -> (artifact id: '759b913fde8d028a4b5cfdccfedee1ce') in 0.001708541 seconds
Number of updated asset objects reloaded before import = 0Number of asset objects unloaded after import = 1

========================================================================
Received Import Request.
  Time since last request: 0.000070 seconds.
  path: Assets/Photon/PhotonChat/Demos
  artifactKey: Guid(801c62f7d03cb463ba20067deb330234) Importer(2089858483,192608db42251d675da83286b1cce702)
Start importing Assets/Photon/PhotonChat/Demos using Guid(801c62f7d03cb463ba20067deb330234) Importer(2089858483,192608db42251d675da83286b1cce702) (ScriptedImporter) -> (artifact id: 'ec40eb5c18622f06923cfe73a75c4666') in 0.001859583 seconds
Number of updated asset objects reloaded before import = 0Number of asset objects unloaded after import = 1

========================================================================
Received Import Request.
  Time since last request: 0.000062 seconds.
  path: Assets/Photon/PhotonUnityNetworking/Demos/DemoSlotRacer/Kenney Assets/Racing Kit/Models/Materials/red.mat
  artifactKey: Guid(0d79812c7a78bb641b1ee85ce7da18c1) Importer(2089858483,192608db42251d675da83286b1cce702)
Start importing Assets/Photon/PhotonUnityNetworking/Demos/DemoSlotRacer/Kenney Assets/Racing Kit/Models/Materials/red.mat using Guid(0d79812c7a78bb641b1ee85ce7da18c1) Importer(2089858483,192608db42251d675da83286b1cce702) (ScriptedImporter) -> (artifact id: '4da2d80669ee525772d5cc46eeabbb5f') in 0.003370667 seconds
Number of updated asset objects reloaded before import = 0Number of asset objects unloaded after import = 1

========================================================================
Received Import Request.
  Time since last request: 0.000042 seconds.
  path: Assets/Photon/PhotonUnityNetworking/Demos/PunCockpit/Scripts/Lists/RegionListCell.cs
  artifactKey: Guid(02fae3d80c772498b829c70de76f4ba7) Importer(2089858483,192608db42251d675da83286b1cce702)
Start importing Assets/Photon/PhotonUnityNetworking/Demos/PunCockpit/Scripts/Lists/RegionListCell.cs using Guid(02fae3d80c772498b829c70de76f4ba7) Importer(2089858483,192608db42251d675da83286b1cce702) (ScriptedImporter) -> (artifact id: '02b478f3adcc8a2c5ebc3f77c69c40fc') in 0.002682875 seconds
Number of updated asset objects reloaded before import = 0Number of asset objects unloaded after import = 0

========================================================================
Received Import Request.
  Time since last request: 0.000042 seconds.
  path: Assets/Photon/PhotonUnityNetworking/UtilityScripts/Debugging
  artifactKey: Guid(72b80dd954bc647c4a2a924b87762f92) Importer(2089858483,192608db42251d675da83286b1cce702)
Start importing Assets/Photon/PhotonUnityNetworking/UtilityScripts/Debugging using Guid(72b80dd954bc647c4a2a924b87762f92) Importer(2089858483,192608db42251d675da83286b1cce702) (ScriptedImporter) -> (artifact id: 'f222f40cd314891114cc1d34b5584259') in 0.001832709 seconds
Number of updated asset objects reloaded before import = 0Number of asset objects unloaded after import = 1

========================================================================
Received Import Request.
  Time since last request: 0.000061 seconds.
  path: Assets/Photon/PhotonUnityNetworking/Demos/PunCockpit/Scripts/Autonomous UI/CrcCheckToggle.cs
  artifactKey: Guid(ac5f2e2d5fa8e4143ab9b97b523d3990) Importer(2089858483,192608db42251d675da83286b1cce702)
Start importing Assets/Photon/PhotonUnityNetworking/Demos/PunCockpit/Scripts/Autonomous UI/CrcCheckToggle.cs using Guid(ac5f2e2d5fa8e4143ab9b97b523d3990) Importer(2089858483,192608db42251d675da83286b1cce702) (ScriptedImporter) -> (artifact id: '0165c6a42adb106f0b5c5ed48a01e0bb') in 0.002432417 seconds
Number of updated asset objects reloaded before import = 0Number of asset objects unloaded after import = 0

========================================================================
Received Import Request.
  Time since last request: 0.000058 seconds.
  path: Assets/Photon/PhotonUnityNetworking/Demos/PunCockpit/Scripts/PropertyFields/UserIdField.cs
  artifactKey: Guid(4cc6aa808aba246ffa12d8e765f470ff) Importer(2089858483,192608db42251d675da83286b1cce702)
Start importing Assets/Photon/PhotonUnityNetworking/Demos/PunCockpit/Scripts/PropertyFields/UserIdField.cs using Guid(4cc6aa808aba246ffa12d8e765f470ff) Importer(2089858483,192608db42251d675da83286b1cce702) (ScriptedImporter) -> (artifact id: 'c9d8b3354137259dc13cb34b88201648') in 0.002558083 seconds
Number of updated asset objects reloaded before import = 0Number of asset objects unloaded after import = 0

========================================================================
Received Import Request.
  Time since last request: 0.000063 seconds.
  path: Assets/Photon/PhotonUnityNetworking/Demos/DemoAsteroids/Models/Materials/Asteroid.mat
  artifactKey: Guid(be2c382f522695c4fa3947ac8e1d4457) Importer(2089858483,192608db42251d675da83286b1cce702)
Start importing Assets/Photon/PhotonUnityNetworking/Demos/DemoAsteroids/Models/Materials/Asteroid.mat using Guid(be2c382f522695c4fa3947ac8e1d4457) Importer(2089858483,192608db42251d675da83286b1cce702) (ScriptedImporter) -> (artifact id: 'a3048ac10ba95a8c48501299a98082de') in 0.002711666 seconds
Number of updated asset objects reloaded before import = 0Number of asset objects unloaded after import = 1

========================================================================
Received Import Request.
  Time since last request: 0.000051 seconds.
  path: Assets/Photon/PhotonRealtime/Code/SupportLogger.cs
  artifactKey: Guid(9b61c60d38639484ebbd7f2100dd3d08) Importer(2089858483,192608db42251d675da83286b1cce702)
Start importing Assets/Photon/PhotonRealtime/Code/SupportLogger.cs using Guid(9b61c60d38639484ebbd7f2100dd3d08) Importer(2089858483,192608db42251d675da83286b1cce702) (ScriptedImporter) -> (artifact id: '65aa24fd514787602cd4d390b4a9ab6b') in 0.002382375 seconds
Number of updated asset objects reloaded before import = 0Number of asset objects unloaded after import = 0

========================================================================
Received Import Request.
  Time since last request: 0.000058 seconds.
  path: Assets/Photon/PhotonUnityNetworking/Demos/PunCockpit/PunCockpit.cs
  artifactKey: Guid(f65282626d77d47738989d339cb4f3ff) Importer(2089858483,192608db42251d675da83286b1cce702)
Start importing Assets/Photon/PhotonUnityNetworking/Demos/PunCockpit/PunCockpit.cs using Guid(f65282626d77d47738989d339cb4f3ff) Importer(2089858483,192608db42251d675da83286b1cce702) (ScriptedImporter) -> (artifact id: 'bb650068897ef6d98f6e5a8b09d5dc5d') in 0.0023265 seconds
Number of updated asset objects reloaded before import = 0Number of asset objects unloaded after import = 0

========================================================================
Received Import Request.
  Time since last request: 0.000056 seconds.
  path: Assets/Photon/PhotonUnityNetworking/Demos/DemoHub/Sprites/PunIcon-White-129.png
  artifactKey: Guid(56bbc6b42271d4177ac313247f47ac1f) Importer(2089858483,192608db42251d675da83286b1cce702)
Start importing Assets/Photon/PhotonUnityNetworking/Demos/DemoHub/Sprites/PunIcon-White-129.png using Guid(56bbc6b42271d4177ac313247f47ac1f) Importer(2089858483,192608db42251d675da83286b1cce702) (ScriptedImporter) -> (artifact id: '772e382c60414f4fa44ffc25e63ccae9') in 0.010527875 seconds
Number of updated asset objects reloaded before import = 0Number of asset objects unloaded after import = 3

========================================================================
Received Import Request.
  Time since last request: 0.000036 seconds.
  path: Assets/Photon/PhotonUnityNetworking/Demos/DemoAsteroids/Models/LaserBolt.fbx
  artifactKey: Guid(efbb13993d8043d4ba5c752ed4b1a2bc) Importer(2089858483,192608db42251d675da83286b1cce702)
Start importing Assets/Photon/PhotonUnityNetworking/Demos/DemoAsteroids/Models/LaserBolt.fbx using Guid(efbb13993d8043d4ba5c752ed4b1a2bc) Importer(2089858483,192608db42251d675da83286b1cce702) (ScriptedImporter) -> (artifact id: '50063e24ea978fe40b6a63e57e78e6fb') in 0.007930292 seconds
Number of updated asset objects reloaded before import = 0Number of asset objects unloaded after import = 8

========================================================================
Received Import Request.
  Time since last request: 0.000043 seconds.
  path: Assets/Photon/PhotonUnityNetworking/Demos/Shared Assets/Scripts/DocLinks.cs
  artifactKey: Guid(07e445bad5cb64ae8ad6661ce248d844) Importer(2089858483,192608db42251d675da83286b1cce702)
Start importing Assets/Photon/PhotonUnityNetworking/Demos/Shared Assets/Scripts/DocLinks.cs using Guid(07e445bad5cb64ae8ad6661ce248d844) Importer(2089858483,192608db42251d675da83286b1cce702) (ScriptedImporter) -> (artifact id: '2ca2354f4cbea8d2b3298a861eb560be') in 0.002931958 seconds
Number of updated asset objects reloaded before import = 0Number of asset objects unloaded after import = 0

========================================================================
Received Import Request.
  Time since last request: 0.000047 seconds.
  path: Assets/Photon/PhotonUnityNetworking/Code/Views
  artifactKey: Guid(a724ff00b77e85d44a2af6baf46fc6a2) Importer(2089858483,192608db42251d675da83286b1cce702)
Start importing Assets/Photon/PhotonUnityNetworking/Code/Views using Guid(a724ff00b77e85d44a2af6baf46fc6a2) Importer(2089858483,192608db42251d675da83286b1cce702) (ScriptedImporter) -> (artifact id: 'abcd30c242506991e0c4144089986920') in 0.002011708 seconds
Number of updated asset objects reloaded before import = 0Number of asset objects unloaded after import = 1

========================================================================
Received Import Request.
  Time since last request: 0.000039 seconds.
  path: Assets/Photon/PhotonUnityNetworking/Demos/DemoSlotRacer/Kenney Assets/Racing Kit/Models/roadStraightBridgeStart.fbx
  artifactKey: Guid(f3190f178f6804a438514c250f12db6a) Importer(2089858483,192608db42251d675da83286b1cce702)
Start importing Assets/Photon/PhotonUnityNetworking/Demos/DemoSlotRacer/Kenney Assets/Racing Kit/Models/roadStraightBridgeStart.fbx using Guid(f3190f178f6804a438514c250f12db6a) Importer(2089858483,192608db42251d675da83286b1cce702) (ScriptedImporter) -> (artifact id: '43295e267bb254049d961a44f863e213') in 0.009287416 seconds
Number of updated asset objects reloaded before import = 0Number of asset objects unloaded after import = 10

========================================================================
Received Import Request.
  Time since last request: 0.000036 seconds.
  path: Assets/Photon/PhotonUnityNetworking/Demos/DemoHub/Sprites/OutlinedSquaredBox.png
  artifactKey: Guid(c222cd02c447941edb09ecb6433229ce) Importer(2089858483,192608db42251d675da83286b1cce702)
Start importing Assets/Photon/PhotonUnityNetworking/Demos/DemoHub/Sprites/OutlinedSquaredBox.png using Guid(c222cd02c447941edb09ecb6433229ce) Importer(2089858483,192608db42251d675da83286b1cce702) (ScriptedImporter) -> (artifact id: 'e514ca6bebf60bacc542620eb629c550') in 0.00767575 seconds
Number of updated asset objects reloaded before import = 0Number of asset objects unloaded after import = 3

========================================================================
Received Import Request.
  Time since last request: 0.000054 seconds.
  path: Assets/Photon/PhotonUnityNetworking/Demos/Shared Assets/Animations/HumanoidIdle.fbx
  artifactKey: Guid(dffa50cfe77e0434bbfa71245b3dd529) Importer(2089858483,192608db42251d675da83286b1cce702)
Start importing Assets/Photon/PhotonUnityNetworking/Demos/Shared Assets/Animations/HumanoidIdle.fbx using Guid(dffa50cfe77e0434bbfa71245b3dd529) Importer(2089858483,192608db42251d675da83286b1cce702) (ScriptedImporter) -> (artifact id: '1af94d434007e505efdc7dce9f09eddb') in 0.013272291 seconds
Number of updated asset objects reloaded before import = 0Number of asset objects unloaded after import = 157

========================================================================
Received Import Request.
  Time since last request: 0.000040 seconds.
  path: Assets/Photon/PhotonUnityNetworking/Demos/DemoAsteroids/Scripts/Game
  artifactKey: Guid(8d3277e3b6ea2fa4885437f70ca2497c) Importer(2089858483,192608db42251d675da83286b1cce702)
Start importing Assets/Photon/PhotonUnityNetworking/Demos/DemoAsteroids/Scripts/Game using Guid(8d3277e3b6ea2fa4885437f70ca2497c) Importer(2089858483,192608db42251d675da83286b1cce702) (ScriptedImporter) -> (artifact id: '1bd292ca30bd9046c7ddee88ca03bf2f') in 0.001922333 seconds
Number of updated asset objects reloaded before import = 0Number of asset objects unloaded after import = 1

========================================================================
Received Import Request.
  Time since last request: 0.000044 seconds.
  path: Assets/Photon/PhotonChat/Code/changes-chat.txt
  artifactKey: Guid(e5c3dda6f11fe7845989297c8a603dc2) Importer(2089858483,192608db42251d675da83286b1cce702)
Start importing Assets/Photon/PhotonChat/Code/changes-chat.txt using Guid(e5c3dda6f11fe7845989297c8a603dc2) Importer(2089858483,192608db42251d675da83286b1cce702) (ScriptedImporter) -> (artifact id: 'e884ca5960af0ea1597b430296b25701') in 0.002086958 seconds
Number of updated asset objects reloaded before import = 0Number of asset objects unloaded after import = 1

========================================================================
Received Import Request.
  Time since last request: 0.000057 seconds.
  path: Assets/Photon/PhotonUnityNetworking/Code/Editor/Views/PhotonTransformViewClassicEditor.cs
  artifactKey: Guid(22292ca8ffb574945bedfaf49266672e) Importer(2089858483,192608db42251d675da83286b1cce702)
Start importing Assets/Photon/PhotonUnityNetworking/Code/Editor/Views/PhotonTransformViewClassicEditor.cs using Guid(22292ca8ffb574945bedfaf49266672e) Importer(2089858483,192608db42251d675da83286b1cce702) (ScriptedImporter) -> (artifact id: '0dde40b44097ad2edca7695bc2fa1ef8') in 0.002599625 seconds
Number of updated asset objects reloaded before import = 0Number of asset objects unloaded after import = 0

========================================================================
Received Import Request.
  Time since last request: 0.000047 seconds.
  path: Assets/Photon/PhotonUnityNetworking/Demos/DemoSlotRacer/Kenney Assets/Stylized city/Materials/13 - Default.mat
  artifactKey: Guid(b957742c5b9bfd441b9b330c8b55d0c5) Importer(2089858483,192608db42251d675da83286b1cce702)
Start importing Assets/Photon/PhotonUnityNetworking/Demos/DemoSlotRacer/Kenney Assets/Stylized city/Materials/13 - Default.mat using Guid(b957742c5b9bfd441b9b330c8b55d0c5) Importer(2089858483,192608db42251d675da83286b1cce702) (ScriptedImporter) -> (artifact id: '9d0d140ce2337b000d6d7aa38417e698') in 0.003160875 seconds
Number of updated asset objects reloaded before import = 0Number of asset objects unloaded after import = 1

========================================================================
Received Import Request.
  Time since last request: 0.000066 seconds.
  path: Assets/Photon/PhotonUnityNetworking/Demos/DemoSlotRacer/Kenney Assets/Racing Kit/Models/Textures
  artifactKey: Guid(b8fffc43e3e50674e971d47c073367c0) Importer(2089858483,192608db42251d675da83286b1cce702)
Start importing Assets/Photon/PhotonUnityNetworking/Demos/DemoSlotRacer/Kenney Assets/Racing Kit/Models/Textures using Guid(b8fffc43e3e50674e971d47c073367c0) Importer(2089858483,192608db42251d675da83286b1cce702) (ScriptedImporter) -> (artifact id: 'f90989ed68dcbabed0508a2ba849576f') in 0.002098708 seconds
Number of updated asset objects reloaded before import = 0Number of asset objects unloaded after import = 1

========================================================================
Received Import Request.
  Time since last request: 0.000053 seconds.
  path: Assets/Photon/PhotonUnityNetworking/Demos/DemoAsteroids
  artifactKey: Guid(836b5819c0347f0458f3e374fa3c2230) Importer(2089858483,192608db42251d675da83286b1cce702)
Start importing Assets/Photon/PhotonUnityNetworking/Demos/DemoAsteroids using Guid(836b5819c0347f0458f3e374fa3c2230) Importer(2089858483,192608db42251d675da83286b1cce702) (ScriptedImporter) -> (artifact id: '5ce421409c903c9689cc6778698853fc') in 0.001934541 seconds
Number of updated asset objects reloaded before import = 0Number of asset objects unloaded after import = 1

========================================================================
Received Import Request.
  Time since last request: 0.000077 seconds.
  path: Assets/Photon/PhotonUnityNetworking/Demos/PunBasics-Tutorial/Scenes/PunBasics-Room for 3.unity
  artifactKey: Guid(e07afcca5bf1a41f5bd28f498656b7b8) Importer(2089858483,192608db42251d675da83286b1cce702)
Start importing Assets/Photon/PhotonUnityNetworking/Demos/PunBasics-Tutorial/Scenes/PunBasics-Room for 3.unity using Guid(e07afcca5bf1a41f5bd28f498656b7b8) Importer(2089858483,192608db42251d675da83286b1cce702) (ScriptedImporter) -> (artifact id: 'adb931db123534c4b2cb0bcece8f7957') in 0.003583791 seconds
Number of updated asset objects reloaded before import = 0Number of asset objects unloaded after import = 1

========================================================================
Received Import Request.
  Time since last request: 0.000074 seconds.
  path: Assets/Photon/PhotonUnityNetworking/Demos/DemoAsteroids/Scenes/DemoAsteroids-GameScene.unity
  artifactKey: Guid(98efc37d6307844488eb3e4247dde7e9) Importer(2089858483,192608db42251d675da83286b1cce702)
Start importing Assets/Photon/PhotonUnityNetworking/Demos/DemoAsteroids/Scenes/DemoAsteroids-GameScene.unity using Guid(98efc37d6307844488eb3e4247dde7e9) Importer(2089858483,192608db42251d675da83286b1cce702) (ScriptedImporter) -> (artifact id: '541caa9cc3a145dd9fdfb2fcbc8740a1') in 0.004268125 seconds
Number of updated asset objects reloaded before import = 0Number of asset objects unloaded after import = 1

========================================================================
Received Import Request.
  Time since last request: 0.000065 seconds.
  path: Assets/Photon/PhotonUnityNetworking/Demos/DemoSlotRacer/SlotCar-Scene/LightingData.asset
  artifactKey: Guid(7c8e0d280c24c4aba81a4294e87548ec) Importer(2089858483,192608db42251d675da83286b1cce702)
Start importing Assets/Photon/PhotonUnityNetworking/Demos/DemoSlotRacer/SlotCar-Scene/LightingData.asset using Guid(7c8e0d280c24c4aba81a4294e87548ec) Importer(2089858483,192608db42251d675da83286b1cce702) (ScriptedImporter) -> (artifact id: 'cd9073c329d11707a73754033081e6ef') in 0.003832291 seconds
Number of updated asset objects reloaded before import = 0Number of asset objects unloaded after import = 2

========================================================================
Received Import Request.
  Time since last request: 0.000052 seconds.
  path: Assets/Photon/PhotonUnityNetworking/Code/Editor
  artifactKey: Guid(e14293cef01c2f742a605d63babcb803) Importer(2089858483,192608db42251d675da83286b1cce702)
Start importing Assets/Photon/PhotonUnityNetworking/Code/Editor using Guid(e14293cef01c2f742a605d63babcb803) Importer(2089858483,192608db42251d675da83286b1cce702) (ScriptedImporter) -> (artifact id: '4e67dd8e9dfbf91640c98a3645e29ed2') in 0.001825875 seconds
Number of updated asset objects reloaded before import = 0Number of asset objects unloaded after import = 1

========================================================================
Received Import Request.
  Time since last request: 0.000055 seconds.
  path: Assets/Photon/PhotonUnityNetworking/UtilityScripts/UI/TextToggleIsOnTransition.cs
  artifactKey: Guid(ec99d371d7c8e44899ce4b834dfd4d6a) Importer(2089858483,192608db42251d675da83286b1cce702)
Start importing Assets/Photon/PhotonUnityNetworking/UtilityScripts/UI/TextToggleIsOnTransition.cs using Guid(ec99d371d7c8e44899ce4b834dfd4d6a) Importer(2089858483,192608db42251d675da83286b1cce702) (ScriptedImporter) -> (artifact id: '02c5d02ef2988907c2fe4f9b915433c0') in 0.002542209 seconds
Number of updated asset objects reloaded before import = 0Number of asset objects unloaded after import = 0

========================================================================
Received Import Request.
  Time since last request: 0.000054 seconds.
  path: Assets/Photon/PhotonUnityNetworking/Demos/PunCockpit/Scripts/Lists/RoomListCell.cs
  artifactKey: Guid(347470b28bdc940a9b92930118dbc7e0) Importer(2089858483,192608db42251d675da83286b1cce702)
Start importing Assets/Photon/PhotonUnityNetworking/Demos/PunCockpit/Scripts/Lists/RoomListCell.cs using Guid(347470b28bdc940a9b92930118dbc7e0) Importer(2089858483,192608db42251d675da83286b1cce702) (ScriptedImporter) -> (artifact id: 'debb6a0c0c090cf701b478aad0521813') in 0.002640917 seconds
Number of updated asset objects reloaded before import = 0Number of asset objects unloaded after import = 0

========================================================================
Received Import Request.
  Time since last request: 0.000061 seconds.
  path: Assets/Photon/PhotonUnityNetworking/Demos/PunCockpit/Scripts/ReadOnlyProperties/CountOfRoomsProperty.cs
  artifactKey: Guid(8da0abdf8617d4c76bc84fc49e21c53b) Importer(2089858483,192608db42251d675da83286b1cce702)
Start importing Assets/Photon/PhotonUnityNetworking/Demos/PunCockpit/Scripts/ReadOnlyProperties/CountOfRoomsProperty.cs using Guid(8da0abdf8617d4c76bc84fc49e21c53b) Importer(2089858483,192608db42251d675da83286b1cce702) (ScriptedImporter) -> (artifact id: '9823b58c92bf97f964a573c831a4ee19') in 0.002606292 seconds
Number of updated asset objects reloaded before import = 0Number of asset objects unloaded after import = 0

========================================================================
Received Import Request.
  Time since last request: 0.000053 seconds.
  path: Assets/Photon/PhotonUnityNetworking/Demos/DemoSlotRacer/Kenney Assets/Stylized city/Models/tree_6.FBX
  artifactKey: Guid(45e438e80c2860545b63beb8d6718edd) Importer(2089858483,192608db42251d675da83286b1cce702)
Start importing Assets/Photon/PhotonUnityNetworking/Demos/DemoSlotRacer/Kenney Assets/Stylized city/Models/tree_6.FBX using Guid(45e438e80c2860545b63beb8d6718edd) Importer(2089858483,192608db42251d675da83286b1cce702) (ScriptedImporter) -> (artifact id: '383536ba407081ae431fd3a8992097b1') in 0.012131834 seconds
Number of updated asset objects reloaded before import = 0Number of asset objects unloaded after import = 24

========================================================================
Received Import Request.
  Time since last request: 0.000041 seconds.
  path: Assets/Photon/PhotonUnityNetworking/Demos/DemoHub/Sprites/toHub.png
  artifactKey: Guid(9587663c4d27e47b19a118aabaac4a08) Importer(2089858483,192608db42251d675da83286b1cce702)
Start importing Assets/Photon/PhotonUnityNetworking/Demos/DemoHub/Sprites/toHub.png using Guid(9587663c4d27e47b19a118aabaac4a08) Importer(2089858483,192608db42251d675da83286b1cce702) (ScriptedImporter) -> (artifact id: '1a7bd84a7e5f4126b55c82471a9e90cd') in 0.0074385 seconds
Number of updated asset objects reloaded before import = 0Number of asset objects unloaded after import = 3

========================================================================
Received Import Request.
  Time since last request: 0.000071 seconds.
  path: Assets/Photon/PhotonUnityNetworking/Demos/DemoSlotRacer/SlotCar-Scene.unity
  artifactKey: Guid(711b38c07f2cf904f81b3422c67f1825) Importer(2089858483,192608db42251d675da83286b1cce702)
Start importing Assets/Photon/PhotonUnityNetworking/Demos/DemoSlotRacer/SlotCar-Scene.unity using Guid(711b38c07f2cf904f81b3422c67f1825) Importer(2089858483,192608db42251d675da83286b1cce702) (ScriptedImporter) -> (artifact id: '4a1e68e061577558fc5af73315e76b92') in 0.006716708 seconds
Number of updated asset objects reloaded before import = 0Number of asset objects unloaded after import = 1

========================================================================
Received Import Request.
  Time since last request: 0.000049 seconds.
  path: Assets/Photon/PhotonUnityNetworking/Demos/PunCockpit/Scripts/ReadOnlyProperties/CurrentRoomMaxPlayersProperty.cs
  artifactKey: Guid(917233b0ebdbc43ff89ee3e8d30b5d88) Importer(2089858483,192608db42251d675da83286b1cce702)
Start importing Assets/Photon/PhotonUnityNetworking/Demos/PunCockpit/Scripts/ReadOnlyProperties/CurrentRoomMaxPlayersProperty.cs using Guid(917233b0ebdbc43ff89ee3e8d30b5d88) Importer(2089858483,192608db42251d675da83286b1cce702) (ScriptedImporter) -> (artifact id: '2137e1087f144d81ae1890158a47b455') in 0.002502042 seconds
Number of updated asset objects reloaded before import = 0Number of asset objects unloaded after import = 0

========================================================================
Received Import Request.
  Time since last request: 0.000054 seconds.
  path: Assets/Photon/PhotonUnityNetworking/Code/Editor/PhotonEditor.cs
  artifactKey: Guid(dabbbed2a74eac44dac281f20d706ba8) Importer(2089858483,192608db42251d675da83286b1cce702)
Start importing Assets/Photon/PhotonUnityNetworking/Code/Editor/PhotonEditor.cs using Guid(dabbbed2a74eac44dac281f20d706ba8) Importer(2089858483,192608db42251d675da83286b1cce702) (ScriptedImporter) -> (artifact id: 'de82e588492a82f01d250d663e15d603') in 0.002413791 seconds
Number of updated asset objects reloaded before import = 0Number of asset objects unloaded after import = 0

========================================================================
Received Import Request.
  Time since last request: 0.000059 seconds.
  path: Assets/Photon/PhotonChat/Code/ChatDisconnectCause.cs
  artifactKey: Guid(b90b85043f1857f43b94fd00edfc1ef1) Importer(2089858483,192608db42251d675da83286b1cce702)
Start importing Assets/Photon/PhotonChat/Code/ChatDisconnectCause.cs using Guid(b90b85043f1857f43b94fd00edfc1ef1) Importer(2089858483,192608db42251d675da83286b1cce702) (ScriptedImporter) -> (artifact id: 'd67d302f57f42879d39ce6d4dcc818bc') in 0.002126 seconds
Number of updated asset objects reloaded before import = 0Number of asset objects unloaded after import = 0

========================================================================
Received Import Request.
  Time since last request: 0.000052 seconds.
  path: Assets/Photon/PhotonUnityNetworking/Demos/DemoAsteroids/Materials/WhiteSmooth.mat
  artifactKey: Guid(b05171e12835ff84fb155f51d69d7c31) Importer(2089858483,192608db42251d675da83286b1cce702)
Start importing Assets/Photon/PhotonUnityNetworking/Demos/DemoAsteroids/Materials/WhiteSmooth.mat using Guid(b05171e12835ff84fb155f51d69d7c31) Importer(2089858483,192608db42251d675da83286b1cce702) (ScriptedImporter) -> (artifact id: 'a742460ccc4773707d54eb6991bb00e1') in 0.0035685 seconds
Number of updated asset objects reloaded before import = 0Number of asset objects unloaded after import = 1

========================================================================
Received Import Request.
  Time since last request: 0.000048 seconds.
  path: Assets/Photon/PhotonUnityNetworking/Demos/DemoSlotRacer/Kenney Assets
  artifactKey: Guid(bbdd20181375f86428af8f3a57e6735f) Importer(2089858483,192608db42251d675da83286b1cce702)
Start importing Assets/Photon/PhotonUnityNetworking/Demos/DemoSlotRacer/Kenney Assets using Guid(bbdd20181375f86428af8f3a57e6735f) Importer(2089858483,192608db42251d675da83286b1cce702) (ScriptedImporter) -> (artifact id: 'e965997c276a3bc2b464cc8c956d4b73') in 0.001711459 seconds
Number of updated asset objects reloaded before import = 0Number of asset objects unloaded after import = 1

========================================================================
Received Import Request.
  Time since last request: 0.000050 seconds.
  path: Assets/Photon/PhotonUnityNetworking/Demos/DemoProcedural/Scripts/IngameControlPanel.cs
  artifactKey: Guid(e821c7c24a983d941a2d2c4400ecf9f7) Importer(2089858483,192608db42251d675da83286b1cce702)
Start importing Assets/Photon/PhotonUnityNetworking/Demos/DemoProcedural/Scripts/IngameControlPanel.cs using Guid(e821c7c24a983d941a2d2c4400ecf9f7) Importer(2089858483,192608db42251d675da83286b1cce702) (ScriptedImporter) -> (artifact id: 'c1bc12e56e4c35506cc10574e216742e') in 0.002355 seconds
Number of updated asset objects reloaded before import = 0Number of asset objects unloaded after import = 0

========================================================================
Received Import Request.
  Time since last request: 0.000054 seconds.
  path: Assets/Photon/PhotonRealtime/Code/AppSettings.cs
  artifactKey: Guid(272beb7315eb9fc4daecafe2ff373baf) Importer(2089858483,192608db42251d675da83286b1cce702)
Start importing Assets/Photon/PhotonRealtime/Code/AppSettings.cs using Guid(272beb7315eb9fc4daecafe2ff373baf) Importer(2089858483,192608db42251d675da83286b1cce702) (ScriptedImporter) -> (artifact id: 'af70df2635d7d828f49788277e76022c') in 0.002275833 seconds
Number of updated asset objects reloaded before import = 0Number of asset objects unloaded after import = 0

========================================================================
Received Import Request.
  Time since last request: 0.000053 seconds.
  path: Assets/Photon/PhotonUnityNetworking/Code/Editor/PunSceneSettings.cs
  artifactKey: Guid(fc3284eace5a64d4bb516df7d7effdb9) Importer(2089858483,192608db42251d675da83286b1cce702)
Start importing Assets/Photon/PhotonUnityNetworking/Code/Editor/PunSceneSettings.cs using Guid(fc3284eace5a64d4bb516df7d7effdb9) Importer(2089858483,192608db42251d675da83286b1cce702) (ScriptedImporter) -> (artifact id: 'ef3c7e123e179d5d482152369b00d4db') in 0.002281375 seconds
Number of updated asset objects reloaded before import = 0Number of asset objects unloaded after import = 0

========================================================================
Received Import Request.
  Time since last request: 0.000049 seconds.
  path: Assets/Photon/PhotonChat/Demos/DemoChat/DemoChat-Scene.unity
  artifactKey: Guid(ec07267f6a28fb044ac89845274e79af) Importer(2089858483,192608db42251d675da83286b1cce702)
Start importing Assets/Photon/PhotonChat/Demos/DemoChat/DemoChat-Scene.unity using Guid(ec07267f6a28fb044ac89845274e79af) Importer(2089858483,192608db42251d675da83286b1cce702) (ScriptedImporter) -> (artifact id: '2026a0f932557d1da858622976b4cf10') in 0.005269708 seconds
Number of updated asset objects reloaded before import = 0Number of asset objects unloaded after import = 1

========================================================================
Received Import Request.
  Time since last request: 0.000063 seconds.
  path: Assets/Photon/PhotonUnityNetworking/Demos/DemoAsteroids/Scripts/Lobby
  artifactKey: Guid(7087de22e901cb24d91f7c256e564de6) Importer(2089858483,192608db42251d675da83286b1cce702)
Start importing Assets/Photon/PhotonUnityNetworking/Demos/DemoAsteroids/Scripts/Lobby using Guid(7087de22e901cb24d91f7c256e564de6) Importer(2089858483,192608db42251d675da83286b1cce702) (ScriptedImporter) -> (artifact id: '2d5d1b520196c3d015e1bc8ab383d23f') in 0.001731292 seconds
Number of updated asset objects reloaded before import = 0Number of asset objects unloaded after import = 1

========================================================================
Received Import Request.
  Time since last request: 0.000057 seconds.
  path: Assets/Photon/PhotonUnityNetworking/UtilityScripts/Prototyping/OnClickInstantiate.cs
  artifactKey: Guid(9b79a9b62449de940a073364858c3f9b) Importer(2089858483,192608db42251d675da83286b1cce702)
Start importing Assets/Photon/PhotonUnityNetworking/UtilityScripts/Prototyping/OnClickInstantiate.cs using Guid(9b79a9b62449de940a073364858c3f9b) Importer(2089858483,192608db42251d675da83286b1cce702) (ScriptedImporter) -> (artifact id: '13f618a202d0a3e783608d03ec96eaa2') in 0.005027625 seconds
Number of updated asset objects reloaded before import = 0Number of asset objects unloaded after import = 0

========================================================================
Received Import Request.
  Time since last request: 0.000056 seconds.
  path: Assets/Photon/PhotonUnityNetworking/Code/Editor/PunSceneSettingsInspector.cs
  artifactKey: Guid(1ad59deacfd0848dcb64a51b0a0eb960) Importer(2089858483,192608db42251d675da83286b1cce702)
Start importing Assets/Photon/PhotonUnityNetworking/Code/Editor/PunSceneSettingsInspector.cs using Guid(1ad59deacfd0848dcb64a51b0a0eb960) Importer(2089858483,192608db42251d675da83286b1cce702) (ScriptedImporter) -> (artifact id: '7c9d87d20c21b9f568a7c2739f7f8d03') in 0.002542792 seconds
Number of updated asset objects reloaded before import = 0Number of asset objects unloaded after import = 0

========================================================================
Received Import Request.
  Time since last request: 0.000048 seconds.
  path: Assets/Photon/PhotonRealtime/Code/FriendInfo.cs
  artifactKey: Guid(94ba1138c322ea04c8c37cfbcf87f468) Importer(2089858483,192608db42251d675da83286b1cce702)
Start importing Assets/Photon/PhotonRealtime/Code/FriendInfo.cs using Guid(94ba1138c322ea04c8c37cfbcf87f468) Importer(2089858483,192608db42251d675da83286b1cce702) (ScriptedImporter) -> (artifact id: 'd72d27935f5722f3104928d3430bd1ac') in 0.002435167 seconds
Number of updated asset objects reloaded before import = 0Number of asset objects unloaded after import = 0

========================================================================
Received Import Request.
  Time since last request: 0.000032 seconds.
  path: Assets/Photon/PhotonUnityNetworking/Demos/DemoProcedural
  artifactKey: Guid(5be0f48c310a256419f65a4919c8ea94) Importer(2089858483,192608db42251d675da83286b1cce702)
Start importing Assets/Photon/PhotonUnityNetworking/Demos/DemoProcedural using Guid(5be0f48c310a256419f65a4919c8ea94) Importer(2089858483,192608db42251d675da83286b1cce702) (ScriptedImporter) -> (artifact id: '8543da1f771891676479bf6d08e8b9a9') in 0.001859833 seconds
Number of updated asset objects reloaded before import = 0Number of asset objects unloaded after import = 1

========================================================================
Received Import Request.
  Time since last request: 0.000047 seconds.
  path: Assets/Photon/PhotonUnityNetworking/Demos/DemoSlotRacer/Kenney Assets/Stylized city/Materials/ground_green232.mat
  artifactKey: Guid(fd4000dd854ad0e40ba2a59fab94cad1) Importer(2089858483,192608db42251d675da83286b1cce702)
Start importing Assets/Photon/PhotonUnityNetworking/Demos/DemoSlotRacer/Kenney Assets/Stylized city/Materials/ground_green232.mat using Guid(fd4000dd854ad0e40ba2a59fab94cad1) Importer(2089858483,192608db42251d675da83286b1cce702) (ScriptedImporter) -> (artifact id: '15dc6dc7ca0ce275f6494f58b0e1db87') in 0.003402667 seconds
Number of updated asset objects reloaded before import = 0Number of asset objects unloaded after import = 1

========================================================================
Received Import Request.
  Time since last request: 0.000037 seconds.
  path: Assets/Photon/PhotonUnityNetworking/UtilityScripts/TurnBased
  artifactKey: Guid(2edc8c63e86d94f6990d3f7e7e90066a) Importer(2089858483,192608db42251d675da83286b1cce702)
Start importing Assets/Photon/PhotonUnityNetworking/UtilityScripts/TurnBased using Guid(2edc8c63e86d94f6990d3f7e7e90066a) Importer(2089858483,192608db42251d675da83286b1cce702) (ScriptedImporter) -> (artifact id: '34312067d85ae23b5c5f718a7e68314f') in 0.0019465 seconds
Number of updated asset objects reloaded before import = 0Number of asset objects unloaded after import = 1

========================================================================
Received Import Request.
  Time since last request: 0.000047 seconds.
  path: Assets/Photon/PhotonUnityNetworking/Demos/PunCockpit/Scripts/ReadOnlyProperties/CurrentRoomAutoCleanupProperty.cs
  artifactKey: Guid(b5de4d7e09db242c4aa0d47c4416630b) Importer(2089858483,192608db42251d675da83286b1cce702)
Start importing Assets/Photon/PhotonUnityNetworking/Demos/PunCockpit/Scripts/ReadOnlyProperties/CurrentRoomAutoCleanupProperty.cs using Guid(b5de4d7e09db242c4aa0d47c4416630b) Importer(2089858483,192608db42251d675da83286b1cce702) (ScriptedImporter) -> (artifact id: '1e513556102d82d7e65ed2b6f339c999') in 0.002627625 seconds
Number of updated asset objects reloaded before import = 0Number of asset objects unloaded after import = 0

========================================================================
Received Import Request.
  Time since last request: 0.000045 seconds.
  path: Assets/Photon/PhotonUnityNetworking/Demos/DemoAsteroids/Textures/FlyerPlayershipOcclusion.tif
  artifactKey: Guid(34b19bc20b665b240af9c0fc9d0086f6) Importer(2089858483,192608db42251d675da83286b1cce702)
Start importing Assets/Photon/PhotonUnityNetworking/Demos/DemoAsteroids/Textures/FlyerPlayershipOcclusion.tif using Guid(34b19bc20b665b240af9c0fc9d0086f6) Importer(2089858483,192608db42251d675da83286b1cce702) (ScriptedImporter) -> (artifact id: '22594a16958210294e4bd0e0af657344') in 0.007004083 seconds
Number of updated asset objects reloaded before import = 0Number of asset objects unloaded after import = 1

========================================================================
Received Import Request.
  Time since last request: 0.000056 seconds.
  path: Assets/Photon/PhotonUnityNetworking/Demos/Shared Assets/Textures/UnitCircleTexture.png
  artifactKey: Guid(875557e634eec5c42a4681b331501c01) Importer(2089858483,192608db42251d675da83286b1cce702)
Start importing Assets/Photon/PhotonUnityNetworking/Demos/Shared Assets/Textures/UnitCircleTexture.png using Guid(875557e634eec5c42a4681b331501c01) Importer(2089858483,192608db42251d675da83286b1cce702) (ScriptedImporter) -> (artifact id: 'a4c9d5b61434a703d280c3418a1746ee') in 0.006630667 seconds
Number of updated asset objects reloaded before import = 0Number of asset objects unloaded after import = 1

========================================================================
Received Import Request.
  Time since last request: 0.000049 seconds.
  path: Assets/Photon/PhotonUnityNetworking/Demos/PunCockpit/Scripts/ReadOnlyProperties/ServerAddressProperty.cs
  artifactKey: Guid(f467ca90418914fcd959dcc9ebb1edca) Importer(2089858483,192608db42251d675da83286b1cce702)
Start importing Assets/Photon/PhotonUnityNetworking/Demos/PunCockpit/Scripts/ReadOnlyProperties/ServerAddressProperty.cs using Guid(f467ca90418914fcd959dcc9ebb1edca) Importer(2089858483,192608db42251d675da83286b1cce702) (ScriptedImporter) -> (artifact id: '62de86a72e8d722806b65ec69aa7a2fb') in 0.002558166 seconds
Number of updated asset objects reloaded before import = 0Number of asset objects unloaded after import = 0

========================================================================
Received Import Request.
  Time since last request: 0.000056 seconds.
  path: Assets/Photon/PhotonUnityNetworking/Demos/Shared Assets/Textures
  artifactKey: Guid(15ea5c1da8ad3e14490043dddecfa93d) Importer(2089858483,192608db42251d675da83286b1cce702)
Start importing Assets/Photon/PhotonUnityNetworking/Demos/Shared Assets/Textures using Guid(15ea5c1da8ad3e14490043dddecfa93d) Importer(2089858483,192608db42251d675da83286b1cce702) (ScriptedImporter) -> (artifact id: '4e0d80c2b07898265b56c7ef010a8c25') in 0.001680542 seconds
Number of updated asset objects reloaded before import = 0Number of asset objects unloaded after import = 1

========================================================================
Received Import Request.
  Time since last request: 0.000056 seconds.
  path: Assets/Photon/PhotonUnityNetworking/Demos/PunCockpit/Scripts/Autonomous UI/AutoSyncSceneToggle.cs
  artifactKey: Guid(345270254ed7b49e89ce5662ca70a091) Importer(2089858483,192608db42251d675da83286b1cce702)
Start importing Assets/Photon/PhotonUnityNetworking/Demos/PunCockpit/Scripts/Autonomous UI/AutoSyncSceneToggle.cs using Guid(345270254ed7b49e89ce5662ca70a091) Importer(2089858483,192608db42251d675da83286b1cce702) (ScriptedImporter) -> (artifact id: 'cd6e3806a8063c625f29420be48288d6') in 0.002665458 seconds
Number of updated asset objects reloaded before import = 0Number of asset objects unloaded after import = 0

========================================================================
Received Import Request.
  Time since last request: 0.000056 seconds.
  path: Assets/Photon/PhotonLibs/netstandard2.0
  artifactKey: Guid(beb9d2a25c882b54ab2fd9adaec2b53c) Importer(2089858483,192608db42251d675da83286b1cce702)
Start importing Assets/Photon/PhotonLibs/netstandard2.0 using Guid(beb9d2a25c882b54ab2fd9adaec2b53c) Importer(2089858483,192608db42251d675da83286b1cce702) (ScriptedImporter) -> (artifact id: '203bb3c6a78e0aba18487029dbf95db9') in 0.001860541 seconds
Number of updated asset objects reloaded before import = 0Number of asset objects unloaded after import = 1

========================================================================
Received Import Request.
  Time since last request: 0.000042 seconds.
  path: Assets/Photon/PhotonLibs/WebSocket/PhotonWebSocket.asmdef
  artifactKey: Guid(a10ff188cbfd201409863c062b118e1d) Importer(2089858483,192608db42251d675da83286b1cce702)
Start importing Assets/Photon/PhotonLibs/WebSocket/PhotonWebSocket.asmdef using Guid(a10ff188cbfd201409863c062b118e1d) Importer(2089858483,192608db42251d675da83286b1cce702) (ScriptedImporter) -> (artifact id: '3f39c37b2a2a423c784fd3dee85dfd2d') in 0.002701459 seconds
Number of updated asset objects reloaded before import = 0Number of asset objects unloaded after import = 1

========================================================================
Received Import Request.
  Time since last request: 0.000046 seconds.
  path: Assets/Photon/PhotonLibs/netstandard2.0/Photon3Unity3D.pdb
  artifactKey: Guid(0f6296aca03a5574eb30b4277a2076fd) Importer(2089858483,192608db42251d675da83286b1cce702)
Start importing Assets/Photon/PhotonLibs/netstandard2.0/Photon3Unity3D.pdb using Guid(0f6296aca03a5574eb30b4277a2076fd) Importer(2089858483,192608db42251d675da83286b1cce702) (ScriptedImporter) -> (artifact id: '23813e1891dcb4bab92acd2862faa735') in 0.00211125 seconds
Number of updated asset objects reloaded before import = 0Number of asset objects unloaded after import = 1

========================================================================
Received Import Request.
  Time since last request: 0.000073 seconds.
  path: Assets/Photon/PhotonUnityNetworking/Demos/Shared Assets/Models/Robot Kyle.fbx
  artifactKey: Guid(320b1c2af77554f99a1658df4a6d3d5c) Importer(2089858483,192608db42251d675da83286b1cce702)
Start importing Assets/Photon/PhotonUnityNetworking/Demos/Shared Assets/Models/Robot Kyle.fbx using Guid(320b1c2af77554f99a1658df4a6d3d5c) Importer(2089858483,192608db42251d675da83286b1cce702) (ScriptedImporter) -> (artifact id: '6d97576c27b5b94ef0005d2eeee2f1bd') in 0.011558458 seconds
Number of updated asset objects reloaded before import = 0Number of asset objects unloaded after import = 108

========================================================================
Received Import Request.
  Time since last request: 0.000065 seconds.
  path: Assets/Photon/PhotonUnityNetworking/Demos/PunBasics-Tutorial/Scenes/PunBasics-Launcher.unity
  artifactKey: Guid(bff77b01b50254edbb6edeeaba5ae8b3) Importer(2089858483,192608db42251d675da83286b1cce702)
Start importing Assets/Photon/PhotonUnityNetworking/Demos/PunBasics-Tutorial/Scenes/PunBasics-Launcher.unity using Guid(bff77b01b50254edbb6edeeaba5ae8b3) Importer(2089858483,192608db42251d675da83286b1cce702) (ScriptedImporter) -> (artifact id: 'ba9d7629a1e31edc86b9d42ce70d933a') in 0.004002917 seconds
Number of updated asset objects reloaded before import = 0Number of asset objects unloaded after import = 1

========================================================================
Received Import Request.
  Time since last request: 0.000061 seconds.
  path: Assets/Photon/PhotonUnityNetworking/Demos/DemoSlotRacer/Kenney Assets/Racing Kit/Models/Materials/white.mat
  artifactKey: Guid(db16216c3f288ea4eb77dfefecada55a) Importer(2089858483,192608db42251d675da83286b1cce702)
Start importing Assets/Photon/PhotonUnityNetworking/Demos/DemoSlotRacer/Kenney Assets/Racing Kit/Models/Materials/white.mat using Guid(db16216c3f288ea4eb77dfefecada55a) Importer(2089858483,192608db42251d675da83286b1cce702) (ScriptedImporter) -> (artifact id: '4bea22f7391e632d6924e58feeabfa9b') in 0.002779 seconds
Number of updated asset objects reloaded before import = 0Number of asset objects unloaded after import = 1

========================================================================
Received Import Request.
  Time since last request: 0.000048 seconds.
  path: Assets/Photon/PhotonUnityNetworking/UtilityScripts/TurnBased/PunTurnManager.cs
  artifactKey: Guid(1a1b3bda60e9e804f87fd1e5d20a885a) Importer(2089858483,192608db42251d675da83286b1cce702)
Start importing Assets/Photon/PhotonUnityNetworking/UtilityScripts/TurnBased/PunTurnManager.cs using Guid(1a1b3bda60e9e804f87fd1e5d20a885a) Importer(2089858483,192608db42251d675da83286b1cce702) (ScriptedImporter) -> (artifact id: '90b33fab99fac2d7dace32aa5c0c9469') in 0.003075167 seconds
Number of updated asset objects reloaded before import = 0Number of asset objects unloaded after import = 0

========================================================================
Received Import Request.
  Time since last request: 0.000052 seconds.
  path: Assets/Photon/PhotonUnityNetworking/Demos/Shared Assets/Skin/RoundedBox.png
  artifactKey: Guid(9b2eedba1e3057e4b998cdef3d448105) Importer(2089858483,192608db42251d675da83286b1cce702)
Start importing Assets/Photon/PhotonUnityNetworking/Demos/Shared Assets/Skin/RoundedBox.png using Guid(9b2eedba1e3057e4b998cdef3d448105) Importer(2089858483,192608db42251d675da83286b1cce702) (ScriptedImporter) -> (artifact id: '32eb218fe7d8e1095e11f465b7a92a8d') in 0.006420084 seconds
Number of updated asset objects reloaded before import = 0Number of asset objects unloaded after import = 1

========================================================================
Received Import Request.
  Time since last request: 0.000051 seconds.
  path: Assets/Photon/PhotonRealtime/Demos/DemoLoadBalancing/Jura-Medium-LB.ttf
  artifactKey: Guid(4a4df204c321f9c40b0dbfb1baaffb4c) Importer(2089858483,192608db42251d675da83286b1cce702)
Start importing Assets/Photon/PhotonRealtime/Demos/DemoLoadBalancing/Jura-Medium-LB.ttf using Guid(4a4df204c321f9c40b0dbfb1baaffb4c) Importer(2089858483,192608db42251d675da83286b1cce702) (ScriptedImporter) -> (artifact id: '76fe6ef55a913deff0150633774dee10') in 0.005284917 seconds
Number of updated asset objects reloaded before import = 0Number of asset objects unloaded after import = 3

========================================================================
Received Import Request.
  Time since last request: 0.000067 seconds.
  path: Assets/Photon/PhotonUnityNetworking/Demos/DemoAsteroids/Resources/SmallAsteroid.prefab
  artifactKey: Guid(18a79aea49b60d342b7a672b7a34edbe) Importer(2089858483,192608db42251d675da83286b1cce702)
Start importing Assets/Photon/PhotonUnityNetworking/Demos/DemoAsteroids/Resources/SmallAsteroid.prefab using Guid(18a79aea49b60d342b7a672b7a34edbe) Importer(2089858483,192608db42251d675da83286b1cce702) (ScriptedImporter) -> (artifact id: '83a90a7048d31c48f380a333f0de617f') in 0.009179958 seconds
Number of updated asset objects reloaded before import = 0Number of asset objects unloaded after import = 13

========================================================================
Received Import Request.
  Time since last request: 0.000051 seconds.
  path: Assets/Photon/PhotonChat/Demos/DemoChat/Files
  artifactKey: Guid(c73bd05f7e3a006418e6398b47511e49) Importer(2089858483,192608db42251d675da83286b1cce702)
Start importing Assets/Photon/PhotonChat/Demos/DemoChat/Files using Guid(c73bd05f7e3a006418e6398b47511e49) Importer(2089858483,192608db42251d675da83286b1cce702) (ScriptedImporter) -> (artifact id: 'f9dc5d3d3d9e89ffec6b083b1f0b909b') in 0.001923042 seconds
Number of updated asset objects reloaded before import = 0Number of asset objects unloaded after import = 1

========================================================================
Received Import Request.
  Time since last request: 0.000060 seconds.
  path: Assets/Photon/PhotonUnityNetworking/Demos/DemoSlotRacer/Kenney Assets/Stylized city/Materials/22 - Default.mat
  artifactKey: Guid(86080a783905b5740ad2b81f63a2c650) Importer(2089858483,192608db42251d675da83286b1cce702)
Start importing Assets/Photon/PhotonUnityNetworking/Demos/DemoSlotRacer/Kenney Assets/Stylized city/Materials/22 - Default.mat using Guid(86080a783905b5740ad2b81f63a2c650) Importer(2089858483,192608db42251d675da83286b1cce702) (ScriptedImporter) -> (artifact id: '5656ea82fcefe45ef954023a33ea7929') in 0.0031955 seconds
Number of updated asset objects reloaded before import = 0Number of asset objects unloaded after import = 1

========================================================================
Received Import Request.
  Time since last request: 0.000044 seconds.
  path: Assets/Photon/PhotonUnityNetworking/Code/Editor/PhotonUnityNetworking.Editor.asmdef
  artifactKey: Guid(4025d00f1ce60da4ea2d0830acf5ebfb) Importer(2089858483,192608db42251d675da83286b1cce702)
Start importing Assets/Photon/PhotonUnityNetworking/Code/Editor/PhotonUnityNetworking.Editor.asmdef using Guid(4025d00f1ce60da4ea2d0830acf5ebfb) Importer(2089858483,192608db42251d675da83286b1cce702) (ScriptedImporter) -> (artifact id: '38471df5e9708802f1c0c83048830511') in 0.002430167 seconds
Number of updated asset objects reloaded before import = 0Number of asset objects unloaded after import = 1

========================================================================
Received Import Request.
  Time since last request: 0.000059 seconds.
  path: Assets/Photon/PhotonUnityNetworking/Code/Utilities/NestedComponentUtilities.cs
  artifactKey: Guid(40bca7ec270007b40a4de315c071f4d3) Importer(2089858483,192608db42251d675da83286b1cce702)
Start importing Assets/Photon/PhotonUnityNetworking/Code/Utilities/NestedComponentUtilities.cs using Guid(40bca7ec270007b40a4de315c071f4d3) Importer(2089858483,192608db42251d675da83286b1cce702) (ScriptedImporter) -> (artifact id: 'c943106253eb03e69028e0ff8566ea66') in 0.002328167 seconds
Number of updated asset objects reloaded before import = 0Number of asset objects unloaded after import = 0

========================================================================
Received Import Request.
  Time since last request: 0.000061 seconds.
  path: Assets/Photon/PhotonUnityNetworking/Demos/PunBasics-Tutorial/Scripts/PlayerAnimatorManager.cs
  artifactKey: Guid(507e5741cec8a42dc964c8e0a4b55bd6) Importer(2089858483,192608db42251d675da83286b1cce702)
Start importing Assets/Photon/PhotonUnityNetworking/Demos/PunBasics-Tutorial/Scripts/PlayerAnimatorManager.cs using Guid(507e5741cec8a42dc964c8e0a4b55bd6) Importer(2089858483,192608db42251d675da83286b1cce702) (ScriptedImporter) -> (artifact id: '7b8c2e1f5eeb4fa0a2c82c66be866be4') in 0.002536959 seconds
Number of updated asset objects reloaded before import = 0Number of asset objects unloaded after import = 0

========================================================================
Received Import Request.
  Time since last request: 0.000082 seconds.
  path: Assets/Photon/PhotonUnityNetworking/Demos/PunCockpit/Scripts/ReadOnlyProperties/AppVersionProperty.cs
  artifactKey: Guid(cd20e7aa24847434aae5f175732ef601) Importer(2089858483,192608db42251d675da83286b1cce702)
Start importing Assets/Photon/PhotonUnityNetworking/Demos/PunCockpit/Scripts/ReadOnlyProperties/AppVersionProperty.cs using Guid(cd20e7aa24847434aae5f175732ef601) Importer(2089858483,192608db42251d675da83286b1cce702) (ScriptedImporter) -> (artifact id: 'e7a7a7a3e6231a483c9fd5d0732110f1') in 0.005781 seconds
Number of updated asset objects reloaded before import = 0Number of asset objects unloaded after import = 0

========================================================================
Received Import Request.
  Time since last request: 0.000071 seconds.
  path: Assets/Photon/PhotonUnityNetworking/Demos/DemoHub/Scripts
  artifactKey: Guid(c8b3e10be8e7cbb4a887448e72c0c02a) Importer(2089858483,192608db42251d675da83286b1cce702)
Start importing Assets/Photon/PhotonUnityNetworking/Demos/DemoHub/Scripts using Guid(c8b3e10be8e7cbb4a887448e72c0c02a) Importer(2089858483,192608db42251d675da83286b1cce702) (ScriptedImporter) -> (artifact id: '80baaba8e3906bbf5940dfec7da35d71') in 0.00172175 seconds
Number of updated asset objects reloaded before import = 0Number of asset objects unloaded after import = 1

========================================================================
Received Import Request.
  Time since last request: 0.000047 seconds.
  path: Assets/Photon/PhotonUnityNetworking/Demos/DemoSlotRacer/Kenney Assets/Racing Kit/Models/Materials/_defaultMat.mat
  artifactKey: Guid(f0a6a86e908f6204ab518387a784ed36) Importer(2089858483,192608db42251d675da83286b1cce702)
Start importing Assets/Photon/PhotonUnityNetworking/Demos/DemoSlotRacer/Kenney Assets/Racing Kit/Models/Materials/_defaultMat.mat using Guid(f0a6a86e908f6204ab518387a784ed36) Importer(2089858483,192608db42251d675da83286b1cce702) (ScriptedImporter) -> (artifact id: 'df489d7f5194529fd78d6ce57873e23f') in 0.003619 seconds
Number of updated asset objects reloaded before import = 0Number of asset objects unloaded after import = 1

========================================================================
Received Import Request.
  Time since last request: 0.000052 seconds.
  path: Assets/Photon/PhotonUnityNetworking/Demos/PunBasics-Tutorial/Materials/Red Beam.mat
  artifactKey: Guid(409bf720e9924426b9f253cf037a8f4e) Importer(2089858483,192608db42251d675da83286b1cce702)
Start importing Assets/Photon/PhotonUnityNetworking/Demos/PunBasics-Tutorial/Materials/Red Beam.mat using Guid(409bf720e9924426b9f253cf037a8f4e) Importer(2089858483,192608db42251d675da83286b1cce702) (ScriptedImporter) -> (artifact id: '041efce84e34194581018413ad15a07f') in 0.004253584 seconds
Number of updated asset objects reloaded before import = 0Number of asset objects unloaded after import = 1

========================================================================
Received Import Request.
  Time since last request: 0.000046 seconds.
  path: Assets/Photon/PhotonChat/Code/PhotonChat.asmdef
  artifactKey: Guid(08a110bd598f7604f9519c2d7e1fb3cc) Importer(2089858483,192608db42251d675da83286b1cce702)
Start importing Assets/Photon/PhotonChat/Code/PhotonChat.asmdef using Guid(08a110bd598f7604f9519c2d7e1fb3cc) Importer(2089858483,192608db42251d675da83286b1cce702) (ScriptedImporter) -> (artifact id: 'c4d39a3f2aa32a0da6e576fd9f3ed301') in 0.0042815 seconds
Number of updated asset objects reloaded before import = 0Number of asset objects unloaded after import = 1

========================================================================
Received Import Request.
  Time since last request: 0.000037 seconds.
  path: Assets/Photon/PhotonChat/Code/ChatUserStatus.cs
  artifactKey: Guid(7db67e7f5face2e42b6daafcaf4e6c82) Importer(2089858483,192608db42251d675da83286b1cce702)
Start importing Assets/Photon/PhotonChat/Code/ChatUserStatus.cs using Guid(7db67e7f5face2e42b6daafcaf4e6c82) Importer(2089858483,192608db42251d675da83286b1cce702) (ScriptedImporter) -> (artifact id: '95ae2f5f4d5710ce4f7da782b0cf410a') in 0.004472167 seconds
Number of updated asset objects reloaded before import = 0Number of asset objects unloaded after import = 0

========================================================================
Received Import Request.
  Time since last request: 0.000040 seconds.
  path: Assets/Photon/PhotonUnityNetworking/Demos/PunCockpit/Scripts/ReadOnlyProperties/CurrentRoomNameProperty.cs
  artifactKey: Guid(5ca44b3b830b44829ba0990f748904ae) Importer(2089858483,192608db42251d675da83286b1cce702)
Start importing Assets/Photon/PhotonUnityNetworking/Demos/PunCockpit/Scripts/ReadOnlyProperties/CurrentRoomNameProperty.cs using Guid(5ca44b3b830b44829ba0990f748904ae) Importer(2089858483,192608db42251d675da83286b1cce702) (ScriptedImporter) -> (artifact id: '66c59908e2f4499e63aa8cc5de4e7931') in 0.004537166 seconds
Number of updated asset objects reloaded before import = 0Number of asset objects unloaded after import = 0

========================================================================
Received Import Request.
  Time since last request: 0.000062 seconds.
  path: Assets/Photon/PhotonUnityNetworking/Demos/Shared Assets/Skin/DropDown CheckMark.png
  artifactKey: Guid(fd47c8b4ebfbd4339858d4d23f587519) Importer(2089858483,192608db42251d675da83286b1cce702)
Start importing Assets/Photon/PhotonUnityNetworking/Demos/Shared Assets/Skin/DropDown CheckMark.png using Guid(fd47c8b4ebfbd4339858d4d23f587519) Importer(2089858483,192608db42251d675da83286b1cce702) (ScriptedImporter) -> (artifact id: '7248baf3d85e34470445a66a652af835') in 0.010946416 seconds
Number of updated asset objects reloaded before import = 0Number of asset objects unloaded after import = 3

========================================================================
Received Import Request.
  Time since last request: 0.000035 seconds.
  path: Assets/Photon/PhotonUnityNetworking/Code/Editor/help.png
  artifactKey: Guid(9f1212502533cb34188dd6ef094188cb) Importer(2089858483,192608db42251d675da83286b1cce702)
Start importing Assets/Photon/PhotonUnityNetworking/Code/Editor/help.png using Guid(9f1212502533cb34188dd6ef094188cb) Importer(2089858483,192608db42251d675da83286b1cce702) (ScriptedImporter) -> (artifact id: 'd6da79fc9f87561786270bac476f698c') in 0.006814625 seconds
Number of updated asset objects reloaded before import = 0Number of asset objects unloaded after import = 1

========================================================================
Received Import Request.
  Time since last request: 0.000040 seconds.
  path: Assets/Photon/PhotonUnityNetworking/Demos/DemoAsteroids/Resources
  artifactKey: Guid(0a944631b9e05c542937258f0681e963) Importer(2089858483,192608db42251d675da83286b1cce702)
Start importing Assets/Photon/PhotonUnityNetworking/Demos/DemoAsteroids/Resources using Guid(0a944631b9e05c542937258f0681e963) Importer(2089858483,192608db42251d675da83286b1cce702) (ScriptedImporter) -> (artifact id: '8a58a910d5060360800b7ff68a0a285f') in 0.001817542 seconds
Number of updated asset objects reloaded before import = 0Number of asset objects unloaded after import = 1

========================================================================
Received Import Request.
  Time since last request: 0.000043 seconds.
  path: Assets/Photon/PhotonUnityNetworking/Demos/PunBasics-Tutorial/Scenes
  artifactKey: Guid(c2e133c321fc868409cc3a12da290c3a) Importer(2089858483,192608db42251d675da83286b1cce702)
Start importing Assets/Photon/PhotonUnityNetworking/Demos/PunBasics-Tutorial/Scenes using Guid(c2e133c321fc868409cc3a12da290c3a) Importer(2089858483,192608db42251d675da83286b1cce702) (ScriptedImporter) -> (artifact id: '95b6c773f3a30cad612b5bd402bd6ff6') in 0.002063334 seconds
Number of updated asset objects reloaded before import = 0Number of asset objects unloaded after import = 1

========================================================================
Received Import Request.
  Time since last request: 0.000046 seconds.
  path: Assets/Photon/PhotonUnityNetworking/Demos/Shared Assets/Skin/BoxText.png
  artifactKey: Guid(761ff1491b1f86c4d924261c553ac9cc) Importer(2089858483,192608db42251d675da83286b1cce702)
Start importing Assets/Photon/PhotonUnityNetworking/Demos/Shared Assets/Skin/BoxText.png using Guid(761ff1491b1f86c4d924261c553ac9cc) Importer(2089858483,192608db42251d675da83286b1cce702) (ScriptedImporter) -> (artifact id: '26330dc047885c729e07e0987396ef62') in 0.006895292 seconds
Number of updated asset objects reloaded before import = 0Number of asset objects unloaded after import = 1

========================================================================
Received Import Request.
  Time since last request: 0.000041 seconds.
  path: Assets/Photon/PhotonUnityNetworking/Demos/PunCockpit/Scripts/ReadOnlyProperties/CurrentRoomIsOfflineProperty.cs
  artifactKey: Guid(e2e2a33f898da45eb9d44ea357e325db) Importer(2089858483,192608db42251d675da83286b1cce702)
Start importing Assets/Photon/PhotonUnityNetworking/Demos/PunCockpit/Scripts/ReadOnlyProperties/CurrentRoomIsOfflineProperty.cs using Guid(e2e2a33f898da45eb9d44ea357e325db) Importer(2089858483,192608db42251d675da83286b1cce702) (ScriptedImporter) -> (artifact id: '01a097c1f2d2307d5c9a9d97f7808cee') in 0.002604875 seconds
Number of updated asset objects reloaded before import = 0Number of asset objects unloaded after import = 0

========================================================================
Received Import Request.
  Time since last request: 0.000038 seconds.
  path: Assets/Photon/PhotonUnityNetworking/Demos/PunCockpit/Scripts/ScoreHelper.cs
  artifactKey: Guid(5a92eafb6e3fe4390b50c3eefbcc0504) Importer(2089858483,192608db42251d675da83286b1cce702)
Start importing Assets/Photon/PhotonUnityNetworking/Demos/PunCockpit/Scripts/ScoreHelper.cs using Guid(5a92eafb6e3fe4390b50c3eefbcc0504) Importer(2089858483,192608db42251d675da83286b1cce702) (ScriptedImporter) -> (artifact id: 'f28d50bf5c2fbd235006d4aa50e34bad') in 0.002572 seconds
Number of updated asset objects reloaded before import = 0Number of asset objects unloaded after import = 0

========================================================================
Received Import Request.
  Time since last request: 0.000061 seconds.
  path: Assets/Photon/PhotonUnityNetworking/Demos/Shared Assets/Models/Pointer.fbx
  artifactKey: Guid(0baebe6c8f51e754a96dd7d4dee9bb4e) Importer(2089858483,192608db42251d675da83286b1cce702)
Start importing Assets/Photon/PhotonUnityNetworking/Demos/Shared Assets/Models/Pointer.fbx using Guid(0baebe6c8f51e754a96dd7d4dee9bb4e) Importer(2089858483,192608db42251d675da83286b1cce702) (ScriptedImporter) -> (artifact id: '43cf1b8e0e99fa92245a8d87f314d66b') in 0.011188041 seconds
Number of updated asset objects reloaded before import = 0Number of asset objects unloaded after import = 9

========================================================================
Received Import Request.
  Time since last request: 0.000052 seconds.
  path: Assets/Photon/PhotonUnityNetworking/Demos/Shared Assets/Scripts/ThirdPersonUserControl.cs
  artifactKey: Guid(26928efe22aad45409539f931f1190a4) Importer(2089858483,192608db42251d675da83286b1cce702)
Start importing Assets/Photon/PhotonUnityNetworking/Demos/Shared Assets/Scripts/ThirdPersonUserControl.cs using Guid(26928efe22aad45409539f931f1190a4) Importer(2089858483,192608db42251d675da83286b1cce702) (ScriptedImporter) -> (artifact id: '923666ef7556f2ddf2d04a795a4bf945') in 0.00254825 seconds
Number of updated asset objects reloaded before import = 0Number of asset objects unloaded after import = 0

========================================================================
Received Import Request.
  Time since last request: 0.000066 seconds.
  path: Assets/Photon/PhotonChat/Demos/DemoChat/FriendItem.cs
  artifactKey: Guid(660b16ba396d0465b98be14947420288) Importer(2089858483,192608db42251d675da83286b1cce702)
Start importing Assets/Photon/PhotonChat/Demos/DemoChat/FriendItem.cs using Guid(660b16ba396d0465b98be14947420288) Importer(2089858483,192608db42251d675da83286b1cce702) (ScriptedImporter) -> (artifact id: '0b77003163c78d0e82c17933beaa8830') in 0.002389375 seconds
Number of updated asset objects reloaded before import = 0Number of asset objects unloaded after import = 0

========================================================================
Received Import Request.
  Time since last request: 0.000052 seconds.
  path: Assets/Photon/PhotonUnityNetworking/UtilityScripts/Culling/CullArea.cs
  artifactKey: Guid(dfb1c264fdc576442b2f42c998bed4a2) Importer(2089858483,192608db42251d675da83286b1cce702)
Start importing Assets/Photon/PhotonUnityNetworking/UtilityScripts/Culling/CullArea.cs using Guid(dfb1c264fdc576442b2f42c998bed4a2) Importer(2089858483,192608db42251d675da83286b1cce702) (ScriptedImporter) -> (artifact id: '55de004c9f00eb047a1f74a4063dc0c3') in 0.002477541 seconds
Number of updated asset objects reloaded before import = 0Number of asset objects unloaded after import = 0

========================================================================
Received Import Request.
  Time since last request: 0.000054 seconds.
  path: Assets/Photon/PhotonUnityNetworking/Demos/DemoAsteroids/Models/Materials/SpaceshipGlow.mat
  artifactKey: Guid(609dbe3d30c4bf84ca15ce89479d7919) Importer(2089858483,192608db42251d675da83286b1cce702)
Start importing Assets/Photon/PhotonUnityNetworking/Demos/DemoAsteroids/Models/Materials/SpaceshipGlow.mat using Guid(609dbe3d30c4bf84ca15ce89479d7919) Importer(2089858483,192608db42251d675da83286b1cce702) (ScriptedImporter) -> (artifact id: '38ea673b14dac9a3d8fa23ed18fe5dae') in 0.003050459 seconds
Number of updated asset objects reloaded before import = 0Number of asset objects unloaded after import = 1

========================================================================
Received Import Request.
  Time since last request: 0.000054 seconds.
  path: Assets/Photon/PhotonLibs/Metro/Photon3Unity3D.dll
  artifactKey: Guid(3b5a0a7dce46a13459199d174ad3db3f) Importer(2089858483,192608db42251d675da83286b1cce702)
Start importing Assets/Photon/PhotonLibs/Metro/Photon3Unity3D.dll using Guid(3b5a0a7dce46a13459199d174ad3db3f) Importer(2089858483,192608db42251d675da83286b1cce702) (ScriptedImporter) -> (artifact id: '73e9f988e561469745459d067ea95389') in 0.002676125 seconds
Number of updated asset objects reloaded before import = 0Number of asset objects unloaded after import = 0

========================================================================
Received Import Request.
  Time since last request: 0.000061 seconds.
  path: Assets/Photon/PhotonUnityNetworking/Demos/PunCockpit/Scripts/Autonomous UI
  artifactKey: Guid(474af3605718d36449f5dbe2c9ecdb8c) Importer(2089858483,192608db42251d675da83286b1cce702)
Start importing Assets/Photon/PhotonUnityNetworking/Demos/PunCockpit/Scripts/Autonomous UI using Guid(474af3605718d36449f5dbe2c9ecdb8c) Importer(2089858483,192608db42251d675da83286b1cce702) (ScriptedImporter) -> (artifact id: '67d58055ded98474cdb29e4ebbd23f6f') in 0.00173925 seconds
Number of updated asset objects reloaded before import = 0Number of asset objects unloaded after import = 1

========================================================================
Received Import Request.
  Time since last request: 0.000039 seconds.
  path: Assets/Photon/PhotonUnityNetworking/Demos/Shared Assets/Skin/BoxBright.png
  artifactKey: Guid(ab6d288fac925ae48bbeb5e02d83dce3) Importer(2089858483,192608db42251d675da83286b1cce702)
Start importing Assets/Photon/PhotonUnityNetworking/Demos/Shared Assets/Skin/BoxBright.png using Guid(ab6d288fac925ae48bbeb5e02d83dce3) Importer(2089858483,192608db42251d675da83286b1cce702) (ScriptedImporter) -> (artifact id: '5ab2014a5bab547b7202e8955e4b43ae') in 0.006980583 seconds
Number of updated asset objects reloaded before import = 0Number of asset objects unloaded after import = 1

========================================================================
Received Import Request.
  Time since last request: 0.000055 seconds.
  path: Assets/Photon/PhotonUnityNetworking/Demos/PunCockpit/Scripts/ReadOnlyProperties/BestRegionInPrefsProperty.cs
  artifactKey: Guid(cc582575c6a1e4ec08d8233345cc9ce5) Importer(2089858483,192608db42251d675da83286b1cce702)
Start importing Assets/Photon/PhotonUnityNetworking/Demos/PunCockpit/Scripts/ReadOnlyProperties/BestRegionInPrefsProperty.cs using Guid(cc582575c6a1e4ec08d8233345cc9ce5) Importer(2089858483,192608db42251d675da83286b1cce702) (ScriptedImporter) -> (artifact id: '53ad1a57942b1a1e641c3c6115b5fb46') in 0.002685125 seconds
Number of updated asset objects reloaded before import = 0Number of asset objects unloaded after import = 0

========================================================================
Received Import Request.
  Time since last request: 0.000041 seconds.
  path: Assets/Photon/PhotonUnityNetworking/Demos/Shared Assets/Animations/HumanoidIdleJumpUp.fbx
  artifactKey: Guid(0d9d26e2162aa4d11ab075b34c029673) Importer(2089858483,192608db42251d675da83286b1cce702)
Start importing Assets/Photon/PhotonUnityNetworking/Demos/Shared Assets/Animations/HumanoidIdleJumpUp.fbx using Guid(0d9d26e2162aa4d11ab075b34c029673) Importer(2089858483,192608db42251d675da83286b1cce702) (ScriptedImporter) -> (artifact id: 'f9e5fafcea843d5c6d3313625d455bc3') in 0.023796417 seconds
Number of updated asset objects reloaded before import = 0Number of asset objects unloaded after import = 182

========================================================================
Received Import Request.
  Time since last request: 0.000055 seconds.
  path: Assets/Photon/PhotonUnityNetworking/Demos/PunCockpit/Scripts/ReadOnlyProperties/CurrentRoomEmptyRoomTtlProperty.cs
  artifactKey: Guid(67529d68dc8144ab1a5b19abf91fce56) Importer(2089858483,192608db42251d675da83286b1cce702)
Start importing Assets/Photon/PhotonUnityNetworking/Demos/PunCockpit/Scripts/ReadOnlyProperties/CurrentRoomEmptyRoomTtlProperty.cs using Guid(67529d68dc8144ab1a5b19abf91fce56) Importer(2089858483,192608db42251d675da83286b1cce702) (ScriptedImporter) -> (artifact id: 'ac08321a73897e95249728a362d11739') in 0.002594584 seconds
Number of updated asset objects reloaded before import = 0Number of asset objects unloaded after import = 0

========================================================================
Received Import Request.
  Time since last request: 0.000056 seconds.
  path: Assets/Photon/PhotonUnityNetworking/UtilityScripts/PhotonPlayer
  artifactKey: Guid(94d453efd58794348867b36584d05a1e) Importer(2089858483,192608db42251d675da83286b1cce702)
Start importing Assets/Photon/PhotonUnityNetworking/UtilityScripts/PhotonPlayer using Guid(94d453efd58794348867b36584d05a1e) Importer(2089858483,192608db42251d675da83286b1cce702) (ScriptedImporter) -> (artifact id: '15122b0b8e8bfe549baa8187225db61d') in 0.001906541 seconds
Number of updated asset objects reloaded before import = 0Number of asset objects unloaded after import = 1

========================================================================
Received Import Request.
  Time since last request: 0.000038 seconds.
  path: Assets/Photon/PhotonUnityNetworking/UtilityScripts/UI/TextButtonTransition.cs
  artifactKey: Guid(9d234639538a34b8d9e3cc6362a7afd0) Importer(2089858483,192608db42251d675da83286b1cce702)
Start importing Assets/Photon/PhotonUnityNetworking/UtilityScripts/UI/TextButtonTransition.cs using Guid(9d234639538a34b8d9e3cc6362a7afd0) Importer(2089858483,192608db42251d675da83286b1cce702) (ScriptedImporter) -> (artifact id: 'de04845b20870b38cbca990c7e961c22') in 0.002604875 seconds
Number of updated asset objects reloaded before import = 0Number of asset objects unloaded after import = 0

========================================================================
Received Import Request.
  Time since last request: 0.000054 seconds.
  path: Assets/Photon/PhotonUnityNetworking/Demos/PunCockpit/Scripts/ReadOnlyProperties
  artifactKey: Guid(418caa004faab434da814c76a8704dd8) Importer(2089858483,192608db42251d675da83286b1cce702)
Start importing Assets/Photon/PhotonUnityNetworking/Demos/PunCockpit/Scripts/ReadOnlyProperties using Guid(418caa004faab434da814c76a8704dd8) Importer(2089858483,192608db42251d675da83286b1cce702) (ScriptedImporter) -> (artifact id: 'fac86e447e4251ccb4cc63811d1fb85d') in 0.002223084 seconds
Number of updated asset objects reloaded before import = 0Number of asset objects unloaded after import = 1

========================================================================
Received Import Request.
  Time since last request: 0.000033 seconds.
  path: Assets/Photon/PhotonChat/Demos/DemoChat/AppSettingsExtensions.cs
  artifactKey: Guid(4fcf4818ecc9abf4e9b7e0c37af9b851) Importer(2089858483,192608db42251d675da83286b1cce702)
Start importing Assets/Photon/PhotonChat/Demos/DemoChat/AppSettingsExtensions.cs using Guid(4fcf4818ecc9abf4e9b7e0c37af9b851) Importer(2089858483,192608db42251d675da83286b1cce702) (ScriptedImporter) -> (artifact id: '826dcbb6007063ad0ff8e60f40d9112f') in 0.003064333 seconds
Number of updated asset objects reloaded before import = 0Number of asset objects unloaded after import = 0

========================================================================
Received Import Request.
  Time since last request: 0.000040 seconds.
  path: Assets/Photon/PhotonUnityNetworking/UtilityScripts/Prototyping/OnStartDelete.cs
  artifactKey: Guid(f8d56a54ae062da4a87516fb994f4e30) Importer(2089858483,192608db42251d675da83286b1cce702)
Start importing Assets/Photon/PhotonUnityNetworking/UtilityScripts/Prototyping/OnStartDelete.cs using Guid(f8d56a54ae062da4a87516fb994f4e30) Importer(2089858483,192608db42251d675da83286b1cce702) (ScriptedImporter) -> (artifact id: '3a2a2013f22050bc29a5ca157bd09489') in 0.002666209 seconds
Number of updated asset objects reloaded before import = 0Number of asset objects unloaded after import = 0

========================================================================
Received Import Request.
  Time since last request: 0.000039 seconds.
  path: Assets/Photon/PhotonLibs/changes-library.txt
  artifactKey: Guid(d8040d310df77714a90a561261bfb2cb) Importer(2089858483,192608db42251d675da83286b1cce702)
Start importing Assets/Photon/PhotonLibs/changes-library.txt using Guid(d8040d310df77714a90a561261bfb2cb) Importer(2089858483,192608db42251d675da83286b1cce702) (ScriptedImporter) -> (artifact id: 'd4c18d76e88f1d5ff31013cf683f05e8') in 0.00240425 seconds
Number of updated asset objects reloaded before import = 0Number of asset objects unloaded after import = 1

========================================================================
Received Import Request.
  Time since last request: 0.000040 seconds.
  path: Assets/Photon/PhotonUnityNetworking/Demos/DemoSlotRacer/Kenney Assets/Stylized city/Materials/insides_2.mat
  artifactKey: Guid(9cc3c2bbff5d71d45ab82bdd222f75c3) Importer(2089858483,192608db42251d675da83286b1cce702)
Start importing Assets/Photon/PhotonUnityNetworking/Demos/DemoSlotRacer/Kenney Assets/Stylized city/Materials/insides_2.mat using Guid(9cc3c2bbff5d71d45ab82bdd222f75c3) Importer(2089858483,192608db42251d675da83286b1cce702) (ScriptedImporter) -> (artifact id: '8381d3b533e34a33c72849dcef30d450') in 0.003226667 seconds
Number of updated asset objects reloaded before import = 0Number of asset objects unloaded after import = 1

========================================================================
Received Import Request.
  Time since last request: 0.000047 seconds.
  path: Assets/Photon/PhotonUnityNetworking/Demos/Shared Assets/Animations/HumanoidWalk.fbx
  artifactKey: Guid(b1a5e04ae51004842aba06704a6c2903) Importer(2089858483,192608db42251d675da83286b1cce702)
Start importing Assets/Photon/PhotonUnityNetworking/Demos/Shared Assets/Animations/HumanoidWalk.fbx using Guid(b1a5e04ae51004842aba06704a6c2903) Importer(2089858483,192608db42251d675da83286b1cce702) (ScriptedImporter) -> (artifact id: '7b807284e85674fe7866b9cfdb5775eb') in 0.01095625 seconds
Number of updated asset objects reloaded before import = 0Number of asset objects unloaded after import = 157

========================================================================
Received Import Request.
  Time since last request: 0.000043 seconds.
  path: Assets/Photon/PhotonUnityNetworking/Demos/Shared Assets/Materials/Gradient.mat
  artifactKey: Guid(32e7ed8e6b80b884bbed8260b788648b) Importer(2089858483,192608db42251d675da83286b1cce702)
Start importing Assets/Photon/PhotonUnityNetworking/Demos/Shared Assets/Materials/Gradient.mat using Guid(32e7ed8e6b80b884bbed8260b788648b) Importer(2089858483,192608db42251d675da83286b1cce702) (ScriptedImporter) -> (artifact id: '8534e21d8304cc924adc9efa823d407e') in 0.003335959 seconds
Number of updated asset objects reloaded before import = 0Number of asset objects unloaded after import = 2

========================================================================
Received Import Request.
  Time since last request: 0.000049 seconds.
  path: Assets/Photon/PhotonUnityNetworking/Demos/PunCockpit/Scripts/ReadOnlyProperties/IsConnectedAndReadyProperty.cs
  artifactKey: Guid(17aa2c6db1ece46789212ad7c5e21509) Importer(2089858483,192608db42251d675da83286b1cce702)
Start importing Assets/Photon/PhotonUnityNetworking/Demos/PunCockpit/Scripts/ReadOnlyProperties/IsConnectedAndReadyProperty.cs using Guid(17aa2c6db1ece46789212ad7c5e21509) Importer(2089858483,192608db42251d675da83286b1cce702) (ScriptedImporter) -> (artifact id: 'd8f77d73df05ff5a7f494c548113779c') in 0.002915208 seconds
Number of updated asset objects reloaded before import = 0Number of asset objects unloaded after import = 0

========================================================================
Received Import Request.
  Time since last request: 0.000063 seconds.
  path: Assets/Photon/PhotonUnityNetworking/Demos/DemoProcedural/Materials
  artifactKey: Guid(26fec7636ebd7ae43a99e2c187ed6500) Importer(2089858483,192608db42251d675da83286b1cce702)
Start importing Assets/Photon/PhotonUnityNetworking/Demos/DemoProcedural/Materials using Guid(26fec7636ebd7ae43a99e2c187ed6500) Importer(2089858483,192608db42251d675da83286b1cce702) (ScriptedImporter) -> (artifact id: '961feae22bf0cb5813087cb2f82f0d3b') in 0.001769708 seconds
Number of updated asset objects reloaded before import = 0Number of asset objects unloaded after import = 1

========================================================================
Received Import Request.
  Time since last request: 0.000056 seconds.
  path: Assets/Photon/PhotonUnityNetworking/Demos/Shared Assets/Materials/UnitCircleTexture.mat
  artifactKey: Guid(80114bc117609cd4e9c988f8692e7a68) Importer(2089858483,192608db42251d675da83286b1cce702)
Start importing Assets/Photon/PhotonUnityNetworking/Demos/Shared Assets/Materials/UnitCircleTexture.mat using Guid(80114bc117609cd4e9c988f8692e7a68) Importer(2089858483,192608db42251d675da83286b1cce702) (ScriptedImporter) -> (artifact id: 'a71a6bae057fd2adad706c60d15d5b23') in 0.003846458 seconds
Number of updated asset objects reloaded before import = 0Number of asset objects unloaded after import = 2

========================================================================
Received Import Request.
  Time since last request: 0.000049 seconds.
  path: Assets/Photon/PhotonUnityNetworking/Demos/PunCockpit/Forms/CreateRoomUiForm.cs
  artifactKey: Guid(93560c151be5f43aaa41c69fba615970) Importer(2089858483,192608db42251d675da83286b1cce702)
Start importing Assets/Photon/PhotonUnityNetworking/Demos/PunCockpit/Forms/CreateRoomUiForm.cs using Guid(93560c151be5f43aaa41c69fba615970) Importer(2089858483,192608db42251d675da83286b1cce702) (ScriptedImporter) -> (artifact id: 'e27ca5990eeef9e5e26ebecfa2cb4050') in 0.002740292 seconds
Number of updated asset objects reloaded before import = 0Number of asset objects unloaded after import = 0

========================================================================
Received Import Request.
  Time since last request: 0.000072 seconds.
  path: Assets/Photon/PhotonUnityNetworking/Demos/PunCockpit/Scripts/Autonomous UI/CurrentRoom/CurrentRoomIsOpenToggle.cs
  artifactKey: Guid(fa1f9506beac441fa984720f2b92a92a) Importer(2089858483,192608db42251d675da83286b1cce702)
Start importing Assets/Photon/PhotonUnityNetworking/Demos/PunCockpit/Scripts/Autonomous UI/CurrentRoom/CurrentRoomIsOpenToggle.cs using Guid(fa1f9506beac441fa984720f2b92a92a) Importer(2089858483,192608db42251d675da83286b1cce702) (ScriptedImporter) -> (artifact id: 'be8783b813757027fee0636b65192c2b') in 0.002891375 seconds
Number of updated asset objects reloaded before import = 0Number of asset objects unloaded after import = 0

========================================================================
Received Import Request.
  Time since last request: 0.000049 seconds.
  path: Assets/Photon/PhotonUnityNetworking/Demos/DemoHub/Editor
  artifactKey: Guid(857fb0c989c46264a8568187f4ef7fac) Importer(2089858483,192608db42251d675da83286b1cce702)
Start importing Assets/Photon/PhotonUnityNetworking/Demos/DemoHub/Editor using Guid(857fb0c989c46264a8568187f4ef7fac) Importer(2089858483,192608db42251d675da83286b1cce702) (ScriptedImporter) -> (artifact id: '63ab0c9a6adb4f3bb832000faef63b82') in 0.001705458 seconds
Number of updated asset objects reloaded before import = 0Number of asset objects unloaded after import = 1

========================================================================
Received Import Request.
  Time since last request: 0.000052 seconds.
  path: Assets/Photon/PhotonUnityNetworking/Demos/DemoSlotRacer/Kenney Assets/Stylized city/Materials/11 - Default.mat
  artifactKey: Guid(b7d67d7d7ddb88542b23886a4b496c77) Importer(2089858483,192608db42251d675da83286b1cce702)
Start importing Assets/Photon/PhotonUnityNetworking/Demos/DemoSlotRacer/Kenney Assets/Stylized city/Materials/11 - Default.mat using Guid(b7d67d7d7ddb88542b23886a4b496c77) Importer(2089858483,192608db42251d675da83286b1cce702) (ScriptedImporter) -> (artifact id: '5608e80175375de393f9f4ed11f9e11f') in 0.005581959 seconds
Number of updated asset objects reloaded before import = 0Number of asset objects unloaded after import = 1

========================================================================
Received Import Request.
  Time since last request: 0.000055 seconds.
  path: Assets/Photon/PhotonUnityNetworking/Demos/DemoSlotRacer/Kenney Assets/Stylized city/Models/car_1.FBX
  artifactKey: Guid(1ec55baed88ac07429a52bee4c519015) Importer(2089858483,192608db42251d675da83286b1cce702)
Start importing Assets/Photon/PhotonUnityNetworking/Demos/DemoSlotRacer/Kenney Assets/Stylized city/Models/car_1.FBX using Guid(1ec55baed88ac07429a52bee4c519015) Importer(2089858483,192608db42251d675da83286b1cce702) (ScriptedImporter) -> (artifact id: '3b99e6295c59af5c55ae043fef1be626') in 0.02061225 seconds
Number of updated asset objects reloaded before import = 0Number of asset objects unloaded after import = 108

========================================================================
Received Import Request.
  Time since last request: 0.000055 seconds.
  path: Assets/Photon/PhotonUnityNetworking/Demos/Shared Assets/Materials/PlayerDiamond.mat
  artifactKey: Guid(c597444fc6a08854d89baeeff4ba511d) Importer(2089858483,192608db42251d675da83286b1cce702)
Start importing Assets/Photon/PhotonUnityNetworking/Demos/Shared Assets/Materials/PlayerDiamond.mat using Guid(c597444fc6a08854d89baeeff4ba511d) Importer(2089858483,192608db42251d675da83286b1cce702) (ScriptedImporter) -> (artifact id: '232cb3c8ddab8d10b2507df3606a1933') in 0.004254625 seconds
Number of updated asset objects reloaded before import = 0Number of asset objects unloaded after import = 2

========================================================================
Received Import Request.
  Time since last request: 0.000065 seconds.
  path: Assets/Photon/PhotonUnityNetworking/Demos/DemoProcedural/Materials/LightGreen.mat
  artifactKey: Guid(cd644746d7159df42b0c206b559af881) Importer(2089858483,192608db42251d675da83286b1cce702)
Start importing Assets/Photon/PhotonUnityNetworking/Demos/DemoProcedural/Materials/LightGreen.mat using Guid(cd644746d7159df42b0c206b559af881) Importer(2089858483,192608db42251d675da83286b1cce702) (ScriptedImporter) -> (artifact id: 'aa64cba89e617b4a1e3e7209ec268aee') in 0.005681458 seconds
Number of updated asset objects reloaded before import = 0Number of asset objects unloaded after import = 1

========================================================================
Received Import Request.
  Time since last request: 0.000045 seconds.
  path: Assets/Photon/PhotonUnityNetworking/Code/Editor/CopyIconPro.png
  artifactKey: Guid(81b8e0c5ffa3345b7aa3af3a2c0257ce) Importer(2089858483,192608db42251d675da83286b1cce702)
Start importing Assets/Photon/PhotonUnityNetworking/Code/Editor/CopyIconPro.png using Guid(81b8e0c5ffa3345b7aa3af3a2c0257ce) Importer(2089858483,192608db42251d675da83286b1cce702) (ScriptedImporter) -> (artifact id: '43e1698db647d89aae28d9ff8f10ffcb') in 0.006195958 seconds
Number of updated asset objects reloaded before import = 0Number of asset objects unloaded after import = 1

========================================================================
Received Import Request.
  Time since last request: 0.000052 seconds.
  path: Assets/Photon/PhotonUnityNetworking/Demos/DemoProcedural/Scripts/Cluster.cs
  artifactKey: Guid(3fde284a91e7bf14dbf72b084e11736d) Importer(2089858483,192608db42251d675da83286b1cce702)
Start importing Assets/Photon/PhotonUnityNetworking/Demos/DemoProcedural/Scripts/Cluster.cs using Guid(3fde284a91e7bf14dbf72b084e11736d) Importer(2089858483,192608db42251d675da83286b1cce702) (ScriptedImporter) -> (artifact id: 'a5b10632a3411dad76e474599c2aa43c') in 0.002335125 seconds
Number of updated asset objects reloaded before import = 0Number of asset objects unloaded after import = 0

========================================================================
Received Import Request.
  Time since last request: 0.000050 seconds.
  path: Assets/Photon/PhotonUnityNetworking/Resources/PhotonServerSettings.asset
  artifactKey: Guid(f3b88961df0376744a474278bc93d89f) Importer(2089858483,192608db42251d675da83286b1cce702)
Start importing Assets/Photon/PhotonUnityNetworking/Resources/PhotonServerSettings.asset using Guid(f3b88961df0376744a474278bc93d89f) Importer(2089858483,192608db42251d675da83286b1cce702) (ScriptedImporter) -> (artifact id: 'cc0e3071fa5309f75e9a7d11b2f8fcc5') in 0.004356583 seconds
Number of updated asset objects reloaded before import = 0Number of asset objects unloaded after import = 1

========================================================================
Received Import Request.
  Time since last request: 0.000049 seconds.
  path: Assets/Photon/PhotonUnityNetworking/Demos/DemoSlotRacer/Kenney Assets/Racing Kit/Models/Materials/road.mat
  artifactKey: Guid(4b56a40ac6992974b8aac0882a4c7555) Importer(2089858483,192608db42251d675da83286b1cce702)
Start importing Assets/Photon/PhotonUnityNetworking/Demos/DemoSlotRacer/Kenney Assets/Racing Kit/Models/Materials/road.mat using Guid(4b56a40ac6992974b8aac0882a4c7555) Importer(2089858483,192608db42251d675da83286b1cce702) (ScriptedImporter) -> (artifact id: '57bc8b2a9427c87b27cc2731f350f5ac') in 0.003258666 seconds
Number of updated asset objects reloaded before import = 0Number of asset objects unloaded after import = 1

========================================================================
Received Import Request.
  Time since last request: 0.000059 seconds.
  path: Assets/Photon/PhotonRealtime/Code/Unity/Editor/PhotonEditorUtils.cs
  artifactKey: Guid(607340ca505d53d4f8e785423fac7964) Importer(2089858483,192608db42251d675da83286b1cce702)
Start importing Assets/Photon/PhotonRealtime/Code/Unity/Editor/PhotonEditorUtils.cs using Guid(607340ca505d53d4f8e785423fac7964) Importer(2089858483,192608db42251d675da83286b1cce702) (ScriptedImporter) -> (artifact id: '4ddd7471b54373a30000a562721d641b') in 0.002254292 seconds
Number of updated asset objects reloaded before import = 0Number of asset objects unloaded after import = 0

========================================================================
Received Import Request.
  Time since last request: 0.000081 seconds.
  path: Assets/Photon/PhotonUnityNetworking/UtilityScripts/PhotonPlayer/PunTeams.cs
  artifactKey: Guid(6587c8104d7524f4280d0a68dd779f27) Importer(2089858483,192608db42251d675da83286b1cce702)
Start importing Assets/Photon/PhotonUnityNetworking/UtilityScripts/PhotonPlayer/PunTeams.cs using Guid(6587c8104d7524f4280d0a68dd779f27) Importer(2089858483,192608db42251d675da83286b1cce702) (ScriptedImporter) -> (artifact id: 'dce3ea41bc4f8da406b9a56daceaecbb') in 0.00247875 seconds
Number of updated asset objects reloaded before import = 0Number of asset objects unloaded after import = 0

========================================================================
Received Import Request.
  Time since last request: 0.000060 seconds.
  path: Assets/Photon/PhotonUnityNetworking/Demos/DemoSlotRacer/Scripts/BezierCurve/Editor/BezierCurveInspector.cs
  artifactKey: Guid(28cd1cdefdaf24d6cb98f0cb87845b3a) Importer(2089858483,192608db42251d675da83286b1cce702)
Start importing Assets/Photon/PhotonUnityNetworking/Demos/DemoSlotRacer/Scripts/BezierCurve/Editor/BezierCurveInspector.cs using Guid(28cd1cdefdaf24d6cb98f0cb87845b3a) Importer(2089858483,192608db42251d675da83286b1cce702) (ScriptedImporter) -> (artifact id: '502999412c4103bd4a56f7babcbe17ac') in 0.002863875 seconds
Number of updated asset objects reloaded before import = 0Number of asset objects unloaded after import = 0

========================================================================
Received Import Request.
  Time since last request: 0.000056 seconds.
  path: Assets/Photon/PhotonLibs/WebSocket
  artifactKey: Guid(2f243ce0406bd1c40a9ff5fc2d78d905) Importer(2089858483,192608db42251d675da83286b1cce702)
Start importing Assets/Photon/PhotonLibs/WebSocket using Guid(2f243ce0406bd1c40a9ff5fc2d78d905) Importer(2089858483,192608db42251d675da83286b1cce702) (ScriptedImporter) -> (artifact id: '64aec7e2cfec62083ce88c44d6993036') in 0.001745833 seconds
Number of updated asset objects reloaded before import = 0Number of asset objects unloaded after import = 1

========================================================================
Received Import Request.
  Time since last request: 0.000058 seconds.
  path: Assets/Photon/PhotonUnityNetworking/Demos/Shared Assets/Scripts/ThirdPersonCharacter.cs
  artifactKey: Guid(d8bc6cf2d5b0fa7468adcfed2d0454aa) Importer(2089858483,192608db42251d675da83286b1cce702)
Start importing Assets/Photon/PhotonUnityNetworking/Demos/Shared Assets/Scripts/ThirdPersonCharacter.cs using Guid(d8bc6cf2d5b0fa7468adcfed2d0454aa) Importer(2089858483,192608db42251d675da83286b1cce702) (ScriptedImporter) -> (artifact id: '2169c3b247e50da601345a6210707dec') in 0.0023475 seconds
Number of updated asset objects reloaded before import = 0Number of asset objects unloaded after import = 0

========================================================================
Received Import Request.
  Time since last request: 0.000051 seconds.
  path: Assets/Photon/PhotonUnityNetworking/Demos/PunCockpit/Forms/UserIdUiForm.cs
  artifactKey: Guid(a37901dfac2364b018833f32816a7a16) Importer(2089858483,192608db42251d675da83286b1cce702)
Start importing Assets/Photon/PhotonUnityNetworking/Demos/PunCockpit/Forms/UserIdUiForm.cs using Guid(a37901dfac2364b018833f32816a7a16) Importer(2089858483,192608db42251d675da83286b1cce702) (ScriptedImporter) -> (artifact id: '60ea952afa75313b472486f1b3100e42') in 0.002390708 seconds
Number of updated asset objects reloaded before import = 0Number of asset objects unloaded after import = 0

========================================================================
Received Import Request.
  Time since last request: 0.000050 seconds.
  path: Assets/Photon/PhotonUnityNetworking/Demos/DemoAsteroids/Models/Materials/SpaceshipHull.mat
  artifactKey: Guid(de6b3d1666741b24597a4349a143eeb7) Importer(2089858483,192608db42251d675da83286b1cce702)
Start importing Assets/Photon/PhotonUnityNetworking/Demos/DemoAsteroids/Models/Materials/SpaceshipHull.mat using Guid(de6b3d1666741b24597a4349a143eeb7) Importer(2089858483,192608db42251d675da83286b1cce702) (ScriptedImporter) -> (artifact id: '3eda23f6c9dfa344425f9f26d94f11a2') in 0.002801791 seconds
Number of updated asset objects reloaded before import = 0Number of asset objects unloaded after import = 1

========================================================================
Received Import Request.
  Time since last request: 0.000049 seconds.
  path: Assets/Photon/PhotonUnityNetworking/Demos/DemoSlotRacer/Kenney Assets/Stylized city/Materials/leaves_palm_243.mat
  artifactKey: Guid(6fe15af0e28a31a43bf683296709c6b0) Importer(2089858483,192608db42251d675da83286b1cce702)
Start importing Assets/Photon/PhotonUnityNetworking/Demos/DemoSlotRacer/Kenney Assets/Stylized city/Materials/leaves_palm_243.mat using Guid(6fe15af0e28a31a43bf683296709c6b0) Importer(2089858483,192608db42251d675da83286b1cce702) (ScriptedImporter) -> (artifact id: '3ac6a65c78a46fa139490a4271c3c346') in 0.002976 seconds
Number of updated asset objects reloaded before import = 0Number of asset objects unloaded after import = 1

========================================================================
Received Import Request.
  Time since last request: 0.000056 seconds.
  path: Assets/Photon/PhotonUnityNetworking/Demos/DemoSlotRacer/Kenney Assets/Stylized city/Models/car_4.FBX
  artifactKey: Guid(f3cb3c8f5cd4b514ebf9fbfda32cb36d) Importer(2089858483,192608db42251d675da83286b1cce702)
Start importing Assets/Photon/PhotonUnityNetworking/Demos/DemoSlotRacer/Kenney Assets/Stylized city/Models/car_4.FBX using Guid(f3cb3c8f5cd4b514ebf9fbfda32cb36d) Importer(2089858483,192608db42251d675da83286b1cce702) (ScriptedImporter) -> (artifact id: 'c00b8b61e4d5100be21438ce1de53680') in 0.017038375 seconds
Number of updated asset objects reloaded before import = 0Number of asset objects unloaded after import = 76

========================================================================
Received Import Request.
  Time since last request: 0.000070 seconds.
  path: Assets/Photon/PhotonUnityNetworking/Demos/DemoSlotRacer/Kenney Assets/Racing Kit/Models/flagGreen.fbx
  artifactKey: Guid(b2c239f9b60751e4ab9034c7f2ad66b1) Importer(2089858483,192608db42251d675da83286b1cce702)
Start importing Assets/Photon/PhotonUnityNetworking/Demos/DemoSlotRacer/Kenney Assets/Racing Kit/Models/flagGreen.fbx using Guid(b2c239f9b60751e4ab9034c7f2ad66b1) Importer(2089858483,192608db42251d675da83286b1cce702) (ScriptedImporter) -> (artifact id: '8608267c3131dc8e92c0a5663d274e39') in 0.008054916 seconds
Number of updated asset objects reloaded before import = 0Number of asset objects unloaded after import = 10

========================================================================
Received Import Request.
  Time since last request: 0.000055 seconds.
  path: Assets/Photon/PhotonRealtime/Code/Room.cs
  artifactKey: Guid(17568a7a5552c09428dd48e73548b8b8) Importer(2089858483,192608db42251d675da83286b1cce702)
Start importing Assets/Photon/PhotonRealtime/Code/Room.cs using Guid(17568a7a5552c09428dd48e73548b8b8) Importer(2089858483,192608db42251d675da83286b1cce702) (ScriptedImporter) -> (artifact id: '2f8cb1ef79f36e0995d415476f78b238') in 0.002241125 seconds
Number of updated asset objects reloaded before import = 0Number of asset objects unloaded after import = 0

========================================================================
Received Import Request.
  Time since last request: 0.000052 seconds.
  path: Assets/Photon/PhotonUnityNetworking/Demos/PunCockpit/Scripts/ThirdParty/PunCockpitEmbed.cs
  artifactKey: Guid(850bc9a492af040b49a0ffe115a7614b) Importer(2089858483,192608db42251d675da83286b1cce702)
Start importing Assets/Photon/PhotonUnityNetworking/Demos/PunCockpit/Scripts/ThirdParty/PunCockpitEmbed.cs using Guid(850bc9a492af040b49a0ffe115a7614b) Importer(2089858483,192608db42251d675da83286b1cce702) (ScriptedImporter) -> (artifact id: 'e8bfd9361d4580ebeeec0e39ba95f813') in 0.002333209 seconds
Number of updated asset objects reloaded before import = 0Number of asset objects unloaded after import = 0

========================================================================
Received Import Request.
  Time since last request: 0.000056 seconds.
  path: Assets/Photon/PhotonLibs/WebSocket/websocket-sharp.README
  artifactKey: Guid(3e262c2b04eaa8440987b50a91e86674) Importer(2089858483,192608db42251d675da83286b1cce702)
Start importing Assets/Photon/PhotonLibs/WebSocket/websocket-sharp.README using Guid(3e262c2b04eaa8440987b50a91e86674) Importer(2089858483,192608db42251d675da83286b1cce702) (ScriptedImporter) -> (artifact id: '6a9b235989d94df13dbeb6b059d03d6d') in 0.001743042 seconds
Number of updated asset objects reloaded before import = 0Number of asset objects unloaded after import = 1

========================================================================
Received Import Request.
  Time since last request: 0.000061 seconds.
  path: Assets/Photon/PhotonUnityNetworking/UtilityScripts/PhotonPlayer/PlayerNumbering.cs
  artifactKey: Guid(b28dd60f6abf16d4094cf0f642a043e2) Importer(2089858483,192608db42251d675da83286b1cce702)
Start importing Assets/Photon/PhotonUnityNetworking/UtilityScripts/PhotonPlayer/PlayerNumbering.cs using Guid(b28dd60f6abf16d4094cf0f642a043e2) Importer(2089858483,192608db42251d675da83286b1cce702) (ScriptedImporter) -> (artifact id: '9786cbb58e6cef128f2d8733dc529398') in 0.002233458 seconds
Number of updated asset objects reloaded before import = 0Number of asset objects unloaded after import = 0

========================================================================
Received Import Request.
  Time since last request: 0.000053 seconds.
  path: Assets/Photon/PhotonChat/Code/ChatState.cs
  artifactKey: Guid(8f482d8c4fe7ade4cbb08eb4a2d83b39) Importer(2089858483,192608db42251d675da83286b1cce702)
Start importing Assets/Photon/PhotonChat/Code/ChatState.cs using Guid(8f482d8c4fe7ade4cbb08eb4a2d83b39) Importer(2089858483,192608db42251d675da83286b1cce702) (ScriptedImporter) -> (artifact id: '55b412e8b73fabf7d450256d4ce3f090') in 0.001929916 seconds
Number of updated asset objects reloaded before import = 0Number of asset objects unloaded after import = 0

========================================================================
Received Import Request.
  Time since last request: 0.000051 seconds.
  path: Assets/Photon/PhotonUnityNetworking/UtilityScripts/Prototyping/OnClickRpc.cs
  artifactKey: Guid(2cd0ed7420882554fa146aab6aeb2e80) Importer(2089858483,192608db42251d675da83286b1cce702)
Start importing Assets/Photon/PhotonUnityNetworking/UtilityScripts/Prototyping/OnClickRpc.cs using Guid(2cd0ed7420882554fa146aab6aeb2e80) Importer(2089858483,192608db42251d675da83286b1cce702) (ScriptedImporter) -> (artifact id: '711fe622cd0002208f98b9b424bccaf8') in 0.002154792 seconds
Number of updated asset objects reloaded before import = 0Number of asset objects unloaded after import = 0

========================================================================
Received Import Request.
  Time since last request: 0.000058 seconds.
  path: Assets/Photon/PhotonUnityNetworking/Demos/PunBasics-Tutorial/Scripts/PlayerManager.cs
  artifactKey: Guid(98fac77b304554f238a61572f5720187) Importer(2089858483,192608db42251d675da83286b1cce702)
Start importing Assets/Photon/PhotonUnityNetworking/Demos/PunBasics-Tutorial/Scripts/PlayerManager.cs using Guid(98fac77b304554f238a61572f5720187) Importer(2089858483,192608db42251d675da83286b1cce702) (ScriptedImporter) -> (artifact id: '470447877161505e2754409f37d4d408') in 0.002478375 seconds
Number of updated asset objects reloaded before import = 0Number of asset objects unloaded after import = 0

========================================================================
Received Import Request.
  Time since last request: 0.000506 seconds.
  path: Assets/Photon/PhotonRealtime/Code/Extensions.cs
  artifactKey: Guid(3c0464991e33a70498abdd85c150cc59) Importer(2089858483,192608db42251d675da83286b1cce702)
Start importing Assets/Photon/PhotonRealtime/Code/Extensions.cs using Guid(3c0464991e33a70498abdd85c150cc59) Importer(2089858483,192608db42251d675da83286b1cce702) (ScriptedImporter) -> (artifact id: '4b72e1eb71098fbfe73af1401481484c') in 0.002341417 seconds
Number of updated asset objects reloaded before import = 0Number of asset objects unloaded after import = 0

========================================================================
Received Import Request.
  Time since last request: 0.000187 seconds.
  path: Assets/Photon/PhotonUnityNetworking/Demos/PunBasics-Tutorial/Scripts/CameraWork.cs
  artifactKey: Guid(fd08475b23aa548b7b9d28397d430b32) Importer(2089858483,192608db42251d675da83286b1cce702)
Start importing Assets/Photon/PhotonUnityNetworking/Demos/PunBasics-Tutorial/Scripts/CameraWork.cs using Guid(fd08475b23aa548b7b9d28397d430b32) Importer(2089858483,192608db42251d675da83286b1cce702) (ScriptedImporter) -> (artifact id: '2042b0d58aa6d8b859b3a9d78a5699f2') in 0.002500292 seconds
Number of updated asset objects reloaded before import = 0Number of asset objects unloaded after import = 0

========================================================================
Received Import Request.
  Time since last request: 0.000056 seconds.
  path: Assets/Scripts/Connection/NicknameInput.cs
  artifactKey: Guid(ff24154306ec17c4f97ed311e1189af4) Importer(2089858483,192608db42251d675da83286b1cce702)
Start importing Assets/Scripts/Connection/NicknameInput.cs using Guid(ff24154306ec17c4f97ed311e1189af4) Importer(2089858483,192608db42251d675da83286b1cce702) (ScriptedImporter) -> (artifact id: '9b09390d05bbda382357ef031c23f4ad') in 0.002323791 seconds
Number of updated asset objects reloaded before import = 0Number of asset objects unloaded after import = 0

========================================================================
Received Import Request.
  Time since last request: 0.000048 seconds.
  path: Assets/Scripts/GameSystem
  artifactKey: Guid(f02b7ef2ce563437bb34ccb47e9fe9e0) Importer(2089858483,192608db42251d675da83286b1cce702)
Start importing Assets/Scripts/GameSystem using Guid(f02b7ef2ce563437bb34ccb47e9fe9e0) Importer(2089858483,192608db42251d675da83286b1cce702) (ScriptedImporter) -> (artifact id: 'cc59cd961cd1a54901045289ed5dcc40') in 0.001897958 seconds
Number of updated asset objects reloaded before import = 0Number of asset objects unloaded after import = 1

========================================================================
Received Import Request.
  Time since last request: 0.000056 seconds.
  path: Assets/Photon/PhotonUnityNetworking/Demos/Shared Assets/Animations/HumanoidRunTurnSharp.fbx
  artifactKey: Guid(f2bed5dc5afacff44a00de8daae9703b) Importer(2089858483,192608db42251d675da83286b1cce702)
Start importing Assets/Photon/PhotonUnityNetworking/Demos/Shared Assets/Animations/HumanoidRunTurnSharp.fbx using Guid(f2bed5dc5afacff44a00de8daae9703b) Importer(2089858483,192608db42251d675da83286b1cce702) (ScriptedImporter) -> (artifact id: '71b5ef2949eaafdddb12f11e8ece9488') in 0.014126625 seconds
Number of updated asset objects reloaded before import = 0Number of asset objects unloaded after import = 158

========================================================================
Received Import Request.
  Time since last request: 0.000061 seconds.
  path: Assets/Scripts/Connection
  artifactKey: Guid(e0b3ff0470b869f4bbf3ddfbc7e51369) Importer(2089858483,192608db42251d675da83286b1cce702)
Start importing Assets/Scripts/Connection using Guid(e0b3ff0470b869f4bbf3ddfbc7e51369) Importer(2089858483,192608db42251d675da83286b1cce702) (ScriptedImporter) -> (artifact id: '02a1f7161c5617fcc1a6ea58fed4694a') in 0.001711625 seconds
Number of updated asset objects reloaded before import = 0Number of asset objects unloaded after import = 1

========================================================================
Received Import Request.
  Time since last request: 0.000057 seconds.
  path: Assets/Photon/PhotonUnityNetworking/changelog.txt
  artifactKey: Guid(612a7d8fb44bb994d90d9c0fa1408703) Importer(2089858483,192608db42251d675da83286b1cce702)
Start importing Assets/Photon/PhotonUnityNetworking/changelog.txt using Guid(612a7d8fb44bb994d90d9c0fa1408703) Importer(2089858483,192608db42251d675da83286b1cce702) (ScriptedImporter) -> (artifact id: '2f903875b4b45d124f6b22dc13aa6090') in 0.002420167 seconds
Number of updated asset objects reloaded before import = 0Number of asset objects unloaded after import = 1

========================================================================
Received Import Request.
  Time since last request: 0.000045 seconds.
  path: Assets/Scripts/GameSystem/Question.cs
  artifactKey: Guid(e9d1e44144eef4c1ab1d0cf16dc2d511) Importer(2089858483,192608db42251d675da83286b1cce702)
Start importing Assets/Scripts/GameSystem/Question.cs using Guid(e9d1e44144eef4c1ab1d0cf16dc2d511) Importer(2089858483,192608db42251d675da83286b1cce702) (ScriptedImporter) -> (artifact id: '354470ee4f356e81b709ce3fab7e4015') in 0.002194542 seconds
Number of updated asset objects reloaded before import = 0Number of asset objects unloaded after import = 0

========================================================================
Received Import Request.
  Time since last request: 0.000051 seconds.
  path: Assets/Scripts/Managers/SceneLoader.cs
  artifactKey: Guid(72bcf4b330b255449934388ebe9137ac) Importer(2089858483,192608db42251d675da83286b1cce702)
Start importing Assets/Scripts/Managers/SceneLoader.cs using Guid(72bcf4b330b255449934388ebe9137ac) Importer(2089858483,192608db42251d675da83286b1cce702) (ScriptedImporter) -> (artifact id: '6b0978ade47502ff74dd98173c8414dc') in 0.002227584 seconds
Number of updated asset objects reloaded before import = 0Number of asset objects unloaded after import = 0

========================================================================
Received Import Request.
  Time since last request: 0.000055 seconds.
  path: Assets/Scripts/Log
  artifactKey: Guid(b39707292f8173a47bfef014e938fa55) Importer(2089858483,192608db42251d675da83286b1cce702)
Start importing Assets/Scripts/Log using Guid(b39707292f8173a47bfef014e938fa55) Importer(2089858483,192608db42251d675da83286b1cce702) (ScriptedImporter) -> (artifact id: '9c23374fa5833ac9363d070598c99fab') in 0.001741167 seconds
Number of updated asset objects reloaded before import = 0Number of asset objects unloaded after import = 1

========================================================================
Received Import Request.
  Time since last request: 0.000075 seconds.
  path: Assets/Scripts/GameSystem/PlayerAnswer.cs
  artifactKey: Guid(ec4a9223debf144f79d33ef4eb1872f1) Importer(2089858483,192608db42251d675da83286b1cce702)
Start importing Assets/Scripts/GameSystem/PlayerAnswer.cs using Guid(ec4a9223debf144f79d33ef4eb1872f1) Importer(2089858483,192608db42251d675da83286b1cce702) (ScriptedImporter) -> (artifact id: '0e1b8b56ea970cf6088026ba91d4a671') in 0.002288125 seconds
Number of updated asset objects reloaded before import = 0Number of asset objects unloaded after import = 0

========================================================================
Received Import Request.
  Time since last request: 0.000055 seconds.
  path: Assets/Scripts/API/APIConnector.cs
  artifactKey: Guid(3bd994c9c498b43c886fc5f94346e3c6) Importer(2089858483,192608db42251d675da83286b1cce702)
Start importing Assets/Scripts/API/APIConnector.cs using Guid(3bd994c9c498b43c886fc5f94346e3c6) Importer(2089858483,192608db42251d675da83286b1cce702) (ScriptedImporter) -> (artifact id: '586655cfc7fec4f735af946863dd1576') in 0.00227925 seconds
Number of updated asset objects reloaded before import = 0Number of asset objects unloaded after import = 0

========================================================================
Received Import Request.
  Time since last request: 0.000048 seconds.
  path: Assets/Scripts/Log/RoomLogger.cs
  artifactKey: Guid(6f8f9aefe47ab3c4881f4e3004abab8f) Importer(2089858483,192608db42251d675da83286b1cce702)
Start importing Assets/Scripts/Log/RoomLogger.cs using Guid(6f8f9aefe47ab3c4881f4e3004abab8f) Importer(2089858483,192608db42251d675da83286b1cce702) (ScriptedImporter) -> (artifact id: '93bff801794e1f31ad27d0515f5d2cb9') in 0.002254625 seconds
Number of updated asset objects reloaded before import = 0Number of asset objects unloaded after import = 0

========================================================================
Received Import Request.
  Time since last request: 0.000037 seconds.
  path: Assets/Photon/PhotonUnityNetworking/UtilityScripts/Culling
  artifactKey: Guid(404d7999c3b78454798028d2efcb9336) Importer(2089858483,192608db42251d675da83286b1cce702)
Start importing Assets/Photon/PhotonUnityNetworking/UtilityScripts/Culling using Guid(404d7999c3b78454798028d2efcb9336) Importer(2089858483,192608db42251d675da83286b1cce702) (ScriptedImporter) -> (artifact id: 'eda2bb5ee3d9719e1ef76fad995cca4a') in 0.001596541 seconds
Number of updated asset objects reloaded before import = 0Number of asset objects unloaded after import = 1

========================================================================
Received Import Request.
  Time since last request: 0.000048 seconds.
  path: Assets/Photon/PhotonUnityNetworking/Demos/Shared Assets/Animator
  artifactKey: Guid(2801ac353257134459299cec1ea2273d) Importer(2089858483,192608db42251d675da83286b1cce702)
Start importing Assets/Photon/PhotonUnityNetworking/Demos/Shared Assets/Animator using Guid(2801ac353257134459299cec1ea2273d) Importer(2089858483,192608db42251d675da83286b1cce702) (ScriptedImporter) -> (artifact id: '10347bc211ee1e59203acc75a5eeccf1') in 0.01627975 seconds
Number of updated asset objects reloaded before import = 0Number of asset objects unloaded after import = 1

========================================================================
Received Import Request.
  Time since last request: 0.000039 seconds.
  path: Assets/Photon/PhotonUnityNetworking/Demos/Shared Assets/Prefabs/UI
  artifactKey: Guid(77cade2e8c1ac9f408322245e2d17cf1) Importer(2089858483,192608db42251d675da83286b1cce702)
Start importing Assets/Photon/PhotonUnityNetworking/Demos/Shared Assets/Prefabs/UI using Guid(77cade2e8c1ac9f408322245e2d17cf1) Importer(2089858483,192608db42251d675da83286b1cce702) (ScriptedImporter) -> (artifact id: '85937d7f59db44349f1c1eb50daff0d8') in 0.001783416 seconds
Number of updated asset objects reloaded before import = 0Number of asset objects unloaded after import = 1

========================================================================
Received Import Request.
  Time since last request: 0.000049 seconds.
  path: Assets/Prefabs/Input_Question.prefab
  artifactKey: Guid(95be95cf07061411eb430567af5d36e5) Importer(2089858483,192608db42251d675da83286b1cce702)
Start importing Assets/Prefabs/Input_Question.prefab using Guid(95be95cf07061411eb430567af5d36e5) Importer(2089858483,192608db42251d675da83286b1cce702) (ScriptedImporter) -> (artifact id: '2a4f1b2151e40c45e7623a507bd180a6') in 0.268892875 seconds
Number of updated asset objects reloaded before import = 0Number of asset objects unloaded after import = 33

========================================================================
Received Import Request.
  Time since last request: 0.000054 seconds.
  path: Assets/Scripts/Nakanishi/PlayerCharacterList.cs
  artifactKey: Guid(e190435b2bebe42348cebe2628254c95) Importer(2089858483,192608db42251d675da83286b1cce702)
Start importing Assets/Scripts/Nakanishi/PlayerCharacterList.cs using Guid(e190435b2bebe42348cebe2628254c95) Importer(2089858483,192608db42251d675da83286b1cce702) (ScriptedImporter) -> (artifact id: '6515533f046ec8fc38723ce9aa4555b7') in 0.002628417 seconds
Number of updated asset objects reloaded before import = 0Number of asset objects unloaded after import = 0

========================================================================
Received Import Request.
  Time since last request: 0.000047 seconds.
  path: Assets/Scripts/UI/Lobby
  artifactKey: Guid(b9590d48fd121446e9965838264ef960) Importer(2089858483,192608db42251d675da83286b1cce702)
Start importing Assets/Scripts/UI/Lobby using Guid(b9590d48fd121446e9965838264ef960) Importer(2089858483,192608db42251d675da83286b1cce702) (ScriptedImporter) -> (artifact id: 'd7fa61195c766e3f171180717c282591') in 0.001942709 seconds
Number of updated asset objects reloaded before import = 0Number of asset objects unloaded after import = 1

========================================================================
Received Import Request.
  Time since last request: 0.000071 seconds.
  path: Assets/Scripts/UI/InGame/VoteUIPresenter.cs
  artifactKey: Guid(f766429a0594ca94d819b49b725da287) Importer(2089858483,192608db42251d675da83286b1cce702)
Start importing Assets/Scripts/UI/InGame/VoteUIPresenter.cs using Guid(f766429a0594ca94d819b49b725da287) Importer(2089858483,192608db42251d675da83286b1cce702) (ScriptedImporter) -> (artifact id: '000c90a48e9ec1333f77d359c92980ce') in 0.002506458 seconds
Number of updated asset objects reloaded before import = 0Number of asset objects unloaded after import = 0

========================================================================
Received Import Request.
  Time since last request: 0.000063 seconds.
  path: Assets/Sprites/イラスト2.png
  artifactKey: Guid(6c1fd00b37b30c0499d2f99c3eb5f21f) Importer(2089858483,192608db42251d675da83286b1cce702)
Start importing Assets/Sprites/イラスト2.png using Guid(6c1fd00b37b30c0499d2f99c3eb5f21f) Importer(2089858483,192608db42251d675da83286b1cce702) (ScriptedImporter) -> (artifact id: '1d9863df431aa986f24fff6ea5b37dd0') in 0.011825333 seconds
Number of updated asset objects reloaded before import = 0Number of asset objects unloaded after import = 3

========================================================================
Received Import Request.
  Time since last request: 0.000053 seconds.
  path: Assets/Scripts/GameSystem/IPlayerCharacter.cs
  artifactKey: Guid(8f37b22660665bd4a8e7310594838441) Importer(2089858483,192608db42251d675da83286b1cce702)
Start importing Assets/Scripts/GameSystem/IPlayerCharacter.cs using Guid(8f37b22660665bd4a8e7310594838441) Importer(2089858483,192608db42251d675da83286b1cce702) (ScriptedImporter) -> (artifact id: '8a1f98f023421969427df11edccd6b56') in 0.002730334 seconds
Number of updated asset objects reloaded before import = 0Number of asset objects unloaded after import = 0

========================================================================
Received Import Request.
  Time since last request: 0.000041 seconds.
  path: Assets/Prefabs/VoteButton.prefab
  artifactKey: Guid(e083096d244b5ae4e8e34f514806d823) Importer(2089858483,192608db42251d675da83286b1cce702)
Start importing Assets/Prefabs/VoteButton.prefab using Guid(e083096d244b5ae4e8e34f514806d823) Importer(2089858483,192608db42251d675da83286b1cce702) (ScriptedImporter) -> (artifact id: '0238dd6b9e5602608723d2111ab28d79') in 0.233489167 seconds
Number of updated asset objects reloaded before import = 0Number of asset objects unloaded after import = 18

========================================================================
Received Import Request.
  Time since last request: 0.000058 seconds.
  path: Assets/Scripts/GameSystem/GameEnums.cs
  artifactKey: Guid(e03aaabbb7822754d839c4ccd472713c) Importer(2089858483,192608db42251d675da83286b1cce702)
Start importing Assets/Scripts/GameSystem/GameEnums.cs using Guid(e03aaabbb7822754d839c4ccd472713c) Importer(2089858483,192608db42251d675da83286b1cce702) (ScriptedImporter) -> (artifact id: '56dd8feece837e4c7696892806e6bc94') in 0.002702709 seconds
Number of updated asset objects reloaded before import = 0Number of asset objects unloaded after import = 0

========================================================================
Received Import Request.
  Time since last request: 0.000036 seconds.
  path: Assets/Scripts/GameSystem/VoteProcess.cs
  artifactKey: Guid(0b3945f263a1f9b4ab014a0f93cd7236) Importer(2089858483,192608db42251d675da83286b1cce702)
Start importing Assets/Scripts/GameSystem/VoteProcess.cs using Guid(0b3945f263a1f9b4ab014a0f93cd7236) Importer(2089858483,192608db42251d675da83286b1cce702) (ScriptedImporter) -> (artifact id: 'e4e275f1968b7948adb9e5aaf9bf5da9') in 0.002670458 seconds
Number of updated asset objects reloaded before import = 0Number of asset objects unloaded after import = 0

========================================================================
Received Import Request.
  Time since last request: 0.000069 seconds.
  path: Assets/Scripts/UI/Lobby/PasswordWindow.cs
  artifactKey: Guid(6206978dff966448d9fc982ae73266a7) Importer(2089858483,192608db42251d675da83286b1cce702)
Start importing Assets/Scripts/UI/Lobby/PasswordWindow.cs using Guid(6206978dff966448d9fc982ae73266a7) Importer(2089858483,192608db42251d675da83286b1cce702) (ScriptedImporter) -> (artifact id: '69c311cec674d831d9ca118540374bd1') in 0.002535208 seconds
Number of updated asset objects reloaded before import = 0Number of asset objects unloaded after import = 0

========================================================================
Received Import Request.
  Time since last request: 0.000064 seconds.
  path: Assets/Prefabs/UI/PlayerViewElement.prefab
  artifactKey: Guid(a23b664f438c749f38094977f5242627) Importer(2089858483,192608db42251d675da83286b1cce702)
Start importing Assets/Prefabs/UI/PlayerViewElement.prefab using Guid(a23b664f438c749f38094977f5242627) Importer(2089858483,192608db42251d675da83286b1cce702) (ScriptedImporter) -> (artifact id: 'eeb7fa0c1869a991e083366745f3a080') in 0.29976 seconds
Number of updated asset objects reloaded before import = 0Number of asset objects unloaded after import = 14

========================================================================
Received Import Request.
  Time since last request: 0.000060 seconds.
  path: Assets/Scripts/UI/Lobby/RoomElement.cs
  artifactKey: Guid(a592391185fbe4d6988b5c68dc8b0571) Importer(2089858483,192608db42251d675da83286b1cce702)
Start importing Assets/Scripts/UI/Lobby/RoomElement.cs using Guid(a592391185fbe4d6988b5c68dc8b0571) Importer(2089858483,192608db42251d675da83286b1cce702) (ScriptedImporter) -> (artifact id: 'd4139fc3a00945d8e12649da6393f107') in 0.002382667 seconds
Number of updated asset objects reloaded before import = 0Number of asset objects unloaded after import = 0

========================================================================
Received Import Request.
  Time since last request: 0.000046 seconds.
  path: Assets/Datas/Character
  artifactKey: Guid(e050eaad610da44a383396c561c2cccd) Importer(2089858483,192608db42251d675da83286b1cce702)
Start importing Assets/Datas/Character using Guid(e050eaad610da44a383396c561c2cccd) Importer(2089858483,192608db42251d675da83286b1cce702) (ScriptedImporter) -> (artifact id: '72bdd2f599aff5e7de03fd725b10052b') in 0.001769416 seconds
Number of updated asset objects reloaded before import = 0Number of asset objects unloaded after import = 1

========================================================================
Received Import Request.
  Time since last request: 0.000055 seconds.
  path: Assets/Scenes/GameScene.unity
  artifactKey: Guid(6122a9d4ab01d65408e8cfa5c4eea58c) Importer(2089858483,192608db42251d675da83286b1cce702)
Start importing Assets/Scenes/GameScene.unity using Guid(6122a9d4ab01d65408e8cfa5c4eea58c) Importer(2089858483,192608db42251d675da83286b1cce702) (ScriptedImporter) -> (artifact id: '50d43078b5da94f3e8f9347be81fbcea') in 0.009037042 seconds
Number of updated asset objects reloaded before import = 0Number of asset objects unloaded after import = 1

========================================================================
Received Import Request.
  Time since last request: 0.000374 seconds.
  path: Assets/Prefabs/Contents.prefab
  artifactKey: Guid(5968a0113c062466b89bf1c7967a4be9) Importer(2089858483,192608db42251d675da83286b1cce702)
Start importing Assets/Prefabs/Contents.prefab using Guid(5968a0113c062466b89bf1c7967a4be9) Importer(2089858483,192608db42251d675da83286b1cce702) (ScriptedImporter) -> (artifact id: '9e78dd73618cee2a54f046b7f55c121c') in 0.500703625 seconds
Number of updated asset objects reloaded before import = 0Number of asset objects unloaded after import = 86

========================================================================
Received Import Request.
  Time since last request: 0.000048 seconds.
  path: Assets/Scripts/UI/Lobby/NameInputManager.cs
  artifactKey: Guid(72a53150bf7da411cb97dee81e8b4a7e) Importer(2089858483,192608db42251d675da83286b1cce702)
Start importing Assets/Scripts/UI/Lobby/NameInputManager.cs using Guid(72a53150bf7da411cb97dee81e8b4a7e) Importer(2089858483,192608db42251d675da83286b1cce702) (ScriptedImporter) -> (artifact id: '0434c44104e393f9c3e41debe5e7b679') in 0.002831791 seconds
Number of updated asset objects reloaded before import = 0Number of asset objects unloaded after import = 0

========================================================================
Received Import Request.
  Time since last request: 0.000055 seconds.
  path: Assets/Datas/CharacterData.cs
  artifactKey: Guid(17017c0730bee424f8a795f0440f18aa) Importer(2089858483,192608db42251d675da83286b1cce702)
Start importing Assets/Datas/CharacterData.cs using Guid(17017c0730bee424f8a795f0440f18aa) Importer(2089858483,192608db42251d675da83286b1cce702) (ScriptedImporter) -> (artifact id: '5739cdca3295faefa5cd5b318bc95c0a') in 0.0022985 seconds
Number of updated asset objects reloaded before import = 0Number of asset objects unloaded after import = 0

========================================================================
Received Import Request.
  Time since last request: 0.000063 seconds.
  path: Assets/Scripts/Nakanishi/RoleDistribution.cs
  artifactKey: Guid(67e62f67d991e46378b87e7630bc6620) Importer(2089858483,192608db42251d675da83286b1cce702)
Start importing Assets/Scripts/Nakanishi/RoleDistribution.cs using Guid(67e62f67d991e46378b87e7630bc6620) Importer(2089858483,192608db42251d675da83286b1cce702) (ScriptedImporter) -> (artifact id: 'fdf167fe0701cf3d560d0bfd4820ad17') in 0.002350334 seconds
Number of updated asset objects reloaded before import = 0Number of asset objects unloaded after import = 0

========================================================================
Received Import Request.
  Time since last request: 0.000054 seconds.
  path: Assets/Scripts/UI/Room/RoomUIPresentor.cs
  artifactKey: Guid(81678f5df327d4d0caa8442b5d4d7163) Importer(2089858483,192608db42251d675da83286b1cce702)
Start importing Assets/Scripts/UI/Room/RoomUIPresentor.cs using Guid(81678f5df327d4d0caa8442b5d4d7163) Importer(2089858483,192608db42251d675da83286b1cce702) (ScriptedImporter) -> (artifact id: 'f16a2a15d95829149baab1f6b4862781') in 0.002333416 seconds
Number of updated asset objects reloaded before import = 0Number of asset objects unloaded after import = 0

========================================================================
Received Import Request.
  Time since last request: 0.000048 seconds.
  path: Assets/DefaultVolumeProfile.asset
  artifactKey: Guid(f1282f8d4e4924dcbae2990a1a628f3e) Importer(2089858483,192608db42251d675da83286b1cce702)
Start importing Assets/DefaultVolumeProfile.asset using Guid(f1282f8d4e4924dcbae2990a1a628f3e) Importer(2089858483,192608db42251d675da83286b1cce702) (ScriptedImporter) -> (artifact id: 'a5129bda6845a1ccc0a01274d844c990') in 0.004171209 seconds
Number of updated asset objects reloaded before import = 0Number of asset objects unloaded after import = 0

========================================================================
Received Import Request.
  Time since last request: 0.000050 seconds.
  path: Assets/Scripts/GameSystem/NPCManager.cs
  artifactKey: Guid(3b7d4c275697a5d4d87379e190df8824) Importer(2089858483,192608db42251d675da83286b1cce702)
Start importing Assets/Scripts/GameSystem/NPCManager.cs using Guid(3b7d4c275697a5d4d87379e190df8824) Importer(2089858483,192608db42251d675da83286b1cce702) (ScriptedImporter) -> (artifact id: '0ece01247c1db059f706c3f92638d970') in 0.00235125 seconds
Number of updated asset objects reloaded before import = 0Number of asset objects unloaded after import = 0

========================================================================
Received Import Request.
  Time since last request: 0.000068 seconds.
  path: Assets/UniversalRenderPipelineGlobalSettings.asset
  artifactKey: Guid(f7ee9364cba4c405a9040b9a9d41817a) Importer(2089858483,192608db42251d675da83286b1cce702)
Start importing Assets/UniversalRenderPipelineGlobalSettings.asset using Guid(f7ee9364cba4c405a9040b9a9d41817a) Importer(2089858483,192608db42251d675da83286b1cce702) (ScriptedImporter)The file 'Assets/UniversalRenderPipelineGlobalSettings.asset' seems to have merge conflicts. Please open it in a text editor and fix the merge.
UnityEngine.Debug:ExtractStackTraceNoAlloc (byte*,int,string)
UnityEngine.StackTraceUtility:ExtractStackTrace () (at /Users/bokken/build/output/unity/unity/Runtime/Export/Scripting/StackTrace.cs:37)
UnityEditor.AssetDatabase:LoadMainAssetAtPath (string)
UnityEditor.Search.AssetIndexer:IndexProperties (int&,string&,bool&) (at /Users/bokken/build/output/unity/unity/Modules/QuickSearch/Editor/Indexing/AssetIndexer.cs:300)
UnityEditor.Search.AssetIndexer:IndexDocument (string,bool) (at /Users/bokken/build/output/unity/unity/Modules/QuickSearch/Editor/Indexing/AssetIndexer.cs:207)
UnityEditor.Search.SearchIndexEntryImporter:OnImportAsset (UnityEditor.AssetImporters.AssetImportContext) (at /Users/bokken/build/output/unity/unity/Modules/QuickSearch/Editor/Indexing/SearchIndexEntryImporter.cs:64)
UnityEditor.AssetImporters.ScriptedImporter:GenerateAssetData (UnityEditor.AssetImporters.AssetImportContext) (at /Users/bokken/build/output/unity/unity/Modules/AssetPipelineEditor/Public/ScriptedImporter.cs:25)

[/Users/bokken/build/output/unity/unity/Modules/QuickSearch/Editor/Indexing/AssetIndexer.cs line 300]

 -> (artifact id: 'd851e67b7598348ed0d27c06574b7094') in 0.003515292 seconds
Number of updated asset objects reloaded before import = 0Number of asset objects unloaded after import = 1

========================================================================
Received Import Request.
  Time since last request: 0.000043 seconds.
  path: Assets/Sprites
  artifactKey: Guid(582c9fa2f1319504d940cc6ffd352783) Importer(2089858483,192608db42251d675da83286b1cce702)
Start importing Assets/Sprites using Guid(582c9fa2f1319504d940cc6ffd352783) Importer(2089858483,192608db42251d675da83286b1cce702) (ScriptedImporter) -> (artifact id: 'd38ebeb38bee82c9a394581b795ecdf3') in 0.001528584 seconds
Number of updated asset objects reloaded before import = 0Number of asset objects unloaded after import = 1

========================================================================
Received Import Request.
  Time since last request: 0.000045 seconds.
  path: Assets/Scripts/UI/Room
  artifactKey: Guid(8a2c414761a5a4142bd7e9221880cab3) Importer(2089858483,192608db42251d675da83286b1cce702)
Start importing Assets/Scripts/UI/Room using Guid(8a2c414761a5a4142bd7e9221880cab3) Importer(2089858483,192608db42251d675da83286b1cce702) (ScriptedImporter) -> (artifact id: '86e9ef971c4da34aaca07c6565635a37') in 0.001531791 seconds
Number of updated asset objects reloaded before import = 0Number of asset objects unloaded after import = 1

========================================================================
Received Import Request.
  Time since last request: 0.000054 seconds.
  path: Assets/Scenes
  artifactKey: Guid(b767d46cdf98012489baeb099163cb99) Importer(2089858483,192608db42251d675da83286b1cce702)
Start importing Assets/Scenes using Guid(b767d46cdf98012489baeb099163cb99) Importer(2089858483,192608db42251d675da83286b1cce702) (ScriptedImporter) -> (artifact id: '19ffd1e417c4334ae762c5fca0670b56') in 0.001518583 seconds
Number of updated asset objects reloaded before import = 0Number of asset objects unloaded after import = 1

========================================================================
Received Import Request.
  Time since last request: 0.000056 seconds.
  path: Assets/TextMesh Pro/Resources/Fonts & Materials/APJapanesefont.ttf
  artifactKey: Guid(07cf510e19c9d6043b2286e35cb53fb5) Importer(2089858483,192608db42251d675da83286b1cce702)
Start importing Assets/TextMesh Pro/Resources/Fonts & Materials/APJapanesefont.ttf using Guid(07cf510e19c9d6043b2286e35cb53fb5) Importer(2089858483,192608db42251d675da83286b1cce702) (ScriptedImporter) -> (artifact id: '0ce9afaf783e57d7fb14fd3e152759f6') in 0.007695041 seconds
Number of updated asset objects reloaded before import = 0Number of asset objects unloaded after import = 3

========================================================================
Received Import Request.
  Time since last request: 0.000045 seconds.
  path: Assets/Photon/PhotonUnityNetworking/Code/Editor/PhotonGUI.cs
  artifactKey: Guid(3d2cadb1ccf05074e8ce96b1393846cf) Importer(2089858483,192608db42251d675da83286b1cce702)
Start importing Assets/Photon/PhotonUnityNetworking/Code/Editor/PhotonGUI.cs using Guid(3d2cadb1ccf05074e8ce96b1393846cf) Importer(2089858483,192608db42251d675da83286b1cce702) (ScriptedImporter) -> (artifact id: '7616df4d21c2ce6a29ea00fb5e576e9c') in 0.002626292 seconds
Number of updated asset objects reloaded before import = 0Number of asset objects unloaded after import = 0

========================================================================
Received Import Request.
  Time since last request: 0.000051 seconds.
  path: Assets/Datas
  artifactKey: Guid(55ae852844106412ba97bdc72d83890a) Importer(2089858483,192608db42251d675da83286b1cce702)
Start importing Assets/Datas using Guid(55ae852844106412ba97bdc72d83890a) Importer(2089858483,192608db42251d675da83286b1cce702) (ScriptedImporter) -> (artifact id: 'fea53e93ffd1ea94b9fdba791e64dc57') in 0.001558459 seconds
Number of updated asset objects reloaded before import = 0Number of asset objects unloaded after import = 1

========================================================================
Received Import Request.
  Time since last request: 0.000052 seconds.
  path: Assets/Photon/PhotonUnityNetworking/UtilityScripts/PhotonPlayer/Editor/PunTeamsInspector.cs
  artifactKey: Guid(7dcadaf22424c4f5d82f4d48c3b8097f) Importer(2089858483,192608db42251d675da83286b1cce702)
Start importing Assets/Photon/PhotonUnityNetworking/UtilityScripts/PhotonPlayer/Editor/PunTeamsInspector.cs using Guid(7dcadaf22424c4f5d82f4d48c3b8097f) Importer(2089858483,192608db42251d675da83286b1cce702) (ScriptedImporter) -> (artifact id: '4a31e9c580c60d67cdec2f81a1092ee8') in 0.002217667 seconds
Number of updated asset objects reloaded before import = 0Number of asset objects unloaded after import = 0

========================================================================
Received Import Request.
  Time since last request: 0.000042 seconds.
  path: Assets/Photon/PhotonUnityNetworking/Demos/DemoAsteroids/Textures/FlyerPlayershipEmission.tif
  artifactKey: Guid(88217866776ce4c49944ecb360a5c6ca) Importer(2089858483,192608db42251d675da83286b1cce702)
Start importing Assets/Photon/PhotonUnityNetworking/Demos/DemoAsteroids/Textures/FlyerPlayershipEmission.tif using Guid(88217866776ce4c49944ecb360a5c6ca) Importer(2089858483,192608db42251d675da83286b1cce702) (ScriptedImporter) -> (artifact id: '79beb7e1acee8e3cf3a953ff1d7c1013') in 0.010792917 seconds
Number of updated asset objects reloaded before import = 0Number of asset objects unloaded after import = 1

========================================================================
Received Import Request.
  Time since last request: 0.000058 seconds.
  path: Assets/Prefabs/GameManager.prefab
  artifactKey: Guid(132857ff4a4645f459f607e376a0332e) Importer(2089858483,192608db42251d675da83286b1cce702)
Start importing Assets/Prefabs/GameManager.prefab using Guid(132857ff4a4645f459f607e376a0332e) Importer(2089858483,192608db42251d675da83286b1cce702) (ScriptedImporter) -> (artifact id: '7198800ffd7076218347fc25ca0c7220') in 0.018419875 seconds
Number of updated asset objects reloaded before import = 0Number of asset objects unloaded after import = 5

========================================================================
Received Import Request.
  Time since last request: 0.000069 seconds.
  path: Assets/Scripts/GameSystem/Answer/AnswerWaiter.cs
  artifactKey: Guid(891f1dd2be08245dfb5f7f43ad37fe81) Importer(2089858483,192608db42251d675da83286b1cce702)
Start importing Assets/Scripts/GameSystem/Answer/AnswerWaiter.cs using Guid(891f1dd2be08245dfb5f7f43ad37fe81) Importer(2089858483,192608db42251d675da83286b1cce702) (ScriptedImporter) -> (artifact id: '14689e84dcd517868e57a3df0dfb36b9') in 0.002236541 seconds
Number of updated asset objects reloaded before import = 0Number of asset objects unloaded after import = 0

========================================================================
Received Import Request.
  Time since last request: 0.000057 seconds.
  path: Assets/Photon/PhotonUnityNetworking/Demos/Shared Assets/Skin/eurof_tt.txt
  artifactKey: Guid(32589b999b7dcf741bfc184e9d7db384) Importer(2089858483,192608db42251d675da83286b1cce702)
Start importing Assets/Photon/PhotonUnityNetworking/Demos/Shared Assets/Skin/eurof_tt.txt using Guid(32589b999b7dcf741bfc184e9d7db384) Importer(2089858483,192608db42251d675da83286b1cce702) (ScriptedImporter) -> (artifact id: '5c704e201c932a5ee25698abdfb537c8') in 0.001721583 seconds
Number of updated asset objects reloaded before import = 0Number of asset objects unloaded after import = 1

========================================================================
Received Import Request.
  Time since last request: 0.000059 seconds.
  path: Assets/Photon/PhotonUnityNetworking/Demos/DemoSlotRacer/Kenney Assets/Stylized city/Materials/car.mat
  artifactKey: Guid(c282d31bf082fca4a822239b62ff8257) Importer(2089858483,192608db42251d675da83286b1cce702)
Start importing Assets/Photon/PhotonUnityNetworking/Demos/DemoSlotRacer/Kenney Assets/Stylized city/Materials/car.mat using Guid(c282d31bf082fca4a822239b62ff8257) Importer(2089858483,192608db42251d675da83286b1cce702) (ScriptedImporter) -> (artifact id: '54d6f99c7fe89216b828243e219a7b69') in 0.003094459 seconds
Number of updated asset objects reloaded before import = 0Number of asset objects unloaded after import = 1

========================================================================
Received Import Request.
  Time since last request: 0.000047 seconds.
  path: Assets/Photon/PhotonUnityNetworking/Code/CustomTypes.cs
  artifactKey: Guid(ab517bd36a2b2504b83979fcad45d4a2) Importer(2089858483,192608db42251d675da83286b1cce702)
Start importing Assets/Photon/PhotonUnityNetworking/Code/CustomTypes.cs using Guid(ab517bd36a2b2504b83979fcad45d4a2) Importer(2089858483,192608db42251d675da83286b1cce702) (ScriptedImporter) -> (artifact id: '538f0e20f2c92a334266870872e764a7') in 0.002420333 seconds
Number of updated asset objects reloaded before import = 0Number of asset objects unloaded after import = 0

========================================================================
Received Import Request.
  Time since last request: 0.000060 seconds.
  path: Assets/Prefabs/UI/RoomElement.prefab
  artifactKey: Guid(481424783e9814ce5965acaf7c9e1683) Importer(2089858483,192608db42251d675da83286b1cce702)
Start importing Assets/Prefabs/UI/RoomElement.prefab using Guid(481424783e9814ce5965acaf7c9e1683) Importer(2089858483,192608db42251d675da83286b1cce702) (ScriptedImporter) -> (artifact id: 'd45e23aecf6b7dfd847a93eee7eada94') in 0.498903042 seconds
Number of updated asset objects reloaded before import = 0Number of asset objects unloaded after import = 37

========================================================================
Received Import Request.
  Time since last request: 0.000039 seconds.
  path: Assets/Photon/PhotonUnityNetworking/Demos/PunCockpit/Scripts/Autonomous UI/CurrentRoom/CurrentRoomIsVisibleToggle.cs
  artifactKey: Guid(d221ad35d6c3f4da9b735a5e819ed1d3) Importer(2089858483,192608db42251d675da83286b1cce702)
Start importing Assets/Photon/PhotonUnityNetworking/Demos/PunCockpit/Scripts/Autonomous UI/CurrentRoom/CurrentRoomIsVisibleToggle.cs using Guid(d221ad35d6c3f4da9b735a5e819ed1d3) Importer(2089858483,192608db42251d675da83286b1cce702) (ScriptedImporter) -> (artifact id: '61f55c576a52ab27666be110ba005d9c') in 0.002786333 seconds
Number of updated asset objects reloaded before import = 0Number of asset objects unloaded after import = 0

========================================================================
Received Import Request.
  Time since last request: 0.000046 seconds.
  path: Assets/Scripts/UI/Lobby/PasswordGenerator.cs
  artifactKey: Guid(147c04878f5f7436a9b7362df122edd7) Importer(2089858483,192608db42251d675da83286b1cce702)
Start importing Assets/Scripts/UI/Lobby/PasswordGenerator.cs using Guid(147c04878f5f7436a9b7362df122edd7) Importer(2089858483,192608db42251d675da83286b1cce702) (ScriptedImporter) -> (artifact id: 'ee2fdc491029d2e89c1310ebef590a7c') in 0.0024215 seconds
Number of updated asset objects reloaded before import = 0Number of asset objects unloaded after import = 0

========================================================================
Received Import Request.
  Time since last request: 0.000034 seconds.
  path: Assets/Photon/PhotonUnityNetworking/Demos/DemoSlotRacer/SlotCar-Scene
  artifactKey: Guid(6b9a49bdbbe544cdeaf23d958e5296f8) Importer(2089858483,192608db42251d675da83286b1cce702)
Start importing Assets/Photon/PhotonUnityNetworking/Demos/DemoSlotRacer/SlotCar-Scene using Guid(6b9a49bdbbe544cdeaf23d958e5296f8) Importer(2089858483,192608db42251d675da83286b1cce702) (ScriptedImporter) -> (artifact id: 'f206ceff14c4e781a8653fb289a5dece') in 0.001607834 seconds
Number of updated asset objects reloaded before import = 0Number of asset objects unloaded after import = 1

========================================================================
Received Import Request.
  Time since last request: 0.000056 seconds.
  path: Assets/Photon/PhotonUnityNetworking/Demos/Shared Assets/Skin/Jura-Medium.ttf
  artifactKey: Guid(e00995507c2406448b4c8429136104dd) Importer(2089858483,192608db42251d675da83286b1cce702)
Start importing Assets/Photon/PhotonUnityNetworking/Demos/Shared Assets/Skin/Jura-Medium.ttf using Guid(e00995507c2406448b4c8429136104dd) Importer(2089858483,192608db42251d675da83286b1cce702) (ScriptedImporter) -> (artifact id: 'd92d923bf0c7fc20d43548b2a0ccbed4') in 0.004772291 seconds
Number of updated asset objects reloaded before import = 0Number of asset objects unloaded after import = 3

========================================================================
Received Import Request.
  Time since last request: 0.000056 seconds.
  path: Assets/Photon/PhotonUnityNetworking/Demos/Shared Assets/Materials/Robot_Color.mat
  artifactKey: Guid(0aa851515cd3747d6b3b3e461199a2ed) Importer(2089858483,192608db42251d675da83286b1cce702)
Start importing Assets/Photon/PhotonUnityNetworking/Demos/Shared Assets/Materials/Robot_Color.mat using Guid(0aa851515cd3747d6b3b3e461199a2ed) Importer(2089858483,192608db42251d675da83286b1cce702) (ScriptedImporter) -> (artifact id: '721354692b3b6afd0bea44df8f0dcc40') in 0.005158916 seconds
Number of updated asset objects reloaded before import = 0Number of asset objects unloaded after import = 3

========================================================================
Received Import Request.
  Time since last request: 0.000062 seconds.
  path: Assets/Photon/PhotonUnityNetworking/Demos/DemoSlotRacer/Scripts/BezierCurve/Line.cs
  artifactKey: Guid(3886e96ecea4f4f0eb98bb0c41a31fbe) Importer(2089858483,192608db42251d675da83286b1cce702)
Start importing Assets/Photon/PhotonUnityNetworking/Demos/DemoSlotRacer/Scripts/BezierCurve/Line.cs using Guid(3886e96ecea4f4f0eb98bb0c41a31fbe) Importer(2089858483,192608db42251d675da83286b1cce702) (ScriptedImporter) -> (artifact id: 'e59361214e3b09121b25f638df1c2e88') in 0.002431708 seconds
Number of updated asset objects reloaded before import = 0Number of asset objects unloaded after import = 0

========================================================================
Received Import Request.
  Time since last request: 0.000057 seconds.
  path: Assets/Photon/PhotonChat/Demos/DemoChat/IgnoreUiRaycastWhenInactive.cs
  artifactKey: Guid(4ba4c747f6975ea46bcc0a55ffe3bfe8) Importer(2089858483,192608db42251d675da83286b1cce702)
Start importing Assets/Photon/PhotonChat/Demos/DemoChat/IgnoreUiRaycastWhenInactive.cs using Guid(4ba4c747f6975ea46bcc0a55ffe3bfe8) Importer(2089858483,192608db42251d675da83286b1cce702) (ScriptedImporter) -> (artifact id: 'acce6e4e3648a6e3804df70d855cfb14') in 0.002646416 seconds
Number of updated asset objects reloaded before import = 0Number of asset objects unloaded after import = 0

========================================================================
Received Import Request.
  Time since last request: 0.000058 seconds.
  path: Assets/Photon/PhotonUnityNetworking/Icons/PunIconApp48.png
  artifactKey: Guid(44ebd8e6f42cae445ab4b22f0a9b48a0) Importer(2089858483,192608db42251d675da83286b1cce702)
Start importing Assets/Photon/PhotonUnityNetworking/Icons/PunIconApp48.png using Guid(44ebd8e6f42cae445ab4b22f0a9b48a0) Importer(2089858483,192608db42251d675da83286b1cce702) (ScriptedImporter) -> (artifact id: 'a1a94284e5cc7a8b6c36fb1e40463378') in 0.007717875 seconds
Number of updated asset objects reloaded before import = 0Number of asset objects unloaded after import = 3

========================================================================
Received Import Request.
  Time since last request: 0.000056 seconds.
  path: Assets/Photon/PhotonUnityNetworking/Code/Utilities
  artifactKey: Guid(d67e11e5c968e60489b4eeec4d85e165) Importer(2089858483,192608db42251d675da83286b1cce702)
Start importing Assets/Photon/PhotonUnityNetworking/Code/Utilities using Guid(d67e11e5c968e60489b4eeec4d85e165) Importer(2089858483,192608db42251d675da83286b1cce702) (ScriptedImporter) -> (artifact id: '5bc59bca507f53f353d6b939b46b02bb') in 0.001837542 seconds
Number of updated asset objects reloaded before import = 0Number of asset objects unloaded after import = 1

========================================================================
Received Import Request.
  Time since last request: 0.000056 seconds.
  path: Assets/Photon/PhotonUnityNetworking/Demos/PunCockpit/Scripts/ReadOnlyProperties/CurrentRoomMasterClientIdProperty.cs
  artifactKey: Guid(ded3411e394ba4dcc82f3b6e25871839) Importer(2089858483,192608db42251d675da83286b1cce702)
Start importing Assets/Photon/PhotonUnityNetworking/Demos/PunCockpit/Scripts/ReadOnlyProperties/CurrentRoomMasterClientIdProperty.cs using Guid(ded3411e394ba4dcc82f3b6e25871839) Importer(2089858483,192608db42251d675da83286b1cce702) (ScriptedImporter) -> (artifact id: 'd16c40536a3beafea86f7a8c04194b05') in 0.002683458 seconds
Number of updated asset objects reloaded before import = 0Number of asset objects unloaded after import = 0

========================================================================
Received Import Request.
  Time since last request: 0.000067 seconds.
  path: Assets/Photon/PhotonUnityNetworking/Demos/Shared Assets/Skin/ToggleHover.png
  artifactKey: Guid(b5771695f174e1143b3090393989b688) Importer(2089858483,192608db42251d675da83286b1cce702)
Start importing Assets/Photon/PhotonUnityNetworking/Demos/Shared Assets/Skin/ToggleHover.png using Guid(b5771695f174e1143b3090393989b688) Importer(2089858483,192608db42251d675da83286b1cce702) (ScriptedImporter) -> (artifact id: 'b1a03b57fadb52eaf577f5967248b397') in 0.006446542 seconds
Number of updated asset objects reloaded before import = 0Number of asset objects unloaded after import = 1

========================================================================
Received Import Request.
  Time since last request: 0.000042 seconds.
  path: Assets/Scripts/GameSystem/Question/QuestionWaiter.cs
  artifactKey: Guid(a7d50953c2f3e4269bb0ef1063d8f573) Importer(2089858483,192608db42251d675da83286b1cce702)
Start importing Assets/Scripts/GameSystem/Question/QuestionWaiter.cs using Guid(a7d50953c2f3e4269bb0ef1063d8f573) Importer(2089858483,192608db42251d675da83286b1cce702) (ScriptedImporter) -> (artifact id: '73a2d439bbaf6d8652b07c8627ad3730') in 0.002217334 seconds
Number of updated asset objects reloaded before import = 0Number of asset objects unloaded after import = 0

========================================================================
Received Import Request.
  Time since last request: 0.000034 seconds.
  path: Assets/Photon/PhotonUnityNetworking/Demos/Shared Assets/Materials/UnitTextureBlue12x.mat
  artifactKey: Guid(c676d877ef241ab4686e2f237b1e2f13) Importer(2089858483,192608db42251d675da83286b1cce702)
Start importing Assets/Photon/PhotonUnityNetworking/Demos/Shared Assets/Materials/UnitTextureBlue12x.mat using Guid(c676d877ef241ab4686e2f237b1e2f13) Importer(2089858483,192608db42251d675da83286b1cce702) (ScriptedImporter) -> (artifact id: 'ffc7f8dacb07184b64541a595e8cc53c') in 0.00345575 seconds
Number of updated asset objects reloaded before import = 0Number of asset objects unloaded after import = 2

========================================================================
Received Import Request.
  Time since last request: 0.000055 seconds.
  path: Assets/Scripts/UI/InGame/UIPresenter.cs
  artifactKey: Guid(659f5a15aee7247df848fee797f9cd9b) Importer(2089858483,192608db42251d675da83286b1cce702)
Start importing Assets/Scripts/UI/InGame/UIPresenter.cs using Guid(659f5a15aee7247df848fee797f9cd9b) Importer(2089858483,192608db42251d675da83286b1cce702) (ScriptedImporter) -> (artifact id: '02ef8fef6704df2ab2a420f81118e5db') in 0.004731167 seconds
Number of updated asset objects reloaded before import = 0Number of asset objects unloaded after import = 0

========================================================================
Received Import Request.
  Time since last request: 2.099550 seconds.
  path: Assets/Datas/Character/UnclePeople.asset
  artifactKey: Guid(a248a2f8c863e4468b9b5719cfafe229) Importer(2089858483,192608db42251d675da83286b1cce702)
Start importing Assets/Datas/Character/UnclePeople.asset using Guid(a248a2f8c863e4468b9b5719cfafe229) Importer(2089858483,192608db42251d675da83286b1cce702) (ScriptedImporter) -> (artifact id: 'b8a59344d2c5caffb0369afcae4ed7e4') in 0.003760375 seconds
Number of updated asset objects reloaded before import = 0Number of asset objects unloaded after import = 1

========================================================================
Received Import Request.
  Time since last request: 0.000035 seconds.
  path: Assets/Prefabs/UI/CharacterIconSet.prefab
  artifactKey: Guid(3b6de510e2e534153b1df45d6f4e5758) Importer(2089858483,192608db42251d675da83286b1cce702)
Start importing Assets/Prefabs/UI/CharacterIconSet.prefab using Guid(3b6de510e2e534153b1df45d6f4e5758) Importer(2089858483,192608db42251d675da83286b1cce702) (ScriptedImporter) -> (artifact id: '42248cce51d98778754db2b0d81b80c3') in 0.252222917 seconds
Number of updated asset objects reloaded before import = 0Number of asset objects unloaded after import = 30

========================================================================
Received Import Request.
  Time since last request: 0.000086 seconds.
  path: Assets/Scripts/UI/InGame/Body/UIPresenter_Body.cs
  artifactKey: Guid(9321ba571512b412fb6b142104f6990e) Importer(2089858483,192608db42251d675da83286b1cce702)
Start importing Assets/Scripts/UI/InGame/Body/UIPresenter_Body.cs using Guid(9321ba571512b412fb6b142104f6990e) Importer(2089858483,192608db42251d675da83286b1cce702) (ScriptedImporter) -> (artifact id: '0e798abc1f603362fe3f9c5babe83409') in 0.002542667 seconds
Number of updated asset objects reloaded before import = 0Number of asset objects unloaded after import = 0

========================================================================
Received Import Request.
  Time since last request: 0.000044 seconds.
  path: Assets/Scripts/UI/InGame/Header
  artifactKey: Guid(f305624cb13a246a8b4558e07be3deb5) Importer(2089858483,192608db42251d675da83286b1cce702)
Start importing Assets/Scripts/UI/InGame/Header using Guid(f305624cb13a246a8b4558e07be3deb5) Importer(2089858483,192608db42251d675da83286b1cce702) (ScriptedImporter) -> (artifact id: '40cf0a9613cf204c945bc0bcb3d7edd3') in 0.00177175 seconds
Number of updated asset objects reloaded before import = 0Number of asset objects unloaded after import = 1

========================================================================
Received Import Request.
  Time since last request: 0.000039 seconds.
  path: Assets/Animation
  artifactKey: Guid(887100105b3463b4fb3600c1d14679b8) Importer(2089858483,192608db42251d675da83286b1cce702)
Start importing Assets/Animation using Guid(887100105b3463b4fb3600c1d14679b8) Importer(2089858483,192608db42251d675da83286b1cce702) (ScriptedImporter) -> (artifact id: '27411365c890d3bba9917ac0cd4cb8b8') in 0.001939167 seconds
Number of updated asset objects reloaded before import = 0Number of asset objects unloaded after import = 1

========================================================================
Received Import Request.
  Time since last request: 0.000059 seconds.
  path: Assets/Scripts/UI/Title/SimpleFade.cs
  artifactKey: Guid(f8374308ff3c86a47a17aa0aba6c5afd) Importer(2089858483,192608db42251d675da83286b1cce702)
Start importing Assets/Scripts/UI/Title/SimpleFade.cs using Guid(f8374308ff3c86a47a17aa0aba6c5afd) Importer(2089858483,192608db42251d675da83286b1cce702) (ScriptedImporter) -> (artifact id: '958f8dcb7d363285fd1227e515133e0a') in 0.002609 seconds
Number of updated asset objects reloaded before import = 0Number of asset objects unloaded after import = 0

========================================================================
Received Import Request.
  Time since last request: 0.000073 seconds.
  path: Assets/Scripts/Sound/maou_se_onepoint07.mp3
  artifactKey: Guid(426ea4491b22ffd439390365bc7d5570) Importer(2089858483,192608db42251d675da83286b1cce702)
Start importing Assets/Scripts/Sound/maou_se_onepoint07.mp3 using Guid(426ea4491b22ffd439390365bc7d5570) Importer(2089858483,192608db42251d675da83286b1cce702) (ScriptedImporter) -> (artifact id: 'fe515c221385d6696c49e5324f167d8e') in 0.026096166 seconds
Number of updated asset objects reloaded before import = 0Number of asset objects unloaded after import = 1

========================================================================
Received Import Request.
  Time since last request: 0.000048 seconds.
  path: Assets/Scripts/UI/InGame/Footer/ExecutePlayerButtons.cs
  artifactKey: Guid(b8f08f1dfe623487a9e88fd595067a11) Importer(2089858483,192608db42251d675da83286b1cce702)
Start importing Assets/Scripts/UI/InGame/Footer/ExecutePlayerButtons.cs using Guid(b8f08f1dfe623487a9e88fd595067a11) Importer(2089858483,192608db42251d675da83286b1cce702) (ScriptedImporter) -> (artifact id: '16195c0029e43c95e5aab718b31968ab') in 0.00259975 seconds
Number of updated asset objects reloaded before import = 0Number of asset objects unloaded after import = 0

========================================================================
Received Import Request.
  Time since last request: 0.000056 seconds.
  path: Assets/Datas/Character/Representative.asset
  artifactKey: Guid(863c19d3835f84c778a239ce42e4c187) Importer(2089858483,192608db42251d675da83286b1cce702)
Start importing Assets/Datas/Character/Representative.asset using Guid(863c19d3835f84c778a239ce42e4c187) Importer(2089858483,192608db42251d675da83286b1cce702) (ScriptedImporter) -> (artifact id: 'e5b7f446a5a453b5e77dd104cba6c026') in 0.003747667 seconds
Number of updated asset objects reloaded before import = 0Number of asset objects unloaded after import = 2

========================================================================
Received Import Request.
  Time since last request: 0.000055 seconds.
  path: Assets/Scripts/Sound/ButtonSoundManager.cs
  artifactKey: Guid(4995fa0e418112c4d928dcc4e234458e) Importer(2089858483,192608db42251d675da83286b1cce702)
Start importing Assets/Scripts/Sound/ButtonSoundManager.cs using Guid(4995fa0e418112c4d928dcc4e234458e) Importer(2089858483,192608db42251d675da83286b1cce702) (ScriptedImporter) -> (artifact id: 'bdb4f18744e76d68449d5289111e60da') in 0.002461708 seconds
Number of updated asset objects reloaded before import = 0Number of asset objects unloaded after import = 0

========================================================================
Received Import Request.
  Time since last request: 0.000051 seconds.
  path: Assets/Scripts/GameSystem/Retry
  artifactKey: Guid(3c62d5f4cf7e94d77a98b2d5ba85ab33) Importer(2089858483,192608db42251d675da83286b1cce702)
Start importing Assets/Scripts/GameSystem/Retry using Guid(3c62d5f4cf7e94d77a98b2d5ba85ab33) Importer(2089858483,192608db42251d675da83286b1cce702) (ScriptedImporter) -> (artifact id: 'c694c68e6594f2b72d53e858ef328b44') in 0.001807166 seconds
Number of updated asset objects reloaded before import = 0Number of asset objects unloaded after import = 1

========================================================================
Received Import Request.
  Time since last request: 0.000076 seconds.
  path: Assets/Scripts/UI/InGame/Body
  artifactKey: Guid(2b21db85d1bdd4695b15dccb4d08715c) Importer(2089858483,192608db42251d675da83286b1cce702)
Start importing Assets/Scripts/UI/InGame/Body using Guid(2b21db85d1bdd4695b15dccb4d08715c) Importer(2089858483,192608db42251d675da83286b1cce702) (ScriptedImporter) -> (artifact id: '12b29c0ca8fc91240a49a89f14753e2c') in 0.001735084 seconds
Number of updated asset objects reloaded before import = 0Number of asset objects unloaded after import = 1

========================================================================
Received Import Request.
  Time since last request: 0.000061 seconds.
  path: Assets/Sprites/wood 1.png
  artifactKey: Guid(d693bf2610793ec48b773052bc6f920b) Importer(2089858483,192608db42251d675da83286b1cce702)
Start importing Assets/Sprites/wood 1.png using Guid(d693bf2610793ec48b773052bc6f920b) Importer(2089858483,192608db42251d675da83286b1cce702) (ScriptedImporter) -> (artifact id: '82b94c4849fca1117530f67766e147f8') in 0.010068458 seconds
Number of updated asset objects reloaded before import = 0Number of asset objects unloaded after import = 3

========================================================================
Received Import Request.
  Time since last request: 0.000053 seconds.
  path: Assets/Prefabs/UI/CharacterIcon.prefab
  artifactKey: Guid(e96661e867b634cb19007cbb9f2b2327) Importer(2089858483,192608db42251d675da83286b1cce702)
Start importing Assets/Prefabs/UI/CharacterIcon.prefab using Guid(e96661e867b634cb19007cbb9f2b2327) Importer(2089858483,192608db42251d675da83286b1cce702) (ScriptedImporter) -> (artifact id: 'db6ae91579f43ee0080243e61cdcf4c4') in 0.255532625 seconds
Number of updated asset objects reloaded before import = 0Number of asset objects unloaded after import = 26

========================================================================
Received Import Request.
  Time since last request: 0.000050 seconds.
  path: Assets/Fonts/mitimasu.ttf
  artifactKey: Guid(8c4c9327ad68c98448f0d7ccf9cc5bda) Importer(2089858483,192608db42251d675da83286b1cce702)
Start importing Assets/Fonts/mitimasu.ttf using Guid(8c4c9327ad68c98448f0d7ccf9cc5bda) Importer(2089858483,192608db42251d675da83286b1cce702) (ScriptedImporter) -> (artifact id: '4301952f1e03cd30ede99611ad4c9738') in 0.0077695 seconds
Number of updated asset objects reloaded before import = 0Number of asset objects unloaded after import = 3

========================================================================
Received Import Request.
  Time since last request: 0.000050 seconds.
  path: Assets/Scripts/Sound/平穏な日々.mp3
  artifactKey: Guid(38e3a88de20fc4a438a76ea65c1cdfdd) Importer(2089858483,192608db42251d675da83286b1cce702)
Start importing Assets/Scripts/Sound/平穏な日々.mp3 using Guid(38e3a88de20fc4a438a76ea65c1cdfdd) Importer(2089858483,192608db42251d675da83286b1cce702) (ScriptedImporter) -> (artifact id: '81637e977f115b8097c785114a1d07f2') in 0.021357167 seconds
Number of updated asset objects reloaded before import = 0Number of asset objects unloaded after import = 1

========================================================================
Received Import Request.
  Time since last request: 0.000058 seconds.
  path: Assets/Scripts/UI/InGame/Footer
  artifactKey: Guid(40a31bcd1e926485a99841ac670ee45a) Importer(2089858483,192608db42251d675da83286b1cce702)
Start importing Assets/Scripts/UI/InGame/Footer using Guid(40a31bcd1e926485a99841ac670ee45a) Importer(2089858483,192608db42251d675da83286b1cce702) (ScriptedImporter) -> (artifact id: 'f6eda3fcc569c2b4de3251e6a22ab4ea') in 0.001804333 seconds
Number of updated asset objects reloaded before import = 0Number of asset objects unloaded after import = 1

========================================================================
Received Import Request.
  Time since last request: 0.000048 seconds.
  path: Assets/UniversalRenderPipelineGlobalSettings 1.asset
  artifactKey: Guid(f03338413f5ee4c8dad4bfb5d0e1e733) Importer(2089858483,192608db42251d675da83286b1cce702)
Start importing Assets/UniversalRenderPipelineGlobalSettings 1.asset using Guid(f03338413f5ee4c8dad4bfb5d0e1e733) Importer(2089858483,192608db42251d675da83286b1cce702) (ScriptedImporter) -> (artifact id: 'bf0640e784463c10144d4c9e29001eb9') in 0.01999525 seconds
Number of updated asset objects reloaded before import = 0Number of asset objects unloaded after import = 0

========================================================================
Received Import Request.
  Time since last request: 0.000047 seconds.
  path: Assets/Scripts/UI/Title/ParticleClickSpawner.cs
  artifactKey: Guid(03a44a12efc9f9b41bb89ff5a497ea6a) Importer(2089858483,192608db42251d675da83286b1cce702)
Start importing Assets/Scripts/UI/Title/ParticleClickSpawner.cs using Guid(03a44a12efc9f9b41bb89ff5a497ea6a) Importer(2089858483,192608db42251d675da83286b1cce702) (ScriptedImporter) -> (artifact id: '5f981c456786104cc7324ed1e3b4034d') in 0.002483208 seconds
Number of updated asset objects reloaded before import = 0Number of asset objects unloaded after import = 0

========================================================================
Received Import Request.
  Time since last request: 0.000048 seconds.
  path: Assets/Scripts/UI/InGame/Footer/UIPresenter_Footer.cs
  artifactKey: Guid(ab3d7cce570ea4836b87a391697860f8) Importer(2089858483,192608db42251d675da83286b1cce702)
Start importing Assets/Scripts/UI/InGame/Footer/UIPresenter_Footer.cs using Guid(ab3d7cce570ea4836b87a391697860f8) Importer(2089858483,192608db42251d675da83286b1cce702) (ScriptedImporter) -> (artifact id: 'c32f48d2b44ab704440c223d79054f83') in 0.002402958 seconds
Number of updated asset objects reloaded before import = 0Number of asset objects unloaded after import = 0

========================================================================
Received Import Request.
  Time since last request: 0.000043 seconds.
  path: Assets/Sprites/Icons/otaku_icon.png
  artifactKey: Guid(0c73c9a60682946b8aa88529ccf84f35) Importer(2089858483,192608db42251d675da83286b1cce702)
Start importing Assets/Sprites/Icons/otaku_icon.png using Guid(0c73c9a60682946b8aa88529ccf84f35) Importer(2089858483,192608db42251d675da83286b1cce702) (ScriptedImporter) -> (artifact id: '540ef54388936cf08e984b8f0872a12a') in 0.007834833 seconds
Number of updated asset objects reloaded before import = 0Number of asset objects unloaded after import = 3

========================================================================
Received Import Request.
  Time since last request: 0.000050 seconds.
  path: Assets/Scripts/Sound/maou_se_onepoint31.mp3
  artifactKey: Guid(2ca2b74b432b60f45bc8d80a9830b783) Importer(2089858483,192608db42251d675da83286b1cce702)
Start importing Assets/Scripts/Sound/maou_se_onepoint31.mp3 using Guid(2ca2b74b432b60f45bc8d80a9830b783) Importer(2089858483,192608db42251d675da83286b1cce702) (ScriptedImporter) -> (artifact id: '291e0f39b43974992ea07503ea8e5026') in 0.024392584 seconds
Number of updated asset objects reloaded before import = 0Number of asset objects unloaded after import = 1

========================================================================
Received Import Request.
  Time since last request: 0.000049 seconds.
  path: Assets/Sprites/representative 1.png
  artifactKey: Guid(3b4f521a226e60048872b187ba267502) Importer(2089858483,192608db42251d675da83286b1cce702)
Start importing Assets/Sprites/representative 1.png using Guid(3b4f521a226e60048872b187ba267502) Importer(2089858483,192608db42251d675da83286b1cce702) (ScriptedImporter) -> (artifact id: '99f5bf95d1a44f88bfe6fcd0c5700a08') in 0.013774083 seconds
Number of updated asset objects reloaded before import = 0Number of asset objects unloaded after import = 1

========================================================================
Received Import Request.
  Time since last request: 0.000062 seconds.
  path: Assets/Prefabs/Sound
  artifactKey: Guid(ed35ce666ef400049be3e4324c1294fd) Importer(2089858483,192608db42251d675da83286b1cce702)
Start importing Assets/Prefabs/Sound using Guid(ed35ce666ef400049be3e4324c1294fd) Importer(2089858483,192608db42251d675da83286b1cce702) (ScriptedImporter) -> (artifact id: '2a84e2cccc4b299785d8a05bbaf75545') in 0.002129541 seconds
Number of updated asset objects reloaded before import = 0Number of asset objects unloaded after import = 1

========================================================================
Received Import Request.
  Time since last request: 0.000054 seconds.
  path: Assets/Sprites/Icons/representative_icon.png
  artifactKey: Guid(972e7fcc7fea14dc6923189b26383c07) Importer(2089858483,192608db42251d675da83286b1cce702)
Start importing Assets/Sprites/Icons/representative_icon.png using Guid(972e7fcc7fea14dc6923189b26383c07) Importer(2089858483,192608db42251d675da83286b1cce702) (ScriptedImporter) -> (artifact id: '0c160f1508adb19283a85b6c67d85a9f') in 0.010856084 seconds
Number of updated asset objects reloaded before import = 0Number of asset objects unloaded after import = 3

========================================================================
Received Import Request.
  Time since last request: 0.000047 seconds.
  path: Assets/Scenes/ButtonTest.unity
  artifactKey: Guid(78e2a2de6b88cf949844abc6d8337058) Importer(2089858483,192608db42251d675da83286b1cce702)
Start importing Assets/Scenes/ButtonTest.unity using Guid(78e2a2de6b88cf949844abc6d8337058) Importer(2089858483,192608db42251d675da83286b1cce702) (ScriptedImporter) -> (artifact id: 'b0895ea99894d29e75ead7584380d2e8') in 0.004669541 seconds
Number of updated asset objects reloaded before import = 0Number of asset objects unloaded after import = 1

========================================================================
Received Import Request.
  Time since last request: 0.000066 seconds.
  path: Assets/Scripts/UI/InGame/Utils
  artifactKey: Guid(7dc25e83dea0343d5b2e35d818e2f0eb) Importer(2089858483,192608db42251d675da83286b1cce702)
Start importing Assets/Scripts/UI/InGame/Utils using Guid(7dc25e83dea0343d5b2e35d818e2f0eb) Importer(2089858483,192608db42251d675da83286b1cce702) (ScriptedImporter) -> (artifact id: 'ba54f481f18495841ea512f7a59fbe54') in 0.001776167 seconds
Number of updated asset objects reloaded before import = 0Number of asset objects unloaded after import = 1

========================================================================
Received Import Request.
  Time since last request: 0.000059 seconds.
  path: Assets/Sprites/Bkureyon.png
  artifactKey: Guid(05807c3af420d46fdb1ee4b3bba4e02e) Importer(2089858483,192608db42251d675da83286b1cce702)
Start importing Assets/Sprites/Bkureyon.png using Guid(05807c3af420d46fdb1ee4b3bba4e02e) Importer(2089858483,192608db42251d675da83286b1cce702) (ScriptedImporter) -> (artifact id: 'fd4a8e1ea0f7045533c96d2e23e1c6a1') in 0.008656042 seconds
Number of updated asset objects reloaded before import = 0Number of asset objects unloaded after import = 3

========================================================================
Received Import Request.
  Time since last request: 0.000049 seconds.
  path: Assets/Prefabs/UI/PlayerTag.prefab
  artifactKey: Guid(a64fc4f1a3ebf403f8157e0e8682f42c) Importer(2089858483,192608db42251d675da83286b1cce702)
Start importing Assets/Prefabs/UI/PlayerTag.prefab using Guid(a64fc4f1a3ebf403f8157e0e8682f42c) Importer(2089858483,192608db42251d675da83286b1cce702) (ScriptedImporter) -> (artifact id: 'ee602d7f0fbb619d443725a49f53edb9') in 0.258312167 seconds
Number of updated asset objects reloaded before import = 0Number of asset objects unloaded after import = 19

========================================================================
Received Import Request.
  Time since last request: 0.000458 seconds.
  path: Assets/Animation/Button.controller
  artifactKey: Guid(351cd5c78a8acf6409cfd67495306a3c) Importer(2089858483,192608db42251d675da83286b1cce702)
Start importing Assets/Animation/Button.controller using Guid(351cd5c78a8acf6409cfd67495306a3c) Importer(2089858483,192608db42251d675da83286b1cce702) (ScriptedImporter) -> (artifact id: 'd983e8ddb0e212283075c691ee67f843') in 0.0083095 seconds
Number of updated asset objects reloaded before import = 0Number of asset objects unloaded after import = 17

========================================================================
Received Import Request.
  Time since last request: 0.000044 seconds.
  path: Assets/Sprites/representative.png
  artifactKey: Guid(7e6f6538126934ed59706e9cccd0ddbc) Importer(2089858483,192608db42251d675da83286b1cce702)
Start importing Assets/Sprites/representative.png using Guid(7e6f6538126934ed59706e9cccd0ddbc) Importer(2089858483,192608db42251d675da83286b1cce702) (ScriptedImporter) -> (artifact id: '1447bbabb98ebc6a53c89fb640c115d7') in 0.009956083 seconds
Number of updated asset objects reloaded before import = 0Number of asset objects unloaded after import = 3

========================================================================
Received Import Request.
  Time since last request: 0.000057 seconds.
  path: Assets/Sprites/イラスト7.png
  artifactKey: Guid(f51b3d70e5e4748d4ab9069a8a23c508) Importer(2089858483,192608db42251d675da83286b1cce702)
Start importing Assets/Sprites/イラスト7.png using Guid(f51b3d70e5e4748d4ab9069a8a23c508) Importer(2089858483,192608db42251d675da83286b1cce702) (ScriptedImporter) -> (artifact id: '051d277fcf3008c479559ace968a8b3f') in 0.008735333 seconds
Number of updated asset objects reloaded before import = 0Number of asset objects unloaded after import = 3

========================================================================
Received Import Request.
  Time since last request: 0.000065 seconds.
  path: Assets/Prefabs/UI/Input_Lobby.prefab
  artifactKey: Guid(f3c2b408e3af146f3b83d8de87b9413a) Importer(2089858483,192608db42251d675da83286b1cce702)
Start importing Assets/Prefabs/UI/Input_Lobby.prefab using Guid(f3c2b408e3af146f3b83d8de87b9413a) Importer(2089858483,192608db42251d675da83286b1cce702) (ScriptedImporter) -> (artifact id: 'b09bd36fdeab5a36af2c6587e51397aa') in 0.268819 seconds
Number of updated asset objects reloaded before import = 0Number of asset objects unloaded after import = 38

========================================================================
Received Import Request.
  Time since last request: 0.000054 seconds.
  path: Assets/Sprites/otaku.png
  artifactKey: Guid(82c5e384d2434452ba0e6c0b5db06cb6) Importer(2089858483,192608db42251d675da83286b1cce702)
Start importing Assets/Sprites/otaku.png using Guid(82c5e384d2434452ba0e6c0b5db06cb6) Importer(2089858483,192608db42251d675da83286b1cce702) (ScriptedImporter) -> (artifact id: 'b4573cefc32e2b3366a5b779cb4bb74c') in 0.008630833 seconds
Number of updated asset objects reloaded before import = 0Number of asset objects unloaded after import = 3

========================================================================
Received Import Request.
  Time since last request: 0.000054 seconds.
  path: Assets/Datas/Character/Muscle.asset
  artifactKey: Guid(5331abfc225204d1ca12c42023a3e5c2) Importer(2089858483,192608db42251d675da83286b1cce702)
Start importing Assets/Datas/Character/Muscle.asset using Guid(5331abfc225204d1ca12c42023a3e5c2) Importer(2089858483,192608db42251d675da83286b1cce702) (ScriptedImporter) -> (artifact id: '189a6dafd7b53d5f8e58144ca2ead1ab') in 0.003308291 seconds
Number of updated asset objects reloaded before import = 0Number of asset objects unloaded after import = 1

========================================================================
Received Import Request.
  Time since last request: 0.000426 seconds.
  path: Assets/Fonts/uzura.ttf
  artifactKey: Guid(03d4eeaf0f6924419bc3c3f2a2ae2a49) Importer(2089858483,192608db42251d675da83286b1cce702)
Start importing Assets/Fonts/uzura.ttf using Guid(03d4eeaf0f6924419bc3c3f2a2ae2a49) Importer(2089858483,192608db42251d675da83286b1cce702) (ScriptedImporter) -> (artifact id: '0a5e40621956ca20b64cdc583bace129') in 0.008657208 seconds
Number of updated asset objects reloaded before import = 0Number of asset objects unloaded after import = 3

========================================================================
Received Import Request.
  Time since last request: 0.000072 seconds.
  path: Assets/Scripts/Sound/Anime_Motion11-1(Low).mp3
  artifactKey: Guid(9d4af5248e9ea1443b8629d2c93c6e3c) Importer(2089858483,192608db42251d675da83286b1cce702)
Start importing Assets/Scripts/Sound/Anime_Motion11-1(Low).mp3 using Guid(9d4af5248e9ea1443b8629d2c93c6e3c) Importer(2089858483,192608db42251d675da83286b1cce702) (ScriptedImporter) -> (artifact id: 'e7ed30b741c9b22693d6715d4c3ed850') in 0.022901709 seconds
Number of updated asset objects reloaded before import = 0Number of asset objects unloaded after import = 1

========================================================================
Received Import Request.
  Time since last request: 0.000042 seconds.
  path: Assets/Sprites/Icons
  artifactKey: Guid(c97c2ce2ee63840198e20d1cbe27a8ef) Importer(2089858483,192608db42251d675da83286b1cce702)
Start importing Assets/Sprites/Icons using Guid(c97c2ce2ee63840198e20d1cbe27a8ef) Importer(2089858483,192608db42251d675da83286b1cce702) (ScriptedImporter) -> (artifact id: '3bc0f405b2ae766700b11603c43ec057') in 0.001567916 seconds
Number of updated asset objects reloaded before import = 0Number of asset objects unloaded after import = 1

========================================================================
Received Import Request.
  Time since last request: 6.650492 seconds.
  path: Assets/Scenes/ButtonTest2.unity
  artifactKey: Guid(2ce5559ae9f5e51429e219bd5c7f2685) Importer(815301076,1909f56bfc062723c751e8b465ee728b)
Start importing Assets/Scenes/ButtonTest2.unity using Guid(2ce5559ae9f5e51429e219bd5c7f2685) Importer(815301076,1909f56bfc062723c751e8b465ee728b) (PreviewImporter) -> (artifact id: '784d9c4ce636a6a75775d7d857a73487') in 0.000412042 seconds
Number of updated asset objects reloaded before import = 0Number of asset objects unloaded after import = 0

========================================================================
Received Prepare
Refreshing native plugins compatible for Editor in 1.11 ms, found 5 plugins.
Preloading 0 native plugins for Editor in 0.00 ms.
Unloading 14 Unused Serialized files (Serialized files now loaded: 0)
Unloading 6582 unused Assets / (4.3 MB). Loaded Objects now: 7377.
Memory consumption went from 155.5 MB to 151.1 MB.
Total: 12.061209 ms (FindLiveObjects: 0.468916 ms CreateObjectMapping: 0.321250 ms MarkObjects: 9.230625 ms  DeleteObjects: 2.039417 ms)

Prepare: number of updated asset objects reloaded= 0
========================================================================
Received Import Request.
  Time since last request: 1307.882612 seconds.
  path: Assets/Scripts/Managers/SceneController.cs
  artifactKey: Guid(e502d093843fddf419b1d57a92071ed2) Importer(2089858483,192608db42251d675da83286b1cce702)
Start importing Assets/Scripts/Managers/SceneController.cs using Guid(e502d093843fddf419b1d57a92071ed2) Importer(2089858483,192608db42251d675da83286b1cce702) (ScriptedImporter) -> (artifact id: 'f59803e1e39137e09eb6ea7be8650f51') in 0.00360875 seconds
Number of updated asset objects reloaded before import = 0Number of asset objects unloaded after import = 0

========================================================================
Received Prepare
Begin MonoManager ReloadAssembly
Thread 0x2aa4fb000 may have been prematurely finalized
- Loaded All Assemblies, in  0.620 seconds
Refreshing native plugins compatible for Editor in 0.97 ms, found 5 plugins.
Native extension for LinuxStandalone target not found
Native extension for iOS target not found
Native extension for Android target not found
Native extension for OSXStandalone target not found
Native extension for WebGL target not found
Mono: successfully reloaded assembly
- Finished resetting the current domain, in  0.777 seconds
Domain Reload Profiling: 1399ms
	BeginReloadAssembly (166ms)
		ExecutionOrderSort (0ms)
		DisableScriptedObjects (6ms)
		BackupInstance (0ms)
		ReleaseScriptingObjects (0ms)
		CreateAndSetChildDomain (85ms)
	RebuildCommonClasses (34ms)
	RebuildNativeTypeToScriptingClass (13ms)
	initialDomainReloadingComplete (23ms)
	LoadAllAssembliesAndSetupDomain (385ms)
		LoadAssemblies (246ms)
		RebuildTransferFunctionScriptingTraits (0ms)
		AnalyzeDomain (180ms)
			TypeCache.Refresh (13ms)
				TypeCache.ScanAssembly (2ms)
			BuildScriptInfoCaches (151ms)
			ResolveRequiredComponents (13ms)
	FinalizeReload (778ms)
		ReleaseScriptCaches (0ms)
		RebuildScriptCaches (0ms)
		SetupLoadedEditorAssemblies (599ms)
			LogAssemblyErrors (0ms)
			InitializePlatformSupportModulesInManaged (43ms)
			SetLoadedEditorAssemblies (5ms)
			BeforeProcessingInitializeOnLoad (113ms)
			ProcessInitializeOnLoadAttributes (389ms)
			ProcessInitializeOnLoadMethodAttributes (48ms)
			AfterProcessingInitializeOnLoad (1ms)
			EditorAssembliesLoaded (0ms)
		ExecutionOrderSort2 (0ms)
		AwakeInstancesAfterBackupRestoration (7ms)
Refreshing native plugins compatible for Editor in 1.33 ms, found 5 plugins.
Preloading 0 native plugins for Editor in 0.00 ms.
Unloading 14 Unused Serialized files (Serialized files now loaded: 0)
Unloading 6593 unused Assets / (4.2 MB). Loaded Objects now: 7379.
Memory consumption went from 162.4 MB to 158.3 MB.
Total: 8.404250 ms (FindLiveObjects: 0.406708 ms CreateObjectMapping: 0.297458 ms MarkObjects: 5.637875 ms  DeleteObjects: 2.061708 ms)

Prepare: number of updated asset objects reloaded= 0
========================================================================
Received Prepare
Refreshing native plugins compatible for Editor in 0.95 ms, found 5 plugins.
Preloading 0 native plugins for Editor in 0.00 ms.
Unloading 14 Unused Serialized files (Serialized files now loaded: 0)
Unloading 6574 unused Assets / (4.3 MB). Loaded Objects now: 7379.
Memory consumption went from 153.7 MB to 149.4 MB.
Total: 7.659416 ms (FindLiveObjects: 0.382083 ms CreateObjectMapping: 0.233541 ms MarkObjects: 5.072459 ms  DeleteObjects: 1.970750 ms)

Prepare: number of updated asset objects reloaded= 0
========================================================================
Received Prepare
Begin MonoManager ReloadAssembly
Thread 0x2aa4fb000 may have been prematurely finalized
- Loaded All Assemblies, in  0.577 seconds
Refreshing native plugins compatible for Editor in 0.99 ms, found 5 plugins.
Native extension for LinuxStandalone target not found
Native extension for iOS target not found
Native extension for Android target not found
Native extension for OSXStandalone target not found
Native extension for WebGL target not found
Mono: successfully reloaded assembly
- Finished resetting the current domain, in  0.770 seconds
Domain Reload Profiling: 1350ms
	BeginReloadAssembly (143ms)
		ExecutionOrderSort (0ms)
		DisableScriptedObjects (5ms)
		BackupInstance (0ms)
		ReleaseScriptingObjects (0ms)
		CreateAndSetChildDomain (62ms)
	RebuildCommonClasses (34ms)
	RebuildNativeTypeToScriptingClass (12ms)
	initialDomainReloadingComplete (20ms)
	LoadAllAssembliesAndSetupDomain (370ms)
		LoadAssemblies (231ms)
		RebuildTransferFunctionScriptingTraits (0ms)
		AnalyzeDomain (180ms)
			TypeCache.Refresh (13ms)
				TypeCache.ScanAssembly (1ms)
			BuildScriptInfoCaches (152ms)
			ResolveRequiredComponents (14ms)
	FinalizeReload (771ms)
		ReleaseScriptCaches (0ms)
		RebuildScriptCaches (0ms)
		SetupLoadedEditorAssemblies (593ms)
			LogAssemblyErrors (0ms)
			InitializePlatformSupportModulesInManaged (41ms)
			SetLoadedEditorAssemblies (5ms)
			BeforeProcessingInitializeOnLoad (108ms)
			ProcessInitializeOnLoadAttributes (389ms)
			ProcessInitializeOnLoadMethodAttributes (48ms)
			AfterProcessingInitializeOnLoad (1ms)
			EditorAssembliesLoaded (0ms)
		ExecutionOrderSort2 (0ms)
		AwakeInstancesAfterBackupRestoration (8ms)
Refreshing native plugins compatible for Editor in 0.98 ms, found 5 plugins.
Preloading 0 native plugins for Editor in 0.00 ms.
Unloading 14 Unused Serialized files (Serialized files now loaded: 0)
Unloading 6593 unused Assets / (4.2 MB). Loaded Objects now: 7381.
Memory consumption went from 162.3 MB to 158.1 MB.
Total: 7.759792 ms (FindLiveObjects: 0.401792 ms CreateObjectMapping: 0.319000 ms MarkObjects: 5.100000 ms  DeleteObjects: 1.938500 ms)

Prepare: number of updated asset objects reloaded= 0
========================================================================
Received Import Request.
  Time since last request: 33.642745 seconds.
  path: Assets/Scripts/GameSystem/Retry/RetryWindow.cs
  artifactKey: Guid(4932987be68354d86b50efd4c3794c5b) Importer(2089858483,192608db42251d675da83286b1cce702)
Start importing Assets/Scripts/GameSystem/Retry/RetryWindow.cs using Guid(4932987be68354d86b50efd4c3794c5b) Importer(2089858483,192608db42251d675da83286b1cce702) (ScriptedImporter) -> (artifact id: 'd6d8f8b88b88814424678388de9b6199') in 0.152619333 seconds
Number of updated asset objects reloaded before import = 0Number of asset objects unloaded after import = 0

========================================================================
Received Prepare
Refreshing native plugins compatible for Editor in 1.06 ms, found 5 plugins.
Preloading 0 native plugins for Editor in 0.00 ms.
Unloading 14 Unused Serialized files (Serialized files now loaded: 0)
Unloading 6574 unused Assets / (4.1 MB). Loaded Objects now: 7381.
Memory consumption went from 153.7 MB to 149.6 MB.
Total: 8.085125 ms (FindLiveObjects: 0.453417 ms CreateObjectMapping: 0.297250 ms MarkObjects: 5.251083 ms  DeleteObjects: 2.082584 ms)

Prepare: number of updated asset objects reloaded= 0
========================================================================
Received Prepare
Begin MonoManager ReloadAssembly
Thread 0x2aa4fb000 may have been prematurely finalized
- Loaded All Assemblies, in  0.675 seconds
Refreshing native plugins compatible for Editor in 0.97 ms, found 5 plugins.
Native extension for LinuxStandalone target not found
Native extension for iOS target not found
Native extension for Android target not found
Native extension for OSXStandalone target not found
Native extension for WebGL target not found
Mono: successfully reloaded assembly
- Finished resetting the current domain, in  0.823 seconds
Domain Reload Profiling: 1500ms
	BeginReloadAssembly (176ms)
		ExecutionOrderSort (0ms)
		DisableScriptedObjects (5ms)
		BackupInstance (0ms)
		ReleaseScriptingObjects (0ms)
		CreateAndSetChildDomain (91ms)
	RebuildCommonClasses (36ms)
	RebuildNativeTypeToScriptingClass (13ms)
	initialDomainReloadingComplete (23ms)
	LoadAllAssembliesAndSetupDomain (428ms)
		LoadAssemblies (282ms)
		RebuildTransferFunctionScriptingTraits (0ms)
		AnalyzeDomain (190ms)
			TypeCache.Refresh (14ms)
				TypeCache.ScanAssembly (2ms)
			BuildScriptInfoCaches (159ms)
			ResolveRequiredComponents (14ms)
	FinalizeReload (823ms)
		ReleaseScriptCaches (0ms)
		RebuildScriptCaches (0ms)
		SetupLoadedEditorAssemblies (631ms)
			LogAssemblyErrors (0ms)
			InitializePlatformSupportModulesInManaged (53ms)
			SetLoadedEditorAssemblies (5ms)
			BeforeProcessingInitializeOnLoad (114ms)
			ProcessInitializeOnLoadAttributes (408ms)
			ProcessInitializeOnLoadMethodAttributes (50ms)
			AfterProcessingInitializeOnLoad (1ms)
			EditorAssembliesLoaded (0ms)
		ExecutionOrderSort2 (0ms)
		AwakeInstancesAfterBackupRestoration (7ms)
Refreshing native plugins compatible for Editor in 0.94 ms, found 5 plugins.
Preloading 0 native plugins for Editor in 0.00 ms.
Unloading 14 Unused Serialized files (Serialized files now loaded: 0)
Unloading 6593 unused Assets / (4.3 MB). Loaded Objects now: 7383.
Memory consumption went from 162.2 MB to 157.9 MB.
Total: 7.232542 ms (FindLiveObjects: 0.361083 ms CreateObjectMapping: 0.316750 ms MarkObjects: 4.700250 ms  DeleteObjects: 1.854000 ms)

Prepare: number of updated asset objects reloaded= 0
========================================================================
Received Import Request.
  Time since last request: 1038.754653 seconds.
  path: Assets/Scripts/UI/InGame/Footer/UIPresenter_Footer.cs
  artifactKey: Guid(ab3d7cce570ea4836b87a391697860f8) Importer(2089858483,192608db42251d675da83286b1cce702)
Start importing Assets/Scripts/UI/InGame/Footer/UIPresenter_Footer.cs using Guid(ab3d7cce570ea4836b87a391697860f8) Importer(2089858483,192608db42251d675da83286b1cce702) (ScriptedImporter) -> (artifact id: '371d14ccc80f781d1f143b36f0a954af') in 0.165844666 seconds
Number of updated asset objects reloaded before import = 0Number of asset objects unloaded after import = 0

========================================================================
Received Import Request.
  Time since last request: 892.375579 seconds.
  path: Assets/Scenes/GameScene.unity
  artifactKey: Guid(6122a9d4ab01d65408e8cfa5c4eea58c) Importer(2089858483,192608db42251d675da83286b1cce702)
Start importing Assets/Scenes/GameScene.unity using Guid(6122a9d4ab01d65408e8cfa5c4eea58c) Importer(2089858483,192608db42251d675da83286b1cce702) (ScriptedImporter) -> (artifact id: '60ecaf7fc914fdf36b89bf35a59ea51f') in 0.011997792 seconds
Number of updated asset objects reloaded before import = 0Number of asset objects unloaded after import = 1

========================================================================
Received Import Request.
  Time since last request: 370.724567 seconds.
  path: Assets/Scripts/Utils
  artifactKey: Guid(4e83f2c1d2d2c412086a6c58aaf6d749) Importer(815301076,1909f56bfc062723c751e8b465ee728b)
Start importing Assets/Scripts/Utils using Guid(4e83f2c1d2d2c412086a6c58aaf6d749) Importer(815301076,1909f56bfc062723c751e8b465ee728b) (PreviewImporter) -> (artifact id: '7d8196630377a047e7d6d0c04d052643') in 0.000640083 seconds
Number of updated asset objects reloaded before import = 0Number of asset objects unloaded after import = 0

========================================================================
Received Import Request.
  Time since last request: 0.944616 seconds.
  path: Assets/Scripts/Utils
  artifactKey: Guid(4e83f2c1d2d2c412086a6c58aaf6d749) Importer(2089858483,192608db42251d675da83286b1cce702)
Start importing Assets/Scripts/Utils using Guid(4e83f2c1d2d2c412086a6c58aaf6d749) Importer(2089858483,192608db42251d675da83286b1cce702) (ScriptedImporter) -> (artifact id: '159d16ea91d49a4a6f5ce1916749595f') in 0.003417958 seconds
Number of updated asset objects reloaded before import = 0Number of asset objects unloaded after import = 1

========================================================================
Received Import Request.
  Time since last request: 30.172436 seconds.
  path: Assets/Scripts/GameSystem/RoleDistribution
  artifactKey: Guid(c5cdcba9b05f44228bb1e0e1fd7a5ad8) Importer(815301076,1909f56bfc062723c751e8b465ee728b)
Start importing Assets/Scripts/GameSystem/RoleDistribution using Guid(c5cdcba9b05f44228bb1e0e1fd7a5ad8) Importer(815301076,1909f56bfc062723c751e8b465ee728b) (PreviewImporter) -> (artifact id: '99b5f7732382be67bd5c2e031520361b') in 0.000531042 seconds
Number of updated asset objects reloaded before import = 0Number of asset objects unloaded after import = 0

========================================================================
Received Import Request.
  Time since last request: 0.938315 seconds.
  path: Assets/Scripts/GameSystem/RoleDistribution
  artifactKey: Guid(c5cdcba9b05f44228bb1e0e1fd7a5ad8) Importer(2089858483,192608db42251d675da83286b1cce702)
Start importing Assets/Scripts/GameSystem/RoleDistribution using Guid(c5cdcba9b05f44228bb1e0e1fd7a5ad8) Importer(2089858483,192608db42251d675da83286b1cce702) (ScriptedImporter) -> (artifact id: 'ea2d5fac0e37198c2979e50d50cd0a38') in 0.003168208 seconds
Number of updated asset objects reloaded before import = 0Number of asset objects unloaded after import = 1

========================================================================
Received Import Request.
  Time since last request: 3.534637 seconds.
  path: Assets/Scripts/GameSystem/Vote
  artifactKey: Guid(bc60bd6e72efa493a836675154ac7ca1) Importer(815301076,1909f56bfc062723c751e8b465ee728b)
Start importing Assets/Scripts/GameSystem/Vote using Guid(bc60bd6e72efa493a836675154ac7ca1) Importer(815301076,1909f56bfc062723c751e8b465ee728b) (PreviewImporter) -> (artifact id: 'ba7dce4509445fe63c6ba01e4ff34280') in 0.00070425 seconds
Number of updated asset objects reloaded before import = 0Number of asset objects unloaded after import = 0

========================================================================
Received Import Request.
  Time since last request: 0.941550 seconds.
  path: Assets/Scripts/GameSystem/Vote
  artifactKey: Guid(bc60bd6e72efa493a836675154ac7ca1) Importer(2089858483,192608db42251d675da83286b1cce702)
Start importing Assets/Scripts/GameSystem/Vote using Guid(bc60bd6e72efa493a836675154ac7ca1) Importer(2089858483,192608db42251d675da83286b1cce702) (ScriptedImporter) -> (artifact id: '1b3bc91e48b7c81fa6bf656d7bb19a2f') in 0.003111417 seconds
Number of updated asset objects reloaded before import = 0Number of asset objects unloaded after import = 1

========================================================================
Received Prepare
Refreshing native plugins compatible for Editor in 0.99 ms, found 5 plugins.
Preloading 0 native plugins for Editor in 0.00 ms.
Unloading 14 Unused Serialized files (Serialized files now loaded: 0)
Unloading 6574 unused Assets / (4.5 MB). Loaded Objects now: 7383.
Memory consumption went from 153.8 MB to 149.3 MB.
Total: 7.780500 ms (FindLiveObjects: 0.387792 ms CreateObjectMapping: 0.276250 ms MarkObjects: 5.367541 ms  DeleteObjects: 1.748375 ms)

Prepare: number of updated asset objects reloaded= 0
========================================================================
Received Import Request.
  Time since last request: 16.239573 seconds.
  path: Assets/Scripts/GameSystem/RoleDistribution/RoleDistribution.cs
  artifactKey: Guid(67e62f67d991e46378b87e7630bc6620) Importer(2089858483,192608db42251d675da83286b1cce702)
Start importing Assets/Scripts/GameSystem/RoleDistribution/RoleDistribution.cs using Guid(67e62f67d991e46378b87e7630bc6620) Importer(2089858483,192608db42251d675da83286b1cce702) (ScriptedImporter) -> (artifact id: '2093e8d99546ed03e68f77d96c5398b1') in 0.003557334 seconds
Number of updated asset objects reloaded before import = 0Number of asset objects unloaded after import = 0

========================================================================
Received Prepare
Begin MonoManager ReloadAssembly
Thread 0x2aa4fb000 may have been prematurely finalized
- Loaded All Assemblies, in  0.595 seconds
Refreshing native plugins compatible for Editor in 0.96 ms, found 5 plugins.
Native extension for LinuxStandalone target not found
Native extension for iOS target not found
Native extension for Android target not found
Native extension for OSXStandalone target not found
Native extension for WebGL target not found
Mono: successfully reloaded assembly
- Finished resetting the current domain, in  0.762 seconds
Domain Reload Profiling: 1360ms
	BeginReloadAssembly (164ms)
		ExecutionOrderSort (0ms)
		DisableScriptedObjects (5ms)
		BackupInstance (0ms)
		ReleaseScriptingObjects (0ms)
		CreateAndSetChildDomain (80ms)
	RebuildCommonClasses (35ms)
	RebuildNativeTypeToScriptingClass (12ms)
	initialDomainReloadingComplete (20ms)
	LoadAllAssembliesAndSetupDomain (366ms)
		LoadAssemblies (236ms)
		RebuildTransferFunctionScriptingTraits (0ms)
		AnalyzeDomain (174ms)
			TypeCache.Refresh (12ms)
				TypeCache.ScanAssembly (1ms)
			BuildScriptInfoCaches (146ms)
			ResolveRequiredComponents (13ms)
	FinalizeReload (763ms)
		ReleaseScriptCaches (0ms)
		RebuildScriptCaches (0ms)
		SetupLoadedEditorAssemblies (585ms)
			LogAssemblyErrors (0ms)
			InitializePlatformSupportModulesInManaged (43ms)
			SetLoadedEditorAssemblies (4ms)
			BeforeProcessingInitializeOnLoad (106ms)
			ProcessInitializeOnLoadAttributes (383ms)
			ProcessInitializeOnLoadMethodAttributes (47ms)
			AfterProcessingInitializeOnLoad (1ms)
			EditorAssembliesLoaded (0ms)
		ExecutionOrderSort2 (0ms)
		AwakeInstancesAfterBackupRestoration (8ms)
Refreshing native plugins compatible for Editor in 0.92 ms, found 5 plugins.
Preloading 0 native plugins for Editor in 0.00 ms.
Unloading 14 Unused Serialized files (Serialized files now loaded: 0)
Unloading 6593 unused Assets / (4.1 MB). Loaded Objects now: 7385.
Memory consumption went from 162.1 MB to 158.0 MB.
Total: 7.324583 ms (FindLiveObjects: 0.357042 ms CreateObjectMapping: 0.283417 ms MarkObjects: 4.884750 ms  DeleteObjects: 1.798791 ms)

Prepare: number of updated asset objects reloaded= 0
========================================================================
Received Import Request.
  Time since last request: 98.157230 seconds.
  path: Assets/Scripts/GameSystem/IPlayerCharacter.cs
  artifactKey: Guid(8f37b22660665bd4a8e7310594838441) Importer(815301076,1909f56bfc062723c751e8b465ee728b)
Start importing Assets/Scripts/GameSystem/IPlayerCharacter.cs using Guid(8f37b22660665bd4a8e7310594838441) Importer(815301076,1909f56bfc062723c751e8b465ee728b) (PreviewImporter) -> (artifact id: '3cfc3116d0779531981199fb17ed2e37') in 0.001201375 seconds
Number of updated asset objects reloaded before import = 0Number of asset objects unloaded after import = 0

========================================================================
Received Import Request.
  Time since last request: 5.496946 seconds.
  path: Assets/Scripts/GameSystem/JobDistribution.cs
  artifactKey: Guid(901df59bc6bb444a38a5047e22676dad) Importer(815301076,1909f56bfc062723c751e8b465ee728b)
Start importing Assets/Scripts/GameSystem/JobDistribution.cs using Guid(901df59bc6bb444a38a5047e22676dad) Importer(815301076,1909f56bfc062723c751e8b465ee728b) (PreviewImporter) -> (artifact id: '53ac48a96b0e8f44a463e34a7abd926f') in 0.000515959 seconds
Number of updated asset objects reloaded before import = 0Number of asset objects unloaded after import = 0

========================================================================
Received Prepare
Refreshing native plugins compatible for Editor in 0.93 ms, found 5 plugins.
Preloading 0 native plugins for Editor in 0.00 ms.
Unloading 14 Unused Serialized files (Serialized files now loaded: 0)
Unloading 6573 unused Assets / (4.2 MB). Loaded Objects now: 7384.
Memory consumption went from 153.7 MB to 149.6 MB.
Total: 7.146291 ms (FindLiveObjects: 0.360875 ms CreateObjectMapping: 0.239458 ms MarkObjects: 4.945750 ms  DeleteObjects: 1.599875 ms)

Prepare: number of updated asset objects reloaded= 0
========================================================================
Received Prepare
Refreshing native plugins compatible for Editor in 0.97 ms, found 5 plugins.
Preloading 0 native plugins for Editor in 0.00 ms.
Unloading 14 Unused Serialized files (Serialized files now loaded: 0)
Unloading 6574 unused Assets / (3.2 MB). Loaded Objects now: 7385.
Memory consumption went from 153.7 MB to 150.5 MB.
Total: 7.487584 ms (FindLiveObjects: 0.406459 ms CreateObjectMapping: 0.267750 ms MarkObjects: 5.168959 ms  DeleteObjects: 1.643292 ms)

Prepare: number of updated asset objects reloaded= 0
========================================================================
Received Import Request.
  Time since last request: 45.063417 seconds.
  path: Assets/Scripts/GameSystem/RoleDistribution/JobDistribution.cs
  artifactKey: Guid(a1de8df0146b9401289d68e8c4a964a6) Importer(2089858483,192608db42251d675da83286b1cce702)
Start importing Assets/Scripts/GameSystem/RoleDistribution/JobDistribution.cs using Guid(a1de8df0146b9401289d68e8c4a964a6) Importer(2089858483,192608db42251d675da83286b1cce702) (ScriptedImporter) -> (artifact id: 'c30e54043cf1792243e9c90bc26e810c') in 0.15886225 seconds
Number of updated asset objects reloaded before import = 0Number of asset objects unloaded after import = 0

========================================================================
Received Prepare
Begin MonoManager ReloadAssembly
Thread 0x2aa4fb000 may have been prematurely finalized
- Loaded All Assemblies, in  0.594 seconds
Refreshing native plugins compatible for Editor in 0.95 ms, found 5 plugins.
Native extension for LinuxStandalone target not found
Native extension for iOS target not found
Native extension for Android target not found
Native extension for OSXStandalone target not found
Native extension for WebGL target not found
Mono: successfully reloaded assembly
- Finished resetting the current domain, in  0.773 seconds
Domain Reload Profiling: 1369ms
	BeginReloadAssembly (167ms)
		ExecutionOrderSort (0ms)
		DisableScriptedObjects (5ms)
		BackupInstance (0ms)
		ReleaseScriptingObjects (0ms)
		CreateAndSetChildDomain (82ms)
	RebuildCommonClasses (34ms)
	RebuildNativeTypeToScriptingClass (12ms)
	initialDomainReloadingComplete (20ms)
	LoadAllAssembliesAndSetupDomain (363ms)
		LoadAssemblies (231ms)
		RebuildTransferFunctionScriptingTraits (0ms)
		AnalyzeDomain (176ms)
			TypeCache.Refresh (12ms)
				TypeCache.ScanAssembly (1ms)
			BuildScriptInfoCaches (149ms)
			ResolveRequiredComponents (13ms)
	FinalizeReload (773ms)
		ReleaseScriptCaches (0ms)
		RebuildScriptCaches (0ms)
		SetupLoadedEditorAssemblies (595ms)
			LogAssemblyErrors (0ms)
			InitializePlatformSupportModulesInManaged (44ms)
			SetLoadedEditorAssemblies (5ms)
			BeforeProcessingInitializeOnLoad (107ms)
			ProcessInitializeOnLoadAttributes (390ms)
			ProcessInitializeOnLoadMethodAttributes (48ms)
			AfterProcessingInitializeOnLoad (1ms)
			EditorAssembliesLoaded (0ms)
		ExecutionOrderSort2 (0ms)
		AwakeInstancesAfterBackupRestoration (8ms)
Refreshing native plugins compatible for Editor in 1.01 ms, found 5 plugins.
Preloading 0 native plugins for Editor in 0.00 ms.
Unloading 14 Unused Serialized files (Serialized files now loaded: 0)
Unloading 6593 unused Assets / (4.4 MB). Loaded Objects now: 7387.
Memory consumption went from 162.8 MB to 158.4 MB.
Total: 7.350292 ms (FindLiveObjects: 0.391375 ms CreateObjectMapping: 0.292625 ms MarkObjects: 4.837959 ms  DeleteObjects: 1.827375 ms)

Prepare: number of updated asset objects reloaded= 0
========================================================================
Received Import Request.
  Time since last request: 10.481373 seconds.
  path: Assets/Scripts/GameSystem/RoleDistribution/JobDistribution.cs
  artifactKey: Guid(a1de8df0146b9401289d68e8c4a964a6) Importer(815301076,1909f56bfc062723c751e8b465ee728b)
Start importing Assets/Scripts/GameSystem/RoleDistribution/JobDistribution.cs using Guid(a1de8df0146b9401289d68e8c4a964a6) Importer(815301076,1909f56bfc062723c751e8b465ee728b) (PreviewImporter) -> (artifact id: 'a5ed8fc74c62f013c274600a1b35e930') in 0.001195333 seconds
Number of updated asset objects reloaded before import = 0Number of asset objects unloaded after import = 0

========================================================================
Received Prepare
Refreshing native plugins compatible for Editor in 0.93 ms, found 5 plugins.
Preloading 0 native plugins for Editor in 0.00 ms.
Unloading 14 Unused Serialized files (Serialized files now loaded: 0)
Unloading 6574 unused Assets / (4.0 MB). Loaded Objects now: 7387.
Memory consumption went from 153.7 MB to 149.7 MB.
Total: 7.379417 ms (FindLiveObjects: 0.371875 ms CreateObjectMapping: 0.246125 ms MarkObjects: 5.083833 ms  DeleteObjects: 1.676875 ms)

Prepare: number of updated asset objects reloaded= 0
========================================================================
Received Import Request.
  Time since last request: 19.871375 seconds.
  path: Assets/Scripts/GameSystem/JobDistribution/JobDistribution.cs
  artifactKey: Guid(a1de8df0146b9401289d68e8c4a964a6) Importer(815301076,1909f56bfc062723c751e8b465ee728b)
Start importing Assets/Scripts/GameSystem/JobDistribution/JobDistribution.cs using Guid(a1de8df0146b9401289d68e8c4a964a6) Importer(815301076,1909f56bfc062723c751e8b465ee728b) (PreviewImporter) -> (artifact id: 'c50334f2474342736bc6037f07884a94') in 0.000454 seconds
Number of updated asset objects reloaded before import = 0Number of asset objects unloaded after import = 0

========================================================================
Received Import Request.
  Time since last request: 0.504572 seconds.
  path: Assets/Scripts/GameSystem/JobDistribution
  artifactKey: Guid(c5cdcba9b05f44228bb1e0e1fd7a5ad8) Importer(2089858483,192608db42251d675da83286b1cce702)
Start importing Assets/Scripts/GameSystem/JobDistribution using Guid(c5cdcba9b05f44228bb1e0e1fd7a5ad8) Importer(2089858483,192608db42251d675da83286b1cce702) (ScriptedImporter) -> (artifact id: '096a1568d7567df7e839f821fb9734ba') in 0.138930459 seconds
Number of updated asset objects reloaded before import = 0Number of asset objects unloaded after import = 1

========================================================================
Received Import Request.
  Time since last request: 0.000062 seconds.
  path: Assets/Scripts/GameSystem/JobDistribution/RoleDistribution.cs
  artifactKey: Guid(67e62f67d991e46378b87e7630bc6620) Importer(2089858483,192608db42251d675da83286b1cce702)
Start importing Assets/Scripts/GameSystem/JobDistribution/RoleDistribution.cs using Guid(67e62f67d991e46378b87e7630bc6620) Importer(2089858483,192608db42251d675da83286b1cce702) (ScriptedImporter) -> (artifact id: '769499c7e26e56af050fff808504ed44') in 0.022378875 seconds
Number of updated asset objects reloaded before import = 0Number of asset objects unloaded after import = 0

========================================================================
Received Prepare
Begin MonoManager ReloadAssembly
Thread 0x2aa4fb000 may have been prematurely finalized
- Loaded All Assemblies, in  0.599 seconds
Refreshing native plugins compatible for Editor in 1.02 ms, found 5 plugins.
Native extension for LinuxStandalone target not found
Native extension for iOS target not found
Native extension for Android target not found
Native extension for OSXStandalone target not found
Native extension for WebGL target not found
Mono: successfully reloaded assembly
- Finished resetting the current domain, in  0.760 seconds
Domain Reload Profiling: 1362ms
	BeginReloadAssembly (168ms)
		ExecutionOrderSort (0ms)
		DisableScriptedObjects (5ms)
		BackupInstance (0ms)
		ReleaseScriptingObjects (0ms)
		CreateAndSetChildDomain (84ms)
	RebuildCommonClasses (35ms)
	RebuildNativeTypeToScriptingClass (13ms)
	initialDomainReloadingComplete (20ms)
	LoadAllAssembliesAndSetupDomain (365ms)
		LoadAssemblies (232ms)
		RebuildTransferFunctionScriptingTraits (0ms)
		AnalyzeDomain (176ms)
			TypeCache.Refresh (12ms)
				TypeCache.ScanAssembly (1ms)
			BuildScriptInfoCaches (148ms)
			ResolveRequiredComponents (13ms)
	FinalizeReload (761ms)
		ReleaseScriptCaches (0ms)
		RebuildScriptCaches (0ms)
		SetupLoadedEditorAssemblies (583ms)
			LogAssemblyErrors (0ms)
			InitializePlatformSupportModulesInManaged (41ms)
			SetLoadedEditorAssemblies (5ms)
			BeforeProcessingInitializeOnLoad (104ms)
			ProcessInitializeOnLoadAttributes (383ms)
			ProcessInitializeOnLoadMethodAttributes (49ms)
			AfterProcessingInitializeOnLoad (1ms)
			EditorAssembliesLoaded (0ms)
		ExecutionOrderSort2 (0ms)
		AwakeInstancesAfterBackupRestoration (8ms)
Refreshing native plugins compatible for Editor in 0.98 ms, found 5 plugins.
Preloading 0 native plugins for Editor in 0.00 ms.
Unloading 14 Unused Serialized files (Serialized files now loaded: 0)
Unloading 6593 unused Assets / (4.1 MB). Loaded Objects now: 7389.
Memory consumption went from 162.5 MB to 158.4 MB.
Total: 7.580166 ms (FindLiveObjects: 0.396625 ms CreateObjectMapping: 0.305625 ms MarkObjects: 4.959083 ms  DeleteObjects: 1.918417 ms)

Prepare: number of updated asset objects reloaded= 0
========================================================================
Received Import Request.
  Time since last request: 198.770517 seconds.
  path: Assets/Scripts/GameSystem/ResultManager.cs
  artifactKey: Guid(1707962a8a01b4f03b5da1f4f3610c5d) Importer(815301076,1909f56bfc062723c751e8b465ee728b)
Start importing Assets/Scripts/GameSystem/ResultManager.cs using Guid(1707962a8a01b4f03b5da1f4f3610c5d) Importer(815301076,1909f56bfc062723c751e8b465ee728b) (PreviewImporter) -> (artifact id: '15c27df24346e74397974dc531020040') in 0.001181917 seconds
Number of updated asset objects reloaded before import = 0Number of asset objects unloaded after import = 0

========================================================================
Received Import Request.
  Time since last request: 0.324445 seconds.
  path: Assets/Scripts/GameSystem/ResultView.cs
  artifactKey: Guid(25d8f1d1d81d44853b6a234381d879df) Importer(815301076,1909f56bfc062723c751e8b465ee728b)
Start importing Assets/Scripts/GameSystem/ResultView.cs using Guid(25d8f1d1d81d44853b6a234381d879df) Importer(815301076,1909f56bfc062723c751e8b465ee728b) (PreviewImporter) -> (artifact id: 'a67702be24ac8beeb2c9c91e60f6200d') in 0.00048925 seconds
Number of updated asset objects reloaded before import = 0Number of asset objects unloaded after import = 0

========================================================================
Received Import Request.
  Time since last request: 3.960804 seconds.
  path: Assets/Scripts/GameSystem/Result
  artifactKey: Guid(a2f322b179bf24932a10cbde045e2366) Importer(815301076,1909f56bfc062723c751e8b465ee728b)
Start importing Assets/Scripts/GameSystem/Result using Guid(a2f322b179bf24932a10cbde045e2366) Importer(815301076,1909f56bfc062723c751e8b465ee728b) (PreviewImporter) -> (artifact id: '8eeb47aeffa3fdafea542b32d9f69379') in 0.000721542 seconds
Number of updated asset objects reloaded before import = 0Number of asset objects unloaded after import = 0

========================================================================
Received Import Request.
  Time since last request: 0.939021 seconds.
  path: Assets/Scripts/GameSystem/Result
  artifactKey: Guid(a2f322b179bf24932a10cbde045e2366) Importer(2089858483,192608db42251d675da83286b1cce702)
Start importing Assets/Scripts/GameSystem/Result using Guid(a2f322b179bf24932a10cbde045e2366) Importer(2089858483,192608db42251d675da83286b1cce702) (ScriptedImporter) -> (artifact id: '351a61027b2db7df692fed07b8426576') in 0.128904084 seconds
Number of updated asset objects reloaded before import = 0Number of asset objects unloaded after import = 1

========================================================================
Received Prepare
Refreshing native plugins compatible for Editor in 1.03 ms, found 5 plugins.
Preloading 0 native plugins for Editor in 0.00 ms.
Unloading 14 Unused Serialized files (Serialized files now loaded: 0)
Unloading 6574 unused Assets / (3.8 MB). Loaded Objects now: 7389.
Memory consumption went from 153.8 MB to 150.0 MB.
Total: 8.274750 ms (FindLiveObjects: 0.393208 ms CreateObjectMapping: 0.249834 ms MarkObjects: 5.333458 ms  DeleteObjects: 2.297500 ms)

Prepare: number of updated asset objects reloaded= 0
========================================================================
Received Import Request.
  Time since last request: 440.987641 seconds.
  path: Assets/Scripts/GameSystem/VoteProcess.cs
  artifactKey: Guid(0b3945f263a1f9b4ab014a0f93cd7236) Importer(815301076,1909f56bfc062723c751e8b465ee728b)
Start importing Assets/Scripts/GameSystem/VoteProcess.cs using Guid(0b3945f263a1f9b4ab014a0f93cd7236) Importer(815301076,1909f56bfc062723c751e8b465ee728b) (PreviewImporter) -> (artifact id: 'd15d92a0743999b5bc2b919bc17fffab') in 0.000556167 seconds
Number of updated asset objects reloaded before import = 0Number of asset objects unloaded after import = 0

========================================================================
Received Import Request.
  Time since last request: 0.162933 seconds.
  path: Assets/Scripts/GameSystem/Vote/Vote.cs
  artifactKey: Guid(016e0bec57af24f2c9f232125fd5b5dc) Importer(2089858483,192608db42251d675da83286b1cce702)
Start importing Assets/Scripts/GameSystem/Vote/Vote.cs using Guid(016e0bec57af24f2c9f232125fd5b5dc) Importer(2089858483,192608db42251d675da83286b1cce702) (ScriptedImporter) -> (artifact id: '04df334fb316ad671a19b46f1938af0c') in 0.027189291 seconds
Number of updated asset objects reloaded before import = 0Number of asset objects unloaded after import = 0

========================================================================
Received Prepare
Refreshing native plugins compatible for Editor in 0.90 ms, found 5 plugins.
Preloading 0 native plugins for Editor in 0.00 ms.
Unloading 14 Unused Serialized files (Serialized files now loaded: 0)
Unloading 6574 unused Assets / (3.1 MB). Loaded Objects now: 7389.
Memory consumption went from 153.8 MB to 150.6 MB.
Total: 8.162417 ms (FindLiveObjects: 0.410417 ms CreateObjectMapping: 0.343083 ms MarkObjects: 5.456167 ms  DeleteObjects: 1.952167 ms)

Prepare: number of updated asset objects reloaded= 0
========================================================================
Received Import Request.
  Time since last request: 2.870261 seconds.
  path: Assets/Scripts/GameSystem/Vote/VoteProcess.cs
  artifactKey: Guid(0b3945f263a1f9b4ab014a0f93cd7236) Importer(2089858483,192608db42251d675da83286b1cce702)
Start importing Assets/Scripts/GameSystem/Vote/VoteProcess.cs using Guid(0b3945f263a1f9b4ab014a0f93cd7236) Importer(2089858483,192608db42251d675da83286b1cce702) (ScriptedImporter) -> (artifact id: '77155668f3fadda278a4e402ffe16a19') in 0.003518542 seconds
Number of updated asset objects reloaded before import = 0Number of asset objects unloaded after import = 0

========================================================================
Received Prepare
Begin MonoManager ReloadAssembly
Thread 0x2aa4fb000 may have been prematurely finalized
- Loaded All Assemblies, in  0.635 seconds
Refreshing native plugins compatible for Editor in 0.99 ms, found 5 plugins.
Native extension for LinuxStandalone target not found
Native extension for iOS target not found
Native extension for Android target not found
Native extension for OSXStandalone target not found
Native extension for WebGL target not found
Mono: successfully reloaded assembly
- Finished resetting the current domain, in  0.813 seconds
Domain Reload Profiling: 1452ms
	BeginReloadAssembly (181ms)
		ExecutionOrderSort (0ms)
		DisableScriptedObjects (5ms)
		BackupInstance (0ms)
		ReleaseScriptingObjects (0ms)
		CreateAndSetChildDomain (93ms)
	RebuildCommonClasses (36ms)
	RebuildNativeTypeToScriptingClass (13ms)
	initialDomainReloadingComplete (22ms)
	LoadAllAssembliesAndSetupDomain (387ms)
		LoadAssemblies (250ms)
		RebuildTransferFunctionScriptingTraits (0ms)
		AnalyzeDomain (182ms)
			TypeCache.Refresh (12ms)
				TypeCache.ScanAssembly (2ms)
			BuildScriptInfoCaches (153ms)
			ResolveRequiredComponents (14ms)
	FinalizeReload (814ms)
		ReleaseScriptCaches (0ms)
		RebuildScriptCaches (0ms)
		SetupLoadedEditorAssemblies (623ms)
			LogAssemblyErrors (0ms)
			InitializePlatformSupportModulesInManaged (46ms)
			SetLoadedEditorAssemblies (5ms)
			BeforeProcessingInitializeOnLoad (111ms)
			ProcessInitializeOnLoadAttributes (410ms)
			ProcessInitializeOnLoadMethodAttributes (49ms)
			AfterProcessingInitializeOnLoad (1ms)
			EditorAssembliesLoaded (0ms)
		ExecutionOrderSort2 (0ms)
		AwakeInstancesAfterBackupRestoration (9ms)
Refreshing native plugins compatible for Editor in 0.98 ms, found 5 plugins.
Preloading 0 native plugins for Editor in 0.00 ms.
Unloading 14 Unused Serialized files (Serialized files now loaded: 0)
Unloading 6593 unused Assets / (4.7 MB). Loaded Objects now: 7391.
Memory consumption went from 161.3 MB to 156.7 MB.
Total: 8.432333 ms (FindLiveObjects: 0.370084 ms CreateObjectMapping: 0.303417 ms MarkObjects: 5.236083 ms  DeleteObjects: 2.521250 ms)

Prepare: number of updated asset objects reloaded= 0
========================================================================
Received Prepare
Refreshing native plugins compatible for Editor in 1.05 ms, found 5 plugins.
Preloading 0 native plugins for Editor in 0.00 ms.
Unloading 14 Unused Serialized files (Serialized files now loaded: 0)
Unloading 6574 unused Assets / (4.5 MB). Loaded Objects now: 7391.
Memory consumption went from 153.7 MB to 149.2 MB.
Total: 7.671667 ms (FindLiveObjects: 0.399500 ms CreateObjectMapping: 0.223458 ms MarkObjects: 5.233125 ms  DeleteObjects: 1.814292 ms)

Prepare: number of updated asset objects reloaded= 0
========================================================================
Received Import Request.
  Time since last request: 12.218165 seconds.
  path: Assets/Scripts/GameSystem/Result/ResultView.cs
  artifactKey: Guid(25d8f1d1d81d44853b6a234381d879df) Importer(815301076,1909f56bfc062723c751e8b465ee728b)
Start importing Assets/Scripts/GameSystem/Result/ResultView.cs using Guid(25d8f1d1d81d44853b6a234381d879df) Importer(815301076,1909f56bfc062723c751e8b465ee728b) (PreviewImporter) -> (artifact id: 'f39cf49829d3dbf3c34d0f39a7732c1d') in 0.001278792 seconds
Number of updated asset objects reloaded before import = 0Number of asset objects unloaded after import = 0

========================================================================
Received Import Request.
  Time since last request: 0.356629 seconds.
  path: Assets/Scripts/GameSystem/Result/ResultView.cs
  artifactKey: Guid(25d8f1d1d81d44853b6a234381d879df) Importer(2089858483,192608db42251d675da83286b1cce702)
Start importing Assets/Scripts/GameSystem/Result/ResultView.cs using Guid(25d8f1d1d81d44853b6a234381d879df) Importer(2089858483,192608db42251d675da83286b1cce702) (ScriptedImporter) -> (artifact id: '22e448bab8cd15259a86beeea6230e19') in 0.156891 seconds
Number of updated asset objects reloaded before import = 0Number of asset objects unloaded after import = 0

========================================================================
Received Prepare
Refreshing native plugins compatible for Editor in 1.20 ms, found 5 plugins.
Preloading 0 native plugins for Editor in 0.00 ms.
Unloading 14 Unused Serialized files (Serialized files now loaded: 0)
Unloading 6574 unused Assets / (4.4 MB). Loaded Objects now: 7391.
Memory consumption went from 153.8 MB to 149.4 MB.
Total: 8.206125 ms (FindLiveObjects: 0.474250 ms CreateObjectMapping: 0.318250 ms MarkObjects: 5.771708 ms  DeleteObjects: 1.641000 ms)

Prepare: number of updated asset objects reloaded= 0
========================================================================
Received Import Request.
  Time since last request: 2.193908 seconds.
  path: Assets/Scripts/GameSystem/Result/ResultManager.cs
  artifactKey: Guid(1707962a8a01b4f03b5da1f4f3610c5d) Importer(2089858483,192608db42251d675da83286b1cce702)
Start importing Assets/Scripts/GameSystem/Result/ResultManager.cs using Guid(1707962a8a01b4f03b5da1f4f3610c5d) Importer(2089858483,192608db42251d675da83286b1cce702) (ScriptedImporter) -> (artifact id: '81a6dd8fd479b73994428e8ba4b485a7') in 0.003351834 seconds
Number of updated asset objects reloaded before import = 0Number of asset objects unloaded after import = 0

========================================================================
Received Import Request.
  Time since last request: 0.385574 seconds.
  path: Assets/Scripts/GameSystem/Question.cs
  artifactKey: Guid(e9d1e44144eef4c1ab1d0cf16dc2d511) Importer(815301076,1909f56bfc062723c751e8b465ee728b)
Start importing Assets/Scripts/GameSystem/Question.cs using Guid(e9d1e44144eef4c1ab1d0cf16dc2d511) Importer(815301076,1909f56bfc062723c751e8b465ee728b) (PreviewImporter) -> (artifact id: '577ed2d0dc1a4f0866061058e7cf7d18') in 0.000543125 seconds
Number of updated asset objects reloaded before import = 0Number of asset objects unloaded after import = 0

========================================================================
Received Prepare
Begin MonoManager ReloadAssembly
Thread 0x2aa4fb000 may have been prematurely finalized
- Loaded All Assemblies, in  0.608 seconds
Refreshing native plugins compatible for Editor in 0.94 ms, found 5 plugins.
Native extension for LinuxStandalone target not found
Native extension for iOS target not found
Native extension for Android target not found
Native extension for OSXStandalone target not found
Native extension for WebGL target not found
Mono: successfully reloaded assembly
- Finished resetting the current domain, in  0.782 seconds
Domain Reload Profiling: 1393ms
	BeginReloadAssembly (178ms)
		ExecutionOrderSort (0ms)
		DisableScriptedObjects (5ms)
		BackupInstance (0ms)
		ReleaseScriptingObjects (0ms)
		CreateAndSetChildDomain (92ms)
	RebuildCommonClasses (35ms)
	RebuildNativeTypeToScriptingClass (13ms)
	initialDomainReloadingComplete (20ms)
	LoadAllAssembliesAndSetupDomain (366ms)
		LoadAssemblies (234ms)
		RebuildTransferFunctionScriptingTraits (0ms)
		AnalyzeDomain (175ms)
			TypeCache.Refresh (12ms)
				TypeCache.ScanAssembly (1ms)
			BuildScriptInfoCaches (147ms)
			ResolveRequiredComponents (13ms)
	FinalizeReload (782ms)
		ReleaseScriptCaches (0ms)
		RebuildScriptCaches (0ms)
		SetupLoadedEditorAssemblies (607ms)
			LogAssemblyErrors (0ms)
			InitializePlatformSupportModulesInManaged (45ms)
			SetLoadedEditorAssemblies (5ms)
			BeforeProcessingInitializeOnLoad (113ms)
			ProcessInitializeOnLoadAttributes (393ms)
			ProcessInitializeOnLoadMethodAttributes (49ms)
			AfterProcessingInitializeOnLoad (1ms)
			EditorAssembliesLoaded (0ms)
		ExecutionOrderSort2 (0ms)
		AwakeInstancesAfterBackupRestoration (8ms)
Refreshing native plugins compatible for Editor in 0.96 ms, found 5 plugins.
Preloading 0 native plugins for Editor in 0.00 ms.
Unloading 14 Unused Serialized files (Serialized files now loaded: 0)
Unloading 6593 unused Assets / (4.3 MB). Loaded Objects now: 7393.
Memory consumption went from 161.1 MB to 156.8 MB.
Total: 8.439250 ms (FindLiveObjects: 0.535541 ms CreateObjectMapping: 0.393209 ms MarkObjects: 5.487958 ms  DeleteObjects: 2.021500 ms)

Prepare: number of updated asset objects reloaded= 0
========================================================================
Received Prepare
Refreshing native plugins compatible for Editor in 0.95 ms, found 5 plugins.
Preloading 0 native plugins for Editor in 0.00 ms.
Unloading 14 Unused Serialized files (Serialized files now loaded: 0)
Unloading 6574 unused Assets / (4.5 MB). Loaded Objects now: 7393.
Memory consumption went from 153.7 MB to 149.2 MB.
Total: 7.740833 ms (FindLiveObjects: 0.361708 ms CreateObjectMapping: 0.224833 ms MarkObjects: 5.151833 ms  DeleteObjects: 2.001500 ms)

Prepare: number of updated asset objects reloaded= 0
========================================================================
Received Import Request.
  Time since last request: 8.932943 seconds.
  path: Assets/Scripts/GameSystem/Question/Question.cs
  artifactKey: Guid(e9d1e44144eef4c1ab1d0cf16dc2d511) Importer(815301076,1909f56bfc062723c751e8b465ee728b)
Start importing Assets/Scripts/GameSystem/Question/Question.cs using Guid(e9d1e44144eef4c1ab1d0cf16dc2d511) Importer(815301076,1909f56bfc062723c751e8b465ee728b) (PreviewImporter) -> (artifact id: 'fb8533e19d600346e7783fdcd0a1d8c9') in 0.001275584 seconds
Number of updated asset objects reloaded before import = 0Number of asset objects unloaded after import = 0

========================================================================
Received Import Request.
  Time since last request: 0.673717 seconds.
  path: Assets/Scripts/GameSystem/Question/Question.cs
  artifactKey: Guid(e9d1e44144eef4c1ab1d0cf16dc2d511) Importer(2089858483,192608db42251d675da83286b1cce702)
Start importing Assets/Scripts/GameSystem/Question/Question.cs using Guid(e9d1e44144eef4c1ab1d0cf16dc2d511) Importer(2089858483,192608db42251d675da83286b1cce702) (ScriptedImporter) -> (artifact id: '1c3657542116d56557b58dc2937b0382') in 0.158724416 seconds
Number of updated asset objects reloaded before import = 0Number of asset objects unloaded after import = 0

========================================================================
Received Prepare
Begin MonoManager ReloadAssembly
Thread 0x2aa4fb000 may have been prematurely finalized
- Loaded All Assemblies, in  0.637 seconds
Refreshing native plugins compatible for Editor in 0.97 ms, found 5 plugins.
Native extension for LinuxStandalone target not found
Native extension for iOS target not found
Native extension for Android target not found
Native extension for OSXStandalone target not found
Native extension for WebGL target not found
Mono: successfully reloaded assembly
- Finished resetting the current domain, in  0.829 seconds
Domain Reload Profiling: 1469ms
	BeginReloadAssembly (177ms)
		ExecutionOrderSort (0ms)
		DisableScriptedObjects (5ms)
		BackupInstance (0ms)
		ReleaseScriptingObjects (0ms)
		CreateAndSetChildDomain (89ms)
	RebuildCommonClasses (36ms)
	RebuildNativeTypeToScriptingClass (13ms)
	initialDomainReloadingComplete (22ms)
	LoadAllAssembliesAndSetupDomain (391ms)
		LoadAssemblies (256ms)
		RebuildTransferFunctionScriptingTraits (0ms)
		AnalyzeDomain (182ms)
			TypeCache.Refresh (12ms)
				TypeCache.ScanAssembly (2ms)
			BuildScriptInfoCaches (154ms)
			ResolveRequiredComponents (13ms)
	FinalizeReload (830ms)
		ReleaseScriptCaches (0ms)
		RebuildScriptCaches (0ms)
		SetupLoadedEditorAssemblies (636ms)
			LogAssemblyErrors (0ms)
			InitializePlatformSupportModulesInManaged (45ms)
			SetLoadedEditorAssemblies (5ms)
			BeforeProcessingInitializeOnLoad (119ms)
			ProcessInitializeOnLoadAttributes (416ms)
			ProcessInitializeOnLoadMethodAttributes (49ms)
			AfterProcessingInitializeOnLoad (1ms)
			EditorAssembliesLoaded (0ms)
		ExecutionOrderSort2 (0ms)
		AwakeInstancesAfterBackupRestoration (9ms)
Refreshing native plugins compatible for Editor in 1.03 ms, found 5 plugins.
Preloading 0 native plugins for Editor in 0.00 ms.
Unloading 14 Unused Serialized files (Serialized files now loaded: 0)
Unloading 6593 unused Assets / (3.9 MB). Loaded Objects now: 7395.
Memory consumption went from 161.4 MB to 157.5 MB.
Total: 8.163500 ms (FindLiveObjects: 0.383667 ms CreateObjectMapping: 0.292500 ms MarkObjects: 5.343167 ms  DeleteObjects: 2.143583 ms)

Prepare: number of updated asset objects reloaded= 0
========================================================================
Received Prepare
Refreshing native plugins compatible for Editor in 1.07 ms, found 5 plugins.
Preloading 0 native plugins for Editor in 0.00 ms.
Unloading 14 Unused Serialized files (Serialized files now loaded: 0)
Unloading 6574 unused Assets / (4.2 MB). Loaded Objects now: 7395.
Memory consumption went from 153.7 MB to 149.5 MB.
Total: 7.615833 ms (FindLiveObjects: 0.396958 ms CreateObjectMapping: 0.225792 ms MarkObjects: 4.904333 ms  DeleteObjects: 2.088083 ms)

Prepare: number of updated asset objects reloaded= 0
========================================================================
Received Import Request.
  Time since last request: 11.395195 seconds.
  path: Assets/Scripts/GameSystem/Answer/PlayerAnswer.cs
  artifactKey: Guid(ec4a9223debf144f79d33ef4eb1872f1) Importer(815301076,1909f56bfc062723c751e8b465ee728b)
Start importing Assets/Scripts/GameSystem/Answer/PlayerAnswer.cs using Guid(ec4a9223debf144f79d33ef4eb1872f1) Importer(815301076,1909f56bfc062723c751e8b465ee728b) (PreviewImporter) -> (artifact id: '959095ac7e142affe72e06a5b19e46c1') in 0.00142775 seconds
Number of updated asset objects reloaded before import = 0Number of asset objects unloaded after import = 0

========================================================================
Received Import Request.
  Time since last request: 0.401537 seconds.
  path: Assets/Scripts/GameSystem/Answer/PlayerAnswer.cs
  artifactKey: Guid(ec4a9223debf144f79d33ef4eb1872f1) Importer(2089858483,192608db42251d675da83286b1cce702)
Start importing Assets/Scripts/GameSystem/Answer/PlayerAnswer.cs using Guid(ec4a9223debf144f79d33ef4eb1872f1) Importer(2089858483,192608db42251d675da83286b1cce702) (ScriptedImporter) -> (artifact id: '98ec756330ad3991e13dc276dff902d5') in 0.161956666 seconds
Number of updated asset objects reloaded before import = 0Number of asset objects unloaded after import = 0

========================================================================
Received Import Request.
  Time since last request: 0.413342 seconds.
  path: Assets/Scripts/GameSystem/NonPlayerCharacter.cs
  artifactKey: Guid(d3cced90e6438994aa3c472e9caf679f) Importer(815301076,1909f56bfc062723c751e8b465ee728b)
Start importing Assets/Scripts/GameSystem/NonPlayerCharacter.cs using Guid(d3cced90e6438994aa3c472e9caf679f) Importer(815301076,1909f56bfc062723c751e8b465ee728b) (PreviewImporter) -> (artifact id: 'a7d59bd6a0faef9540695ed0ecee2277') in 0.000452625 seconds
Number of updated asset objects reloaded before import = 0Number of asset objects unloaded after import = 0

========================================================================
Received Prepare
Begin MonoManager ReloadAssembly
Thread 0x2aa4fb000 may have been prematurely finalized
- Loaded All Assemblies, in  0.607 seconds
Refreshing native plugins compatible for Editor in 0.99 ms, found 5 plugins.
Native extension for LinuxStandalone target not found
Native extension for iOS target not found
Native extension for Android target not found
Native extension for OSXStandalone target not found
Native extension for WebGL target not found
Mono: successfully reloaded assembly
- Finished resetting the current domain, in  0.784 seconds
Domain Reload Profiling: 1394ms
	BeginReloadAssembly (176ms)
		ExecutionOrderSort (0ms)
		DisableScriptedObjects (6ms)
		BackupInstance (0ms)
		ReleaseScriptingObjects (0ms)
		CreateAndSetChildDomain (88ms)
	RebuildCommonClasses (34ms)
	RebuildNativeTypeToScriptingClass (12ms)
	initialDomainReloadingComplete (20ms)
	LoadAllAssembliesAndSetupDomain (367ms)
		LoadAssemblies (238ms)
		RebuildTransferFunctionScriptingTraits (0ms)
		AnalyzeDomain (175ms)
			TypeCache.Refresh (12ms)
				TypeCache.ScanAssembly (1ms)
			BuildScriptInfoCaches (147ms)
			ResolveRequiredComponents (13ms)
	FinalizeReload (784ms)
		ReleaseScriptCaches (0ms)
		RebuildScriptCaches (0ms)
		SetupLoadedEditorAssemblies (606ms)
			LogAssemblyErrors (0ms)
			InitializePlatformSupportModulesInManaged (46ms)
			SetLoadedEditorAssemblies (5ms)
			BeforeProcessingInitializeOnLoad (113ms)
			ProcessInitializeOnLoadAttributes (391ms)
			ProcessInitializeOnLoadMethodAttributes (50ms)
			AfterProcessingInitializeOnLoad (1ms)
			EditorAssembliesLoaded (0ms)
		ExecutionOrderSort2 (0ms)
		AwakeInstancesAfterBackupRestoration (8ms)
Refreshing native plugins compatible for Editor in 0.97 ms, found 5 plugins.
Preloading 0 native plugins for Editor in 0.00 ms.
Unloading 14 Unused Serialized files (Serialized files now loaded: 0)
Unloading 6593 unused Assets / (3.7 MB). Loaded Objects now: 7397.
Memory consumption went from 161.3 MB to 157.6 MB.
Total: 8.559667 ms (FindLiveObjects: 0.397042 ms CreateObjectMapping: 0.327625 ms MarkObjects: 5.523083 ms  DeleteObjects: 2.311125 ms)

Prepare: number of updated asset objects reloaded= 0
========================================================================
Received Prepare
Refreshing native plugins compatible for Editor in 0.89 ms, found 5 plugins.
Preloading 0 native plugins for Editor in 0.00 ms.
Unloading 14 Unused Serialized files (Serialized files now loaded: 0)
Unloading 6574 unused Assets / (4.1 MB). Loaded Objects now: 7397.
Memory consumption went from 153.8 MB to 149.6 MB.
Total: 6.995250 ms (FindLiveObjects: 0.402542 ms CreateObjectMapping: 0.224958 ms MarkObjects: 4.766958 ms  DeleteObjects: 1.600167 ms)

Prepare: number of updated asset objects reloaded= 0
========================================================================
Received Import Request.
  Time since last request: 17.065532 seconds.
  path: Assets/Scripts/Utils/CustomTypeRegistration.cs
  artifactKey: Guid(87bdfd9ac2a484787ab29de52f35e79a) Importer(2089858483,192608db42251d675da83286b1cce702)
Start importing Assets/Scripts/Utils/CustomTypeRegistration.cs using Guid(87bdfd9ac2a484787ab29de52f35e79a) Importer(2089858483,192608db42251d675da83286b1cce702) (ScriptedImporter) -> (artifact id: '748ecf4f5cfa7a785144349dea623183') in 0.152173792 seconds
Number of updated asset objects reloaded before import = 0Number of asset objects unloaded after import = 0

========================================================================
Received Prepare
Begin MonoManager ReloadAssembly
Thread 0x2aa4fb000 may have been prematurely finalized
- Loaded All Assemblies, in  0.576 seconds
Refreshing native plugins compatible for Editor in 0.93 ms, found 5 plugins.
Native extension for LinuxStandalone target not found
Native extension for iOS target not found
Native extension for Android target not found
Native extension for OSXStandalone target not found
Native extension for WebGL target not found
Mono: successfully reloaded assembly
- Finished resetting the current domain, in  0.732 seconds
Domain Reload Profiling: 1311ms
	BeginReloadAssembly (162ms)
		ExecutionOrderSort (0ms)
		DisableScriptedObjects (5ms)
		BackupInstance (0ms)
		ReleaseScriptingObjects (0ms)
		CreateAndSetChildDomain (79ms)
	RebuildCommonClasses (33ms)
	RebuildNativeTypeToScriptingClass (12ms)
	initialDomainReloadingComplete (20ms)
	LoadAllAssembliesAndSetupDomain (351ms)
		LoadAssemblies (228ms)
		RebuildTransferFunctionScriptingTraits (0ms)
		AnalyzeDomain (167ms)
			TypeCache.Refresh (12ms)
				TypeCache.ScanAssembly (1ms)
			BuildScriptInfoCaches (140ms)
			ResolveRequiredComponents (13ms)
	FinalizeReload (732ms)
		ReleaseScriptCaches (0ms)
		RebuildScriptCaches (0ms)
		SetupLoadedEditorAssemblies (563ms)
			LogAssemblyErrors (0ms)
			InitializePlatformSupportModulesInManaged (40ms)
			SetLoadedEditorAssemblies (4ms)
			BeforeProcessingInitializeOnLoad (103ms)
			ProcessInitializeOnLoadAttributes (370ms)
			ProcessInitializeOnLoadMethodAttributes (45ms)
			AfterProcessingInitializeOnLoad (1ms)
			EditorAssembliesLoaded (0ms)
		ExecutionOrderSort2 (0ms)
		AwakeInstancesAfterBackupRestoration (7ms)
Refreshing native plugins compatible for Editor in 0.93 ms, found 5 plugins.
Preloading 0 native plugins for Editor in 0.00 ms.
Unloading 14 Unused Serialized files (Serialized files now loaded: 0)
Unloading 6593 unused Assets / (3.9 MB). Loaded Objects now: 7399.
Memory consumption went from 161.2 MB to 157.3 MB.
Total: 7.017917 ms (FindLiveObjects: 0.350666 ms CreateObjectMapping: 0.270000 ms MarkObjects: 4.670792 ms  DeleteObjects: 1.725792 ms)

Prepare: number of updated asset objects reloaded= 0
========================================================================
Received Import Request.
  Time since last request: 11.315015 seconds.
  path: Assets/Scripts/Data
  artifactKey: Guid(6e05672b128f04c9597d10fff29e1c2b) Importer(815301076,1909f56bfc062723c751e8b465ee728b)
Start importing Assets/Scripts/Data using Guid(6e05672b128f04c9597d10fff29e1c2b) Importer(815301076,1909f56bfc062723c751e8b465ee728b) (PreviewImporter) -> (artifact id: 'f2fcce6de345ed7630eb1ab8b2e247bb') in 0.001408917 seconds
Number of updated asset objects reloaded before import = 0Number of asset objects unloaded after import = 0

========================================================================
Received Import Request.
  Time since last request: 0.932396 seconds.
  path: Assets/Scripts/Data
  artifactKey: Guid(6e05672b128f04c9597d10fff29e1c2b) Importer(2089858483,192608db42251d675da83286b1cce702)
Start importing Assets/Scripts/Data using Guid(6e05672b128f04c9597d10fff29e1c2b) Importer(2089858483,192608db42251d675da83286b1cce702) (ScriptedImporter) -> (artifact id: 'c7fba617bf6010a2dbc3d990ba6dc532') in 0.129735917 seconds
Number of updated asset objects reloaded before import = 0Number of asset objects unloaded after import = 1

========================================================================
Received Prepare
Refreshing native plugins compatible for Editor in 1.01 ms, found 5 plugins.
Preloading 0 native plugins for Editor in 0.00 ms.
Unloading 14 Unused Serialized files (Serialized files now loaded: 0)
Unloading 6574 unused Assets / (4.1 MB). Loaded Objects now: 7399.
Memory consumption went from 153.8 MB to 149.7 MB.
Total: 7.115833 ms (FindLiveObjects: 0.341458 ms CreateObjectMapping: 0.214750 ms MarkObjects: 4.932917 ms  DeleteObjects: 1.626208 ms)

Prepare: number of updated asset objects reloaded= 0
========================================================================
Received Import Request.
  Time since last request: 10.886606 seconds.
  path: Assets/Scripts/PlayerCharacterList.cs
  artifactKey: Guid(e190435b2bebe42348cebe2628254c95) Importer(815301076,1909f56bfc062723c751e8b465ee728b)
Start importing Assets/Scripts/PlayerCharacterList.cs using Guid(e190435b2bebe42348cebe2628254c95) Importer(815301076,1909f56bfc062723c751e8b465ee728b) (PreviewImporter) -> (artifact id: '6700ff3ef71fda51f9f0672ee47e6cd7') in 0.00045725 seconds
Number of updated asset objects reloaded before import = 0Number of asset objects unloaded after import = 0

========================================================================
Received Import Request.
  Time since last request: 0.483704 seconds.
  path: Assets/Scripts/PlayerCharacterList.cs
  artifactKey: Guid(e190435b2bebe42348cebe2628254c95) Importer(2089858483,192608db42251d675da83286b1cce702)
Start importing Assets/Scripts/PlayerCharacterList.cs using Guid(e190435b2bebe42348cebe2628254c95) Importer(2089858483,192608db42251d675da83286b1cce702) (ScriptedImporter) -> (artifact id: 'aeba094f4bff97b4894c176c1416b2c1') in 0.022603708 seconds
Number of updated asset objects reloaded before import = 0Number of asset objects unloaded after import = 0

========================================================================
Received Prepare
Begin MonoManager ReloadAssembly
Thread 0x17f89f000 may have been prematurely finalized
- Loaded All Assemblies, in  0.593 seconds
Refreshing native plugins compatible for Editor in 0.95 ms, found 5 plugins.
Native extension for LinuxStandalone target not found
Native extension for iOS target not found
Native extension for Android target not found
Native extension for OSXStandalone target not found
Native extension for WebGL target not found
Mono: successfully reloaded assembly
- Finished resetting the current domain, in  0.735 seconds
Domain Reload Profiling: 1330ms
	BeginReloadAssembly (173ms)
		ExecutionOrderSort (0ms)
		DisableScriptedObjects (5ms)
		BackupInstance (0ms)
		ReleaseScriptingObjects (0ms)
		CreateAndSetChildDomain (86ms)
	RebuildCommonClasses (33ms)
	RebuildNativeTypeToScriptingClass (12ms)
	initialDomainReloadingComplete (20ms)
	LoadAllAssembliesAndSetupDomain (356ms)
		LoadAssemblies (237ms)
		RebuildTransferFunctionScriptingTraits (0ms)
		AnalyzeDomain (165ms)
			TypeCache.Refresh (11ms)
				TypeCache.ScanAssembly (1ms)
			BuildScriptInfoCaches (139ms)
			ResolveRequiredComponents (13ms)
	FinalizeReload (735ms)
		ReleaseScriptCaches (0ms)
		RebuildScriptCaches (0ms)
		SetupLoadedEditorAssemblies (568ms)
			LogAssemblyErrors (0ms)
			InitializePlatformSupportModulesInManaged (40ms)
			SetLoadedEditorAssemblies (5ms)
			BeforeProcessingInitializeOnLoad (104ms)
			ProcessInitializeOnLoadAttributes (374ms)
			ProcessInitializeOnLoadMethodAttributes (45ms)
			AfterProcessingInitializeOnLoad (1ms)
			EditorAssembliesLoaded (0ms)
		ExecutionOrderSort2 (0ms)
		AwakeInstancesAfterBackupRestoration (7ms)
Refreshing native plugins compatible for Editor in 1.00 ms, found 5 plugins.
Preloading 0 native plugins for Editor in 0.00 ms.
Unloading 14 Unused Serialized files (Serialized files now loaded: 0)
Unloading 6593 unused Assets / (4.3 MB). Loaded Objects now: 7401.
Memory consumption went from 160.6 MB to 156.2 MB.
Total: 7.442375 ms (FindLiveObjects: 0.361208 ms CreateObjectMapping: 0.269667 ms MarkObjects: 4.915917 ms  DeleteObjects: 1.894958 ms)

Prepare: number of updated asset objects reloaded= 0
========================================================================
Received Prepare
Refreshing native plugins compatible for Editor in 1.03 ms, found 5 plugins.
Preloading 0 native plugins for Editor in 0.00 ms.
Unloading 14 Unused Serialized files (Serialized files now loaded: 0)
Unloading 6574 unused Assets / (4.2 MB). Loaded Objects now: 7401.
Memory consumption went from 153.8 MB to 149.6 MB.
Total: 7.015458 ms (FindLiveObjects: 0.345125 ms CreateObjectMapping: 0.206458 ms MarkObjects: 4.693208 ms  DeleteObjects: 1.770250 ms)

Prepare: number of updated asset objects reloaded= 0
========================================================================
Received Import Request.
  Time since last request: 9.506518 seconds.
  path: Assets/Scripts/Data/PlayerCharacterList.cs
  artifactKey: Guid(e190435b2bebe42348cebe2628254c95) Importer(2089858483,192608db42251d675da83286b1cce702)
Start importing Assets/Scripts/Data/PlayerCharacterList.cs using Guid(e190435b2bebe42348cebe2628254c95) Importer(2089858483,192608db42251d675da83286b1cce702) (ScriptedImporter) -> (artifact id: '4a57f4e1f1f9f086e7df22e21d0e9b9b') in 0.146586334 seconds
Number of updated asset objects reloaded before import = 0Number of asset objects unloaded after import = 0

========================================================================
Received Import Request.
  Time since last request: 0.979598 seconds.
  path: Assets/Scripts/Sound
  artifactKey: Guid(42bc6ba68a295f648a86726c06c18a2b) Importer(815301076,1909f56bfc062723c751e8b465ee728b)
Start importing Assets/Scripts/Sound using Guid(42bc6ba68a295f648a86726c06c18a2b) Importer(815301076,1909f56bfc062723c751e8b465ee728b) (PreviewImporter) -> (artifact id: 'd4554a479934b4613e03b6f236569fe3') in 0.000401625 seconds
Number of updated asset objects reloaded before import = 0Number of asset objects unloaded after import = 0

========================================================================
Received Prepare
Begin MonoManager ReloadAssembly
Thread 0x17f897000 may have been prematurely finalized
- Loaded All Assemblies, in  0.601 seconds
Refreshing native plugins compatible for Editor in 0.93 ms, found 5 plugins.
Native extension for LinuxStandalone target not found
Native extension for iOS target not found
Native extension for Android target not found
Native extension for OSXStandalone target not found
Native extension for WebGL target not found
Mono: successfully reloaded assembly
- Finished resetting the current domain, in  0.768 seconds
Domain Reload Profiling: 1372ms
	BeginReloadAssembly (166ms)
		ExecutionOrderSort (0ms)
		DisableScriptedObjects (5ms)
		BackupInstance (0ms)
		ReleaseScriptingObjects (0ms)
		CreateAndSetChildDomain (83ms)
	RebuildCommonClasses (35ms)
	RebuildNativeTypeToScriptingClass (12ms)
	initialDomainReloadingComplete (21ms)
	LoadAllAssembliesAndSetupDomain (368ms)
		LoadAssemblies (243ms)
		RebuildTransferFunctionScriptingTraits (0ms)
		AnalyzeDomain (169ms)
			TypeCache.Refresh (12ms)
				TypeCache.ScanAssembly (1ms)
			BuildScriptInfoCaches (141ms)
			ResolveRequiredComponents (13ms)
	FinalizeReload (769ms)
		ReleaseScriptCaches (0ms)
		RebuildScriptCaches (0ms)
		SetupLoadedEditorAssemblies (595ms)
			LogAssemblyErrors (0ms)
			InitializePlatformSupportModulesInManaged (43ms)
			SetLoadedEditorAssemblies (6ms)
			BeforeProcessingInitializeOnLoad (111ms)
			ProcessInitializeOnLoadAttributes (387ms)
			ProcessInitializeOnLoadMethodAttributes (46ms)
			AfterProcessingInitializeOnLoad (1ms)
			EditorAssembliesLoaded (0ms)
		ExecutionOrderSort2 (0ms)
		AwakeInstancesAfterBackupRestoration (8ms)
Refreshing native plugins compatible for Editor in 0.92 ms, found 5 plugins.
Preloading 0 native plugins for Editor in 0.00 ms.
Unloading 14 Unused Serialized files (Serialized files now loaded: 0)
Unloading 6593 unused Assets / (4.0 MB). Loaded Objects now: 7403.
Memory consumption went from 160.8 MB to 156.8 MB.
Total: 7.242750 ms (FindLiveObjects: 0.352000 ms CreateObjectMapping: 0.287416 ms MarkObjects: 4.708500 ms  DeleteObjects: 1.894250 ms)

Prepare: number of updated asset objects reloaded= 0
========================================================================
Received Import Request.
  Time since last request: 295.642753 seconds.
  path: Assets/Scripts/Test
  artifactKey: Guid(eb9eb56c93330438b973e9e8f36328dd) Importer(815301076,1909f56bfc062723c751e8b465ee728b)
Start importing Assets/Scripts/Test using Guid(eb9eb56c93330438b973e9e8f36328dd) Importer(815301076,1909f56bfc062723c751e8b465ee728b) (PreviewImporter) -> (artifact id: '08170cae9d8bd15955bbdfa9631bc327') in 0.001482458 seconds
Number of updated asset objects reloaded before import = 0Number of asset objects unloaded after import = 0

========================================================================
Received Import Request.
  Time since last request: 0.938981 seconds.
  path: Assets/Scripts/Test
  artifactKey: Guid(eb9eb56c93330438b973e9e8f36328dd) Importer(2089858483,192608db42251d675da83286b1cce702)
Start importing Assets/Scripts/Test using Guid(eb9eb56c93330438b973e9e8f36328dd) Importer(2089858483,192608db42251d675da83286b1cce702) (ScriptedImporter) -> (artifact id: '8c74e076ce00e9c46764a40f1e4cc15c') in 0.125621042 seconds
Number of updated asset objects reloaded before import = 0Number of asset objects unloaded after import = 1

========================================================================
Received Prepare
Refreshing native plugins compatible for Editor in 1.04 ms, found 5 plugins.
Preloading 0 native plugins for Editor in 0.00 ms.
Unloading 14 Unused Serialized files (Serialized files now loaded: 0)
Unloading 6574 unused Assets / (4.1 MB). Loaded Objects now: 7403.
Memory consumption went from 153.8 MB to 149.7 MB.
Total: 7.207125 ms (FindLiveObjects: 0.338625 ms CreateObjectMapping: 0.210666 ms MarkObjects: 4.930209 ms  DeleteObjects: 1.726916 ms)

Prepare: number of updated asset objects reloaded= 0
========================================================================
Received Import Request.
  Time since last request: 2.564224 seconds.
  path: Assets/Scripts/Test/Test_Game.cs
  artifactKey: Guid(f0d48753736284701b5eca6ef35fdb59) Importer(815301076,1909f56bfc062723c751e8b465ee728b)
Start importing Assets/Scripts/Test/Test_Game.cs using Guid(f0d48753736284701b5eca6ef35fdb59) Importer(815301076,1909f56bfc062723c751e8b465ee728b) (PreviewImporter) -> (artifact id: 'f7c908b638eed4edfa6a1a9b6c23e5f9') in 0.000423 seconds
Number of updated asset objects reloaded before import = 0Number of asset objects unloaded after import = 0

========================================================================
Received Import Request.
  Time since last request: 0.488006 seconds.
  path: Assets/Scripts/Test/Test_Game.cs
  artifactKey: Guid(f0d48753736284701b5eca6ef35fdb59) Importer(2089858483,192608db42251d675da83286b1cce702)
Start importing Assets/Scripts/Test/Test_Game.cs using Guid(f0d48753736284701b5eca6ef35fdb59) Importer(2089858483,192608db42251d675da83286b1cce702) (ScriptedImporter) -> (artifact id: '022a365216f3f124df5795bc4bfeaf16') in 0.029148875 seconds
Number of updated asset objects reloaded before import = 0Number of asset objects unloaded after import = 0

========================================================================
Received Prepare
Begin MonoManager ReloadAssembly
Thread 0x17f897000 may have been prematurely finalized
- Loaded All Assemblies, in  0.592 seconds
Refreshing native plugins compatible for Editor in 0.95 ms, found 5 plugins.
Native extension for LinuxStandalone target not found
Native extension for iOS target not found
Native extension for Android target not found
Native extension for OSXStandalone target not found
Native extension for WebGL target not found
Mono: successfully reloaded assembly
- Finished resetting the current domain, in  0.729 seconds
Domain Reload Profiling: 1324ms
	BeginReloadAssembly (168ms)
		ExecutionOrderSort (0ms)
		DisableScriptedObjects (5ms)
		BackupInstance (0ms)
		ReleaseScriptingObjects (0ms)
		CreateAndSetChildDomain (84ms)
	RebuildCommonClasses (33ms)
	RebuildNativeTypeToScriptingClass (12ms)
	initialDomainReloadingComplete (20ms)
	LoadAllAssembliesAndSetupDomain (361ms)
		LoadAssemblies (234ms)
		RebuildTransferFunctionScriptingTraits (0ms)
		AnalyzeDomain (171ms)
			TypeCache.Refresh (12ms)
				TypeCache.ScanAssembly (1ms)
			BuildScriptInfoCaches (144ms)
			ResolveRequiredComponents (13ms)
	FinalizeReload (730ms)
		ReleaseScriptCaches (0ms)
		RebuildScriptCaches (0ms)
		SetupLoadedEditorAssemblies (557ms)
			LogAssemblyErrors (0ms)
			InitializePlatformSupportModulesInManaged (41ms)
			SetLoadedEditorAssemblies (4ms)
			BeforeProcessingInitializeOnLoad (103ms)
			ProcessInitializeOnLoadAttributes (363ms)
			ProcessInitializeOnLoadMethodAttributes (45ms)
			AfterProcessingInitializeOnLoad (1ms)
			EditorAssembliesLoaded (0ms)
		ExecutionOrderSort2 (0ms)
		AwakeInstancesAfterBackupRestoration (7ms)
Refreshing native plugins compatible for Editor in 0.97 ms, found 5 plugins.
Preloading 0 native plugins for Editor in 0.00 ms.
Unloading 14 Unused Serialized files (Serialized files now loaded: 0)
Unloading 6593 unused Assets / (2.4 MB). Loaded Objects now: 7405.
Memory consumption went from 160.2 MB to 157.9 MB.
Total: 7.695959 ms (FindLiveObjects: 0.349083 ms CreateObjectMapping: 0.275625 ms MarkObjects: 5.592334 ms  DeleteObjects: 1.478125 ms)

Prepare: number of updated asset objects reloaded= 0
========================================================================
Received Prepare
Refreshing native plugins compatible for Editor in 0.94 ms, found 5 plugins.
Preloading 0 native plugins for Editor in 0.00 ms.
Unloading 14 Unused Serialized files (Serialized files now loaded: 0)
Unloading 6574 unused Assets / (4.1 MB). Loaded Objects now: 7405.
Memory consumption went from 153.8 MB to 149.7 MB.
Total: 7.142833 ms (FindLiveObjects: 0.341208 ms CreateObjectMapping: 0.227208 ms MarkObjects: 4.869625 ms  DeleteObjects: 1.704292 ms)

Prepare: number of updated asset objects reloaded= 0
========================================================================
Received Import Request.
  Time since last request: 32.410955 seconds.
  path: Assets/Scripts/Test/PlayerInfo.cs
  artifactKey: Guid(410fc719fe9f54cb6bbcf869dac27422) Importer(815301076,1909f56bfc062723c751e8b465ee728b)
Start importing Assets/Scripts/Test/PlayerInfo.cs using Guid(410fc719fe9f54cb6bbcf869dac27422) Importer(815301076,1909f56bfc062723c751e8b465ee728b) (PreviewImporter) -> (artifact id: '206184af1da4dbb0575098e0392f9535') in 0.001281083 seconds
Number of updated asset objects reloaded before import = 0Number of asset objects unloaded after import = 0

========================================================================
Received Import Request.
  Time since last request: 0.439711 seconds.
  path: Assets/Scripts/Test/PlayerInfo.cs
  artifactKey: Guid(410fc719fe9f54cb6bbcf869dac27422) Importer(2089858483,192608db42251d675da83286b1cce702)
Start importing Assets/Scripts/Test/PlayerInfo.cs using Guid(410fc719fe9f54cb6bbcf869dac27422) Importer(2089858483,192608db42251d675da83286b1cce702) (ScriptedImporter) -> (artifact id: '4691e6fb7738921688befde926f8c619') in 0.141640125 seconds
Number of updated asset objects reloaded before import = 0Number of asset objects unloaded after import = 0

========================================================================
Received Prepare
Begin MonoManager ReloadAssembly
Thread 0x17f897000 may have been prematurely finalized
- Loaded All Assemblies, in  0.595 seconds
Refreshing native plugins compatible for Editor in 0.96 ms, found 5 plugins.
Native extension for LinuxStandalone target not found
Native extension for iOS target not found
Native extension for Android target not found
Native extension for OSXStandalone target not found
Native extension for WebGL target not found
Mono: successfully reloaded assembly
- Finished resetting the current domain, in  0.766 seconds
Domain Reload Profiling: 1364ms
	BeginReloadAssembly (169ms)
		ExecutionOrderSort (0ms)
		DisableScriptedObjects (5ms)
		BackupInstance (0ms)
		ReleaseScriptingObjects (0ms)
		CreateAndSetChildDomain (85ms)
	RebuildCommonClasses (34ms)
	RebuildNativeTypeToScriptingClass (12ms)
	initialDomainReloadingComplete (20ms)
	LoadAllAssembliesAndSetupDomain (362ms)
		LoadAssemblies (232ms)
		RebuildTransferFunctionScriptingTraits (0ms)
		AnalyzeDomain (173ms)
			TypeCache.Refresh (12ms)
				TypeCache.ScanAssembly (1ms)
			BuildScriptInfoCaches (145ms)
			ResolveRequiredComponents (13ms)
	FinalizeReload (767ms)
		ReleaseScriptCaches (0ms)
		RebuildScriptCaches (0ms)
		SetupLoadedEditorAssemblies (591ms)
			LogAssemblyErrors (0ms)
			InitializePlatformSupportModulesInManaged (42ms)
			SetLoadedEditorAssemblies (5ms)
			BeforeProcessingInitializeOnLoad (105ms)
			ProcessInitializeOnLoadAttributes (391ms)
			ProcessInitializeOnLoadMethodAttributes (48ms)
			AfterProcessingInitializeOnLoad (1ms)
			EditorAssembliesLoaded (0ms)
		ExecutionOrderSort2 (0ms)
		AwakeInstancesAfterBackupRestoration (8ms)
Refreshing native plugins compatible for Editor in 0.97 ms, found 5 plugins.
Preloading 0 native plugins for Editor in 0.00 ms.
Unloading 14 Unused Serialized files (Serialized files now loaded: 0)
Unloading 6593 unused Assets / (3.4 MB). Loaded Objects now: 7407.
Memory consumption went from 160.5 MB to 157.1 MB.
Total: 7.382583 ms (FindLiveObjects: 0.403542 ms CreateObjectMapping: 0.318042 ms MarkObjects: 4.762458 ms  DeleteObjects: 1.898041 ms)

Prepare: number of updated asset objects reloaded= 0
========================================================================
Received Prepare
Refreshing native plugins compatible for Editor in 1.08 ms, found 5 plugins.
Preloading 0 native plugins for Editor in 0.00 ms.
Unloading 14 Unused Serialized files (Serialized files now loaded: 0)
Unloading 6573 unused Assets / (4.2 MB). Loaded Objects now: 7406.
Memory consumption went from 153.8 MB to 149.5 MB.
Total: 6.961125 ms (FindLiveObjects: 0.372125 ms CreateObjectMapping: 0.235625 ms MarkObjects: 4.761000 ms  DeleteObjects: 1.591584 ms)

Prepare: number of updated asset objects reloaded= 0
========================================================================
Received Prepare
Refreshing native plugins compatible for Editor in 0.90 ms, found 5 plugins.
Preloading 0 native plugins for Editor in 0.00 ms.
Unloading 14 Unused Serialized files (Serialized files now loaded: 0)
Unloading 6572 unused Assets / (4.1 MB). Loaded Objects now: 7405.
Memory consumption went from 153.8 MB to 149.6 MB.
Total: 7.120750 ms (FindLiveObjects: 0.360625 ms CreateObjectMapping: 0.223458 ms MarkObjects: 4.872542 ms  DeleteObjects: 1.663666 ms)

Prepare: number of updated asset objects reloaded= 0
========================================================================
Received Prepare
Begin MonoManager ReloadAssembly
Thread 0x17f897000 may have been prematurely finalized
- Loaded All Assemblies, in  0.569 seconds
Refreshing native plugins compatible for Editor in 0.96 ms, found 5 plugins.
Native extension for LinuxStandalone target not found
Native extension for iOS target not found
Native extension for Android target not found
Native extension for OSXStandalone target not found
Native extension for WebGL target not found
Mono: successfully reloaded assembly
- Finished resetting the current domain, in  0.737 seconds
Domain Reload Profiling: 1308ms
	BeginReloadAssembly (146ms)
		ExecutionOrderSort (0ms)
		DisableScriptedObjects (5ms)
		BackupInstance (0ms)
		ReleaseScriptingObjects (0ms)
		CreateAndSetChildDomain (65ms)
	RebuildCommonClasses (33ms)
	RebuildNativeTypeToScriptingClass (12ms)
	initialDomainReloadingComplete (19ms)
	LoadAllAssembliesAndSetupDomain (362ms)
		LoadAssemblies (230ms)
		RebuildTransferFunctionScriptingTraits (0ms)
		AnalyzeDomain (173ms)
			TypeCache.Refresh (12ms)
				TypeCache.ScanAssembly (2ms)
			BuildScriptInfoCaches (145ms)
			ResolveRequiredComponents (13ms)
	FinalizeReload (737ms)
		ReleaseScriptCaches (0ms)
		RebuildScriptCaches (0ms)
		SetupLoadedEditorAssemblies (564ms)
			LogAssemblyErrors (0ms)
			InitializePlatformSupportModulesInManaged (40ms)
			SetLoadedEditorAssemblies (4ms)
			BeforeProcessingInitializeOnLoad (102ms)
			ProcessInitializeOnLoadAttributes (369ms)
			ProcessInitializeOnLoadMethodAttributes (48ms)
			AfterProcessingInitializeOnLoad (1ms)
			EditorAssembliesLoaded (0ms)
		ExecutionOrderSort2 (0ms)
		AwakeInstancesAfterBackupRestoration (8ms)
Refreshing native plugins compatible for Editor in 1.00 ms, found 5 plugins.
Preloading 0 native plugins for Editor in 0.00 ms.
Unloading 14 Unused Serialized files (Serialized files now loaded: 0)
Unloading 6591 unused Assets / (4.2 MB). Loaded Objects now: 7407.
Memory consumption went from 160.0 MB to 155.8 MB.
Total: 7.511000 ms (FindLiveObjects: 0.396500 ms CreateObjectMapping: 0.288209 ms MarkObjects: 5.091750 ms  DeleteObjects: 1.733500 ms)

Prepare: number of updated asset objects reloaded= 0
========================================================================
Received Import Request.
  Time since last request: 80.032100 seconds.
  path: Assets/Scripts/Connection/NicknameInput.cs
  artifactKey: Guid(ff24154306ec17c4f97ed311e1189af4) Importer(815301076,1909f56bfc062723c751e8b465ee728b)
Start importing Assets/Scripts/Connection/NicknameInput.cs using Guid(ff24154306ec17c4f97ed311e1189af4) Importer(815301076,1909f56bfc062723c751e8b465ee728b) (PreviewImporter) -> (artifact id: '92cf80d0060b765d2e978d996c502a2e') in 0.001216083 seconds
Number of updated asset objects reloaded before import = 0Number of asset objects unloaded after import = 0

========================================================================
Received Import Request.
  Time since last request: 13.027425 seconds.
  path: Assets/Scripts/Managers/SceneController.cs
  artifactKey: Guid(e502d093843fddf419b1d57a92071ed2) Importer(815301076,1909f56bfc062723c751e8b465ee728b)
Start importing Assets/Scripts/Managers/SceneController.cs using Guid(e502d093843fddf419b1d57a92071ed2) Importer(815301076,1909f56bfc062723c751e8b465ee728b) (PreviewImporter) -> (artifact id: 'ee6efdfec2de452bcdb3a41a23853722') in 0.000444333 seconds
Number of updated asset objects reloaded before import = 0Number of asset objects unloaded after import = 0

========================================================================
Received Prepare
Refreshing native plugins compatible for Editor in 1.02 ms, found 5 plugins.
Preloading 0 native plugins for Editor in 0.00 ms.
Unloading 14 Unused Serialized files (Serialized files now loaded: 0)
Unloading 6571 unused Assets / (4.2 MB). Loaded Objects now: 7406.
Memory consumption went from 153.8 MB to 149.5 MB.
Total: 6.967375 ms (FindLiveObjects: 0.357250 ms CreateObjectMapping: 0.214250 ms MarkObjects: 4.779875 ms  DeleteObjects: 1.615583 ms)

Prepare: number of updated asset objects reloaded= 0
========================================================================
Received Prepare
Begin MonoManager ReloadAssembly
Thread 0x17f897000 may have been prematurely finalized
- Loaded All Assemblies, in  0.576 seconds
Refreshing native plugins compatible for Editor in 0.94 ms, found 5 plugins.
Native extension for LinuxStandalone target not found
Native extension for iOS target not found
Native extension for Android target not found
Native extension for OSXStandalone target not found
Native extension for WebGL target not found
Mono: successfully reloaded assembly
- Finished resetting the current domain, in  0.733 seconds
Domain Reload Profiling: 1312ms
	BeginReloadAssembly (148ms)
		ExecutionOrderSort (0ms)
		DisableScriptedObjects (5ms)
		BackupInstance (0ms)
		ReleaseScriptingObjects (0ms)
		CreateAndSetChildDomain (65ms)
	RebuildCommonClasses (33ms)
	RebuildNativeTypeToScriptingClass (12ms)
	initialDomainReloadingComplete (19ms)
	LoadAllAssembliesAndSetupDomain (366ms)
		LoadAssemblies (235ms)
		RebuildTransferFunctionScriptingTraits (0ms)
		AnalyzeDomain (175ms)
			TypeCache.Refresh (13ms)
				TypeCache.ScanAssembly (1ms)
			BuildScriptInfoCaches (147ms)
			ResolveRequiredComponents (13ms)
	FinalizeReload (734ms)
		ReleaseScriptCaches (0ms)
		RebuildScriptCaches (0ms)
		SetupLoadedEditorAssemblies (566ms)
			LogAssemblyErrors (0ms)
			InitializePlatformSupportModulesInManaged (40ms)
			SetLoadedEditorAssemblies (5ms)
			BeforeProcessingInitializeOnLoad (103ms)
			ProcessInitializeOnLoadAttributes (373ms)
			ProcessInitializeOnLoadMethodAttributes (45ms)
			AfterProcessingInitializeOnLoad (1ms)
			EditorAssembliesLoaded (0ms)
		ExecutionOrderSort2 (0ms)
		AwakeInstancesAfterBackupRestoration (7ms)
Refreshing native plugins compatible for Editor in 0.93 ms, found 5 plugins.
Preloading 0 native plugins for Editor in 0.00 ms.
Unloading 14 Unused Serialized files (Serialized files now loaded: 0)
Unloading 6590 unused Assets / (4.3 MB). Loaded Objects now: 7408.
Memory consumption went from 159.9 MB to 155.6 MB.
Total: 7.351541 ms (FindLiveObjects: 0.356083 ms CreateObjectMapping: 0.270667 ms MarkObjects: 4.739000 ms  DeleteObjects: 1.985166 ms)

Prepare: number of updated asset objects reloaded= 0
========================================================================
Received Import Request.
  Time since last request: 38.360426 seconds.
  path: Assets/Sprites/representative.png
  artifactKey: Guid(7e6f6538126934ed59706e9cccd0ddbc) Importer(815301076,1909f56bfc062723c751e8b465ee728b)
Start importing Assets/Sprites/representative.png using Guid(7e6f6538126934ed59706e9cccd0ddbc) Importer(815301076,1909f56bfc062723c751e8b465ee728b) (PreviewImporter) -> (artifact id: '42e0e63ef22b68fb06a9f726ec6f50c0') in 0.056605833 seconds
Number of updated asset objects reloaded before import = 0Number of asset objects unloaded after import = 3

========================================================================
Received Import Request.
  Time since last request: 111.456753 seconds.
  path: Assets/Scripts/Log
  artifactKey: Guid(b39707292f8173a47bfef014e938fa55) Importer(815301076,1909f56bfc062723c751e8b465ee728b)
Start importing Assets/Scripts/Log using Guid(b39707292f8173a47bfef014e938fa55) Importer(815301076,1909f56bfc062723c751e8b465ee728b) (PreviewImporter) -> (artifact id: '066eb47fa78eb504e96b44af105bf060') in 0.000544417 seconds
Number of updated asset objects reloaded before import = 0Number of asset objects unloaded after import = 0

========================================================================
Received Import Request.
  Time since last request: 5.249698 seconds.
  path: Assets/Scripts/Log/LogViewerScroll.cs
  artifactKey: Guid(9f492abfa522e8e4a979ab649f26e450) Importer(815301076,1909f56bfc062723c751e8b465ee728b)
Start importing Assets/Scripts/Log/LogViewerScroll.cs using Guid(9f492abfa522e8e4a979ab649f26e450) Importer(815301076,1909f56bfc062723c751e8b465ee728b) (PreviewImporter) -> (artifact id: '15f11ea01f37989c6397410c54bee4f2') in 0.000453917 seconds
Number of updated asset objects reloaded before import = 0Number of asset objects unloaded after import = 0

========================================================================
Received Prepare
Refreshing native plugins compatible for Editor in 0.94 ms, found 5 plugins.
Preloading 0 native plugins for Editor in 0.00 ms.
Unloading 14 Unused Serialized files (Serialized files now loaded: 0)
Unloading 6571 unused Assets / (4.2 MB). Loaded Objects now: 7412.
Memory consumption went from 153.9 MB to 149.7 MB.
Total: 7.701334 ms (FindLiveObjects: 0.365542 ms CreateObjectMapping: 0.221292 ms MarkObjects: 5.249291 ms  DeleteObjects: 1.864667 ms)

Prepare: number of updated asset objects reloaded= 0
========================================================================
Received Prepare
Begin MonoManager ReloadAssembly
Thread 0x17f9b7000 may have been prematurely finalized
- Loaded All Assemblies, in  0.585 seconds
Refreshing native plugins compatible for Editor in 0.95 ms, found 5 plugins.
Native extension for LinuxStandalone target not found
Native extension for iOS target not found
Native extension for Android target not found
Native extension for OSXStandalone target not found
Native extension for WebGL target not found
Mono: successfully reloaded assembly
- Finished resetting the current domain, in  0.741 seconds
Domain Reload Profiling: 1329ms
	BeginReloadAssembly (151ms)
		ExecutionOrderSort (0ms)
		DisableScriptedObjects (5ms)
		BackupInstance (0ms)
		ReleaseScriptingObjects (0ms)
		CreateAndSetChildDomain (70ms)
	RebuildCommonClasses (33ms)
	RebuildNativeTypeToScriptingClass (12ms)
	initialDomainReloadingComplete (20ms)
	LoadAllAssembliesAndSetupDomain (370ms)
		LoadAssemblies (234ms)
		RebuildTransferFunctionScriptingTraits (0ms)
		AnalyzeDomain (179ms)
			TypeCache.Refresh (12ms)
				TypeCache.ScanAssembly (1ms)
			BuildScriptInfoCaches (152ms)
			ResolveRequiredComponents (13ms)
	FinalizeReload (742ms)
		ReleaseScriptCaches (0ms)
		RebuildScriptCaches (0ms)
		SetupLoadedEditorAssemblies (567ms)
			LogAssemblyErrors (0ms)
			InitializePlatformSupportModulesInManaged (39ms)
			SetLoadedEditorAssemblies (4ms)
			BeforeProcessingInitializeOnLoad (104ms)
			ProcessInitializeOnLoadAttributes (372ms)
			ProcessInitializeOnLoadMethodAttributes (46ms)
			AfterProcessingInitializeOnLoad (1ms)
			EditorAssembliesLoaded (0ms)
		ExecutionOrderSort2 (0ms)
		AwakeInstancesAfterBackupRestoration (8ms)
Refreshing native plugins compatible for Editor in 0.99 ms, found 5 plugins.
Preloading 0 native plugins for Editor in 0.00 ms.
Unloading 14 Unused Serialized files (Serialized files now loaded: 0)
Unloading 6590 unused Assets / (4.2 MB). Loaded Objects now: 7413.
Memory consumption went from 159.8 MB to 155.6 MB.
Total: 7.611791 ms (FindLiveObjects: 0.371041 ms CreateObjectMapping: 0.314834 ms MarkObjects: 5.049541 ms  DeleteObjects: 1.875791 ms)

Prepare: number of updated asset objects reloaded= 0
========================================================================
Received Import Request.
  Time since last request: 100.430128 seconds.
  path: Assets/Scripts/Sound/ButtonSoundManager.cs
  artifactKey: Guid(4995fa0e418112c4d928dcc4e234458e) Importer(2089858483,192608db42251d675da83286b1cce702)
Start importing Assets/Scripts/Sound/ButtonSoundManager.cs using Guid(4995fa0e418112c4d928dcc4e234458e) Importer(2089858483,192608db42251d675da83286b1cce702) (ScriptedImporter) -> (artifact id: '1efb9d8775e51ba2edaea0f1d854dbdb') in 0.145970333 seconds
Number of updated asset objects reloaded before import = 0Number of asset objects unloaded after import = 0

========================================================================
Received Import Request.
  Time since last request: 113.263523 seconds.
  path: Assets/Scripts/Sound/AudioManager.cs
  artifactKey: Guid(5b617651b51bdb24cb9f8e91144b2a80) Importer(815301076,1909f56bfc062723c751e8b465ee728b)
Start importing Assets/Scripts/Sound/AudioManager.cs using Guid(5b617651b51bdb24cb9f8e91144b2a80) Importer(815301076,1909f56bfc062723c751e8b465ee728b) (PreviewImporter) -> (artifact id: '8b049e7c62f1d123a89d43c22ee58c9a') in 0.000758709 seconds
Number of updated asset objects reloaded before import = 0Number of asset objects unloaded after import = 0

========================================================================
Received Import Request.
  Time since last request: 316.681540 seconds.
  path: Assets/Scenes/GameScene.unity
  artifactKey: Guid(6122a9d4ab01d65408e8cfa5c4eea58c) Importer(2089858483,192608db42251d675da83286b1cce702)
Start importing Assets/Scenes/GameScene.unity using Guid(6122a9d4ab01d65408e8cfa5c4eea58c) Importer(2089858483,192608db42251d675da83286b1cce702) (ScriptedImporter) -> (artifact id: 'cf84957de4862a42e73eb548bea1c1ff') in 0.010303333 seconds
Number of updated asset objects reloaded before import = 0Number of asset objects unloaded after import = 1

========================================================================
Received Import Request.
  Time since last request: 291.414981 seconds.
  path: Assets/Scenes/GameScene.unity
  artifactKey: Guid(6122a9d4ab01d65408e8cfa5c4eea58c) Importer(815301076,1909f56bfc062723c751e8b465ee728b)
Start importing Assets/Scenes/GameScene.unity using Guid(6122a9d4ab01d65408e8cfa5c4eea58c) Importer(815301076,1909f56bfc062723c751e8b465ee728b) (PreviewImporter) -> (artifact id: 'e24eb4f52d019ffe29dc3dac2c645d50') in 0.000450375 seconds
Number of updated asset objects reloaded before import = 0Number of asset objects unloaded after import = 0

========================================================================
Received Prepare
Refreshing native plugins compatible for Editor in 1.37 ms, found 5 plugins.
Preloading 0 native plugins for Editor in 0.00 ms.
Unloading 14 Unused Serialized files (Serialized files now loaded: 0)
Unloading 6571 unused Assets / (3.5 MB). Loaded Objects now: 7413.
Memory consumption went from 153.8 MB to 150.3 MB.
Total: 7.914750 ms (FindLiveObjects: 0.375542 ms CreateObjectMapping: 0.221208 ms MarkObjects: 5.627709 ms  DeleteObjects: 1.689209 ms)

Prepare: number of updated asset objects reloaded= 0
========================================================================
Received Import Request.
  Time since last request: 98.528042 seconds.
  path: Assets/Scripts/Managers/RoomManager.cs
  artifactKey: Guid(af4829690d5597b4bab48cf0ead82f86) Importer(2089858483,192608db42251d675da83286b1cce702)
Start importing Assets/Scripts/Managers/RoomManager.cs using Guid(af4829690d5597b4bab48cf0ead82f86) Importer(2089858483,192608db42251d675da83286b1cce702) (ScriptedImporter) -> (artifact id: '3a6dd2369a88cfb291fc2d1516d4925a') in 0.002298459 seconds
Number of updated asset objects reloaded before import = 0Number of asset objects unloaded after import = 0

========================================================================
Received Prepare
Begin MonoManager ReloadAssembly
Thread 0x17f9af000 may have been prematurely finalized
- Loaded All Assemblies, in  0.647 seconds
Refreshing native plugins compatible for Editor in 0.97 ms, found 5 plugins.
Native extension for LinuxStandalone target not found
Native extension for iOS target not found
Native extension for Android target not found
Native extension for OSXStandalone target not found
Native extension for WebGL target not found
Mono: successfully reloaded assembly
- Finished resetting the current domain, in  0.746 seconds
Domain Reload Profiling: 1397ms
	BeginReloadAssembly (165ms)
		ExecutionOrderSort (0ms)
		DisableScriptedObjects (5ms)
		BackupInstance (0ms)
		ReleaseScriptingObjects (0ms)
		CreateAndSetChildDomain (82ms)
	RebuildCommonClasses (35ms)
	RebuildNativeTypeToScriptingClass (13ms)
	initialDomainReloadingComplete (20ms)
	LoadAllAssembliesAndSetupDomain (418ms)
		LoadAssemblies (278ms)
		RebuildTransferFunctionScriptingTraits (0ms)
		AnalyzeDomain (181ms)
			TypeCache.Refresh (15ms)
				TypeCache.ScanAssembly (2ms)
			BuildScriptInfoCaches (151ms)
			ResolveRequiredComponents (13ms)
	FinalizeReload (747ms)
		ReleaseScriptCaches (0ms)
		RebuildScriptCaches (0ms)
		SetupLoadedEditorAssemblies (573ms)
			LogAssemblyErrors (0ms)
			InitializePlatformSupportModulesInManaged (41ms)
			SetLoadedEditorAssemblies (4ms)
			BeforeProcessingInitializeOnLoad (104ms)
			ProcessInitializeOnLoadAttributes (377ms)
			ProcessInitializeOnLoadMethodAttributes (45ms)
			AfterProcessingInitializeOnLoad (1ms)
			EditorAssembliesLoaded (0ms)
		ExecutionOrderSort2 (0ms)
		AwakeInstancesAfterBackupRestoration (8ms)
Refreshing native plugins compatible for Editor in 1.08 ms, found 5 plugins.
Preloading 0 native plugins for Editor in 0.00 ms.
Unloading 14 Unused Serialized files (Serialized files now loaded: 0)
Unloading 6590 unused Assets / (4.3 MB). Loaded Objects now: 7415.
Memory consumption went from 159.7 MB to 155.4 MB.
Total: 7.464917 ms (FindLiveObjects: 0.402333 ms CreateObjectMapping: 0.326584 ms MarkObjects: 4.927292 ms  DeleteObjects: 1.808166 ms)

Prepare: number of updated asset objects reloaded= 0
========================================================================
Received Import Request.
  Time since last request: 20.068051 seconds.
  path: Assets/Scripts/GameSystem/Retry/RetryWindow.cs
  artifactKey: Guid(4932987be68354d86b50efd4c3794c5b) Importer(815301076,1909f56bfc062723c751e8b465ee728b)
Start importing Assets/Scripts/GameSystem/Retry/RetryWindow.cs using Guid(4932987be68354d86b50efd4c3794c5b) Importer(815301076,1909f56bfc062723c751e8b465ee728b) (PreviewImporter) -> (artifact id: '757893a4fe79b8e918ff18d98239eeb5') in 0.001215375 seconds
Number of updated asset objects reloaded before import = 0Number of asset objects unloaded after import = 0

========================================================================
Received Import Request.
  Time since last request: 7.641584 seconds.
  path: Assets/Scenes/GameScene.unity
  artifactKey: Guid(6122a9d4ab01d65408e8cfa5c4eea58c) Importer(2089858483,192608db42251d675da83286b1cce702)
Start importing Assets/Scenes/GameScene.unity using Guid(6122a9d4ab01d65408e8cfa5c4eea58c) Importer(2089858483,192608db42251d675da83286b1cce702) (ScriptedImporter) -> (artifact id: '7af7365c1a41e459d80a26c25fae380f') in 0.144727875 seconds
Number of updated asset objects reloaded before import = 0Number of asset objects unloaded after import = 1

========================================================================
Received Import Request.
  Time since last request: 256.325595 seconds.
  path: Assets/Scripts/GameSystem/Answer/AnswerWaiter.cs
  artifactKey: Guid(891f1dd2be08245dfb5f7f43ad37fe81) Importer(815301076,1909f56bfc062723c751e8b465ee728b)
Start importing Assets/Scripts/GameSystem/Answer/AnswerWaiter.cs using Guid(891f1dd2be08245dfb5f7f43ad37fe81) Importer(815301076,1909f56bfc062723c751e8b465ee728b) (PreviewImporter) -> (artifact id: 'cc8869ce5bbfee2505e1fc2cae8cc385') in 0.000470125 seconds
Number of updated asset objects reloaded before import = 0Number of asset objects unloaded after import = 0

========================================================================
Received Prepare
Refreshing native plugins compatible for Editor in 1.03 ms, found 5 plugins.
Preloading 0 native plugins for Editor in 0.00 ms.
Unloading 14 Unused Serialized files (Serialized files now loaded: 0)
Unloading 6572 unused Assets / (4.1 MB). Loaded Objects now: 7416.
Memory consumption went from 153.8 MB to 149.7 MB.
Total: 7.049000 ms (FindLiveObjects: 0.353834 ms CreateObjectMapping: 0.228125 ms MarkObjects: 4.880042 ms  DeleteObjects: 1.586417 ms)

Prepare: number of updated asset objects reloaded= 0
========================================================================
Received Import Request.
  Time since last request: 18.705122 seconds.
  path: Assets/Scripts/GameSystem/Answer/AnswerPhaseView.cs
  artifactKey: Guid(5c83fb99002944e3db8ee982f274dc4f) Importer(815301076,1909f56bfc062723c751e8b465ee728b)
Start importing Assets/Scripts/GameSystem/Answer/AnswerPhaseView.cs using Guid(5c83fb99002944e3db8ee982f274dc4f) Importer(815301076,1909f56bfc062723c751e8b465ee728b) (PreviewImporter) -> (artifact id: '63db264801f4d71d8d72598af27eb53e') in 0.000568875 seconds
Number of updated asset objects reloaded before import = 0Number of asset objects unloaded after import = 0

========================================================================
Received Import Request.
  Time since last request: 0.465604 seconds.
  path: Assets/Scripts/GameSystem/Answer/AnswerPhaseView.cs
  artifactKey: Guid(5c83fb99002944e3db8ee982f274dc4f) Importer(2089858483,192608db42251d675da83286b1cce702)
Start importing Assets/Scripts/GameSystem/Answer/AnswerPhaseView.cs using Guid(5c83fb99002944e3db8ee982f274dc4f) Importer(2089858483,192608db42251d675da83286b1cce702) (ScriptedImporter) -> (artifact id: '2b90a00747a998209970c9764d4cf2b6') in 0.01935325 seconds
Number of updated asset objects reloaded before import = 0Number of asset objects unloaded after import = 0

========================================================================
Received Prepare
Begin MonoManager ReloadAssembly
Thread 0x17f9af000 may have been prematurely finalized
- Loaded All Assemblies, in  0.600 seconds
Refreshing native plugins compatible for Editor in 0.94 ms, found 5 plugins.
Native extension for LinuxStandalone target not found
Native extension for iOS target not found
Native extension for Android target not found
Native extension for OSXStandalone target not found
Native extension for WebGL target not found
Mono: successfully reloaded assembly
- Finished resetting the current domain, in  0.743 seconds
Domain Reload Profiling: 1346ms
	BeginReloadAssembly (169ms)
		ExecutionOrderSort (0ms)
		DisableScriptedObjects (5ms)
		BackupInstance (0ms)
		ReleaseScriptingObjects (0ms)
		CreateAndSetChildDomain (85ms)
	RebuildCommonClasses (34ms)
	RebuildNativeTypeToScriptingClass (12ms)
	initialDomainReloadingComplete (20ms)
	LoadAllAssembliesAndSetupDomain (367ms)
		LoadAssemblies (241ms)
		RebuildTransferFunctionScriptingTraits (0ms)
		AnalyzeDomain (169ms)
			TypeCache.Refresh (11ms)
				TypeCache.ScanAssembly (1ms)
			BuildScriptInfoCaches (143ms)
			ResolveRequiredComponents (13ms)
	FinalizeReload (744ms)
		ReleaseScriptCaches (0ms)
		RebuildScriptCaches (0ms)
		SetupLoadedEditorAssemblies (575ms)
			LogAssemblyErrors (0ms)
			InitializePlatformSupportModulesInManaged (40ms)
			SetLoadedEditorAssemblies (5ms)
			BeforeProcessingInitializeOnLoad (104ms)
			ProcessInitializeOnLoadAttributes (378ms)
			ProcessInitializeOnLoadMethodAttributes (46ms)
			AfterProcessingInitializeOnLoad (1ms)
			EditorAssembliesLoaded (0ms)
		ExecutionOrderSort2 (0ms)
		AwakeInstancesAfterBackupRestoration (8ms)
Refreshing native plugins compatible for Editor in 0.90 ms, found 5 plugins.
Preloading 0 native plugins for Editor in 0.00 ms.
Unloading 14 Unused Serialized files (Serialized files now loaded: 0)
Unloading 6591 unused Assets / (3.8 MB). Loaded Objects now: 7418.
Memory consumption went from 159.5 MB to 155.6 MB.
Total: 7.010958 ms (FindLiveObjects: 0.333500 ms CreateObjectMapping: 0.268000 ms MarkObjects: 4.687292 ms  DeleteObjects: 1.721375 ms)

Prepare: number of updated asset objects reloaded= 0
========================================================================
Received Import Request.
  Time since last request: 7.419210 seconds.
  path: Assets/Scripts/GameSystem/Answer/AnswerPhaseView.cs
  artifactKey: Guid(5c83fb99002944e3db8ee982f274dc4f) Importer(815301076,1909f56bfc062723c751e8b465ee728b)
Start importing Assets/Scripts/GameSystem/Answer/AnswerPhaseView.cs using Guid(5c83fb99002944e3db8ee982f274dc4f) Importer(815301076,1909f56bfc062723c751e8b465ee728b) (PreviewImporter) -> (artifact id: '2b77ff59095ef537eca7c44c7d817683') in 0.001113125 seconds
Number of updated asset objects reloaded before import = 0Number of asset objects unloaded after import = 0

========================================================================
Received Prepare
Refreshing native plugins compatible for Editor in 1.15 ms, found 5 plugins.
Preloading 0 native plugins for Editor in 0.00 ms.
Unloading 14 Unused Serialized files (Serialized files now loaded: 0)
Unloading 6572 unused Assets / (4.3 MB). Loaded Objects now: 7418.
Memory consumption went from 153.8 MB to 149.5 MB.
Total: 7.454333 ms (FindLiveObjects: 0.354625 ms CreateObjectMapping: 0.221958 ms MarkObjects: 5.252500 ms  DeleteObjects: 1.621500 ms)

Prepare: number of updated asset objects reloaded= 0
========================================================================
Received Import Request.
  Time since last request: 115.313995 seconds.
  path: Assets/Scripts/GameSystem/Answer/AnswerPhaseView.cs
  artifactKey: Guid(5c83fb99002944e3db8ee982f274dc4f) Importer(815301076,1909f56bfc062723c751e8b465ee728b)
Start importing Assets/Scripts/GameSystem/Answer/AnswerPhaseView.cs using Guid(5c83fb99002944e3db8ee982f274dc4f) Importer(815301076,1909f56bfc062723c751e8b465ee728b) (PreviewImporter) -> (artifact id: '85e2b30d0abf5008ed1fa3d239357bd3') in 0.000442625 seconds
Number of updated asset objects reloaded before import = 0Number of asset objects unloaded after import = 0

========================================================================
Received Import Request.
  Time since last request: 0.831755 seconds.
  path: Assets/Scripts/GameSystem/Answer/AnswerPhaseView.cs
  artifactKey: Guid(5c83fb99002944e3db8ee982f274dc4f) Importer(2089858483,192608db42251d675da83286b1cce702)
Start importing Assets/Scripts/GameSystem/Answer/AnswerPhaseView.cs using Guid(5c83fb99002944e3db8ee982f274dc4f) Importer(2089858483,192608db42251d675da83286b1cce702) (ScriptedImporter) -> (artifact id: '8371ccd1f4d212a7002a33385aa86812') in 0.161352083 seconds
Number of updated asset objects reloaded before import = 0Number of asset objects unloaded after import = 0

========================================================================
Received Prepare
Refreshing native plugins compatible for Editor in 1.10 ms, found 5 plugins.
Preloading 0 native plugins for Editor in 0.00 ms.
Unloading 14 Unused Serialized files (Serialized files now loaded: 0)
Unloading 6572 unused Assets / (3.8 MB). Loaded Objects now: 7418.
Memory consumption went from 153.8 MB to 150.0 MB.
Total: 7.233541 ms (FindLiveObjects: 0.348959 ms CreateObjectMapping: 0.205834 ms MarkObjects: 4.887125 ms  DeleteObjects: 1.790959 ms)

Prepare: number of updated asset objects reloaded= 0
========================================================================
Received Import Request.
  Time since last request: 330.464330 seconds.
  path: Assets/Scripts/GameSystem/Answer/AnswerPhaseView.cs
  artifactKey: Guid(5c83fb99002944e3db8ee982f274dc4f) Importer(815301076,1909f56bfc062723c751e8b465ee728b)
Start importing Assets/Scripts/GameSystem/Answer/AnswerPhaseView.cs using Guid(5c83fb99002944e3db8ee982f274dc4f) Importer(815301076,1909f56bfc062723c751e8b465ee728b) (PreviewImporter) -> (artifact id: 'a6993128c9486717b40746c948861e54') in 0.000563625 seconds
Number of updated asset objects reloaded before import = 0Number of asset objects unloaded after import = 0

========================================================================
Received Import Request.
  Time since last request: 0.789398 seconds.
  path: Assets/Scripts/GameSystem/Answer/AnswerPhaseView.cs
  artifactKey: Guid(5c83fb99002944e3db8ee982f274dc4f) Importer(2089858483,192608db42251d675da83286b1cce702)
Start importing Assets/Scripts/GameSystem/Answer/AnswerPhaseView.cs using Guid(5c83fb99002944e3db8ee982f274dc4f) Importer(2089858483,192608db42251d675da83286b1cce702) (ScriptedImporter) -> (artifact id: '6433092ac5b21b95d7d4eea43c27377a') in 0.002853417 seconds
Number of updated asset objects reloaded before import = 0Number of asset objects unloaded after import = 0

========================================================================
Received Prepare
Refreshing native plugins compatible for Editor in 1.16 ms, found 5 plugins.
Preloading 0 native plugins for Editor in 0.00 ms.
Unloading 14 Unused Serialized files (Serialized files now loaded: 0)
Unloading 6572 unused Assets / (4.1 MB). Loaded Objects now: 7418.
Memory consumption went from 153.8 MB to 149.7 MB.
Total: 7.123167 ms (FindLiveObjects: 0.346583 ms CreateObjectMapping: 0.215667 ms MarkObjects: 4.851583 ms  DeleteObjects: 1.707958 ms)

Prepare: number of updated asset objects reloaded= 0
========================================================================
Received Import Request.
  Time since last request: 73.677742 seconds.
  path: Assets/Scripts/GameSystem/Answer/AnswerPhaseView.cs
  artifactKey: Guid(5c83fb99002944e3db8ee982f274dc4f) Importer(815301076,1909f56bfc062723c751e8b465ee728b)
Start importing Assets/Scripts/GameSystem/Answer/AnswerPhaseView.cs using Guid(5c83fb99002944e3db8ee982f274dc4f) Importer(815301076,1909f56bfc062723c751e8b465ee728b) (PreviewImporter) -> (artifact id: '7ce7a896b7ddef3943a3606592da960c') in 0.000602209 seconds
Number of updated asset objects reloaded before import = 0Number of asset objects unloaded after import = 0

========================================================================
Received Import Request.
  Time since last request: 0.785311 seconds.
  path: Assets/Scripts/GameSystem/Answer/AnswerPhaseView.cs
  artifactKey: Guid(5c83fb99002944e3db8ee982f274dc4f) Importer(2089858483,192608db42251d675da83286b1cce702)
Start importing Assets/Scripts/GameSystem/Answer/AnswerPhaseView.cs using Guid(5c83fb99002944e3db8ee982f274dc4f) Importer(2089858483,192608db42251d675da83286b1cce702) (ScriptedImporter) -> (artifact id: 'b03f13b9e532fc4272b87120a485bd10') in 0.002370417 seconds
Number of updated asset objects reloaded before import = 0Number of asset objects unloaded after import = 0

========================================================================
Received Prepare
Refreshing native plugins compatible for Editor in 1.07 ms, found 5 plugins.
Preloading 0 native plugins for Editor in 0.00 ms.
Unloading 14 Unused Serialized files (Serialized files now loaded: 0)
Unloading 6572 unused Assets / (3.9 MB). Loaded Objects now: 7418.
Memory consumption went from 153.8 MB to 149.9 MB.
Total: 7.098875 ms (FindLiveObjects: 0.349334 ms CreateObjectMapping: 0.208166 ms MarkObjects: 4.830667 ms  DeleteObjects: 1.710125 ms)

Prepare: number of updated asset objects reloaded= 0
========================================================================
Received Import Request.
  Time since last request: 15.437240 seconds.
  path: Assets/Scripts/GameSystem/Answer/AnswerPhaseView.cs
  artifactKey: Guid(5c83fb99002944e3db8ee982f274dc4f) Importer(815301076,1909f56bfc062723c751e8b465ee728b)
Start importing Assets/Scripts/GameSystem/Answer/AnswerPhaseView.cs using Guid(5c83fb99002944e3db8ee982f274dc4f) Importer(815301076,1909f56bfc062723c751e8b465ee728b) (PreviewImporter) -> (artifact id: 'ae75b36fed5d9044a600998214996e1b') in 0.000401875 seconds
Number of updated asset objects reloaded before import = 0Number of asset objects unloaded after import = 0

========================================================================
Received Prepare
Begin MonoManager ReloadAssembly
Thread 0x17f9af000 may have been prematurely finalized
- Loaded All Assemblies, in  0.610 seconds
Refreshing native plugins compatible for Editor in 0.97 ms, found 5 plugins.
Native extension for LinuxStandalone target not found
Native extension for iOS target not found
Native extension for Android target not found
Native extension for OSXStandalone target not found
Native extension for WebGL target not found
Mono: successfully reloaded assembly
- Finished resetting the current domain, in  0.750 seconds
Domain Reload Profiling: 1363ms
	BeginReloadAssembly (163ms)
		ExecutionOrderSort (0ms)
		DisableScriptedObjects (5ms)
		BackupInstance (0ms)
		ReleaseScriptingObjects (0ms)
		CreateAndSetChildDomain (84ms)
	RebuildCommonClasses (33ms)
	RebuildNativeTypeToScriptingClass (12ms)
	initialDomainReloadingComplete (20ms)
	LoadAllAssembliesAndSetupDomain (383ms)
		LoadAssemblies (249ms)
		RebuildTransferFunctionScriptingTraits (0ms)
		AnalyzeDomain (174ms)
			TypeCache.Refresh (12ms)
				TypeCache.ScanAssembly (1ms)
			BuildScriptInfoCaches (147ms)
			ResolveRequiredComponents (13ms)
	FinalizeReload (751ms)
		ReleaseScriptCaches (0ms)
		RebuildScriptCaches (0ms)
		SetupLoadedEditorAssemblies (580ms)
			LogAssemblyErrors (0ms)
			InitializePlatformSupportModulesInManaged (43ms)
			SetLoadedEditorAssemblies (5ms)
			BeforeProcessingInitializeOnLoad (104ms)
			ProcessInitializeOnLoadAttributes (381ms)
			ProcessInitializeOnLoadMethodAttributes (46ms)
			AfterProcessingInitializeOnLoad (1ms)
			EditorAssembliesLoaded (0ms)
		ExecutionOrderSort2 (0ms)
		AwakeInstancesAfterBackupRestoration (8ms)
Refreshing native plugins compatible for Editor in 0.98 ms, found 5 plugins.
Preloading 0 native plugins for Editor in 0.00 ms.
Unloading 14 Unused Serialized files (Serialized files now loaded: 0)
Unloading 6591 unused Assets / (3.3 MB). Loaded Objects now: 7420.
Memory consumption went from 159.2 MB to 155.9 MB.
Total: 7.702833 ms (FindLiveObjects: 0.372458 ms CreateObjectMapping: 0.297083 ms MarkObjects: 5.188416 ms  DeleteObjects: 1.843667 ms)

Prepare: number of updated asset objects reloaded= 0
========================================================================
Received Import Request.
  Time since last request: 6.315339 seconds.
  path: Assets/Scripts/GameSystem/Answer/AnswerPhaseView.cs
  artifactKey: Guid(5c83fb99002944e3db8ee982f274dc4f) Importer(2089858483,192608db42251d675da83286b1cce702)
Start importing Assets/Scripts/GameSystem/Answer/AnswerPhaseView.cs using Guid(5c83fb99002944e3db8ee982f274dc4f) Importer(2089858483,192608db42251d675da83286b1cce702) (ScriptedImporter) -> (artifact id: 'd9060316724825403820b94612ecfb46') in 0.149248166 seconds
Number of updated asset objects reloaded before import = 0Number of asset objects unloaded after import = 0

========================================================================
Received Prepare
Refreshing native plugins compatible for Editor in 1.48 ms, found 5 plugins.
Preloading 0 native plugins for Editor in 0.00 ms.
Unloading 14 Unused Serialized files (Serialized files now loaded: 0)
Unloading 6572 unused Assets / (3.7 MB). Loaded Objects now: 7420.
Memory consumption went from 153.8 MB to 150.1 MB.
Total: 7.503750 ms (FindLiveObjects: 0.373959 ms CreateObjectMapping: 0.220000 ms MarkObjects: 5.167250 ms  DeleteObjects: 1.741958 ms)

Prepare: number of updated asset objects reloaded= 0
========================================================================
Received Import Request.
  Time since last request: 73.567529 seconds.
  path: Assets/Scripts/GameSystem/Answer/AnswerPhaseView.cs
  artifactKey: Guid(5c83fb99002944e3db8ee982f274dc4f) Importer(815301076,1909f56bfc062723c751e8b465ee728b)
Start importing Assets/Scripts/GameSystem/Answer/AnswerPhaseView.cs using Guid(5c83fb99002944e3db8ee982f274dc4f) Importer(815301076,1909f56bfc062723c751e8b465ee728b) (PreviewImporter) -> (artifact id: '1ce06b924b1eca0aca07dc217644aadf') in 0.000651542 seconds
Number of updated asset objects reloaded before import = 0Number of asset objects unloaded after import = 0

========================================================================
Received Prepare
Begin MonoManager ReloadAssembly
Thread 0x17f9af000 may have been prematurely finalized
- Loaded All Assemblies, in  0.622 seconds
Refreshing native plugins compatible for Editor in 0.96 ms, found 5 plugins.
Native extension for LinuxStandalone target not found
Native extension for iOS target not found
Native extension for Android target not found
Native extension for OSXStandalone target not found
Native extension for WebGL target not found
Mono: successfully reloaded assembly
- Finished resetting the current domain, in  0.748 seconds
Domain Reload Profiling: 1373ms
	BeginReloadAssembly (171ms)
		ExecutionOrderSort (0ms)
		DisableScriptedObjects (5ms)
		BackupInstance (0ms)
		ReleaseScriptingObjects (0ms)
		CreateAndSetChildDomain (87ms)
	RebuildCommonClasses (35ms)
	RebuildNativeTypeToScriptingClass (13ms)
	initialDomainReloadingComplete (21ms)
	LoadAllAssembliesAndSetupDomain (385ms)
		LoadAssemblies (245ms)
		RebuildTransferFunctionScriptingTraits (0ms)
		AnalyzeDomain (184ms)
			TypeCache.Refresh (14ms)
				TypeCache.ScanAssembly (1ms)
			BuildScriptInfoCaches (154ms)
			ResolveRequiredComponents (13ms)
	FinalizeReload (748ms)
		ReleaseScriptCaches (0ms)
		RebuildScriptCaches (0ms)
		SetupLoadedEditorAssemblies (572ms)
			LogAssemblyErrors (0ms)
			InitializePlatformSupportModulesInManaged (42ms)
			SetLoadedEditorAssemblies (5ms)
			BeforeProcessingInitializeOnLoad (107ms)
			ProcessInitializeOnLoadAttributes (373ms)
			ProcessInitializeOnLoadMethodAttributes (44ms)
			AfterProcessingInitializeOnLoad (1ms)
			EditorAssembliesLoaded (0ms)
		ExecutionOrderSort2 (0ms)
		AwakeInstancesAfterBackupRestoration (7ms)
Refreshing native plugins compatible for Editor in 0.97 ms, found 5 plugins.
Preloading 0 native plugins for Editor in 0.00 ms.
Unloading 14 Unused Serialized files (Serialized files now loaded: 0)
Unloading 6591 unused Assets / (4.2 MB). Loaded Objects now: 7422.
Memory consumption went from 159.1 MB to 154.8 MB.
Total: 7.746125 ms (FindLiveObjects: 0.384375 ms CreateObjectMapping: 0.308542 ms MarkObjects: 5.150083 ms  DeleteObjects: 1.902125 ms)

Prepare: number of updated asset objects reloaded= 0
========================================================================
Received Import Request.
  Time since last request: 6.258585 seconds.
  path: Assets/Scripts/GameSystem/Answer/AnswerPhaseView.cs
  artifactKey: Guid(5c83fb99002944e3db8ee982f274dc4f) Importer(2089858483,192608db42251d675da83286b1cce702)
Start importing Assets/Scripts/GameSystem/Answer/AnswerPhaseView.cs using Guid(5c83fb99002944e3db8ee982f274dc4f) Importer(2089858483,192608db42251d675da83286b1cce702) (ScriptedImporter) -> (artifact id: 'b5c131d066026a38d2169cd91a23b506') in 0.142715875 seconds
Number of updated asset objects reloaded before import = 0Number of asset objects unloaded after import = 0

========================================================================
Received Prepare
Refreshing native plugins compatible for Editor in 1.15 ms, found 5 plugins.
Preloading 0 native plugins for Editor in 0.00 ms.
Unloading 14 Unused Serialized files (Serialized files now loaded: 0)
Unloading 6572 unused Assets / (4.1 MB). Loaded Objects now: 7422.
Memory consumption went from 153.8 MB to 149.7 MB.
Total: 7.370083 ms (FindLiveObjects: 0.373167 ms CreateObjectMapping: 0.229042 ms MarkObjects: 5.025791 ms  DeleteObjects: 1.741541 ms)

Prepare: number of updated asset objects reloaded= 0
========================================================================
Received Prepare
Begin MonoManager ReloadAssembly
Thread 0x17f9af000 may have been prematurely finalized
- Loaded All Assemblies, in  0.588 seconds
Refreshing native plugins compatible for Editor in 0.94 ms, found 5 plugins.
Native extension for LinuxStandalone target not found
Native extension for iOS target not found
Native extension for Android target not found
Native extension for OSXStandalone target not found
Native extension for WebGL target not found
Mono: successfully reloaded assembly
- Finished resetting the current domain, in  0.737 seconds
Domain Reload Profiling: 1328ms
	BeginReloadAssembly (164ms)
		ExecutionOrderSort (0ms)
		DisableScriptedObjects (5ms)
		BackupInstance (0ms)
		ReleaseScriptingObjects (0ms)
		CreateAndSetChildDomain (82ms)
	RebuildCommonClasses (32ms)
	RebuildNativeTypeToScriptingClass (12ms)
	initialDomainReloadingComplete (20ms)
	LoadAllAssembliesAndSetupDomain (361ms)
		LoadAssemblies (230ms)
		RebuildTransferFunctionScriptingTraits (0ms)
		AnalyzeDomain (173ms)
			TypeCache.Refresh (12ms)
				TypeCache.ScanAssembly (1ms)
			BuildScriptInfoCaches (146ms)
			ResolveRequiredComponents (13ms)
	FinalizeReload (738ms)
		ReleaseScriptCaches (0ms)
		RebuildScriptCaches (0ms)
		SetupLoadedEditorAssemblies (569ms)
			LogAssemblyErrors (0ms)
			InitializePlatformSupportModulesInManaged (41ms)
			SetLoadedEditorAssemblies (4ms)
			BeforeProcessingInitializeOnLoad (102ms)
			ProcessInitializeOnLoadAttributes (377ms)
			ProcessInitializeOnLoadMethodAttributes (43ms)
			AfterProcessingInitializeOnLoad (1ms)
			EditorAssembliesLoaded (0ms)
		ExecutionOrderSort2 (0ms)
		AwakeInstancesAfterBackupRestoration (7ms)
Refreshing native plugins compatible for Editor in 0.95 ms, found 5 plugins.
Preloading 0 native plugins for Editor in 0.00 ms.
Unloading 14 Unused Serialized files (Serialized files now loaded: 0)
Unloading 6591 unused Assets / (4.2 MB). Loaded Objects now: 7424.
Memory consumption went from 158.9 MB to 154.7 MB.
Total: 7.515791 ms (FindLiveObjects: 0.384167 ms CreateObjectMapping: 0.319917 ms MarkObjects: 5.038000 ms  DeleteObjects: 1.773292 ms)

Prepare: number of updated asset objects reloaded= 0
========================================================================
Received Import Request.
  Time since last request: 17.995175 seconds.
  path: Assets/Scripts/GameSystem/Answer/PlayerAnswer.cs
  artifactKey: Guid(ec4a9223debf144f79d33ef4eb1872f1) Importer(2089858483,192608db42251d675da83286b1cce702)
Start importing Assets/Scripts/GameSystem/Answer/PlayerAnswer.cs using Guid(ec4a9223debf144f79d33ef4eb1872f1) Importer(2089858483,192608db42251d675da83286b1cce702) (ScriptedImporter) -> (artifact id: 'ed72eed68bf213554a9051c0fa02386b') in 0.148533792 seconds
Number of updated asset objects reloaded before import = 0Number of asset objects unloaded after import = 0

========================================================================
Received Prepare
Refreshing native plugins compatible for Editor in 1.05 ms, found 5 plugins.
Preloading 0 native plugins for Editor in 0.00 ms.
Unloading 14 Unused Serialized files (Serialized files now loaded: 0)
Unloading 6572 unused Assets / (4.2 MB). Loaded Objects now: 7424.
Memory consumption went from 153.8 MB to 149.6 MB.
Total: 7.645709 ms (FindLiveObjects: 0.392042 ms CreateObjectMapping: 0.227417 ms MarkObjects: 5.096333 ms  DeleteObjects: 1.929000 ms)

Prepare: number of updated asset objects reloaded= 0
========================================================================
Received Prepare
Begin MonoManager ReloadAssembly
Thread 0x17f9b7000 may have been prematurely finalized
- Loaded All Assemblies, in  0.593 seconds
Refreshing native plugins compatible for Editor in 0.97 ms, found 5 plugins.
Native extension for LinuxStandalone target not found
Native extension for iOS target not found
Native extension for Android target not found
Native extension for OSXStandalone target not found
Native extension for WebGL target not found
Mono: successfully reloaded assembly
- Finished resetting the current domain, in  0.735 seconds
Domain Reload Profiling: 1330ms
	BeginReloadAssembly (167ms)
		ExecutionOrderSort (0ms)
		DisableScriptedObjects (5ms)
		BackupInstance (0ms)
		ReleaseScriptingObjects (0ms)
		CreateAndSetChildDomain (87ms)
	RebuildCommonClasses (33ms)
	RebuildNativeTypeToScriptingClass (12ms)
	initialDomainReloadingComplete (20ms)
	LoadAllAssembliesAndSetupDomain (363ms)
		LoadAssemblies (230ms)
		RebuildTransferFunctionScriptingTraits (0ms)
		AnalyzeDomain (173ms)
			TypeCache.Refresh (12ms)
				TypeCache.ScanAssembly (1ms)
			BuildScriptInfoCaches (147ms)
			ResolveRequiredComponents (13ms)
	FinalizeReload (735ms)
		ReleaseScriptCaches (0ms)
		RebuildScriptCaches (0ms)
		SetupLoadedEditorAssemblies (567ms)
			LogAssemblyErrors (0ms)
			InitializePlatformSupportModulesInManaged (42ms)
			SetLoadedEditorAssemblies (4ms)
			BeforeProcessingInitializeOnLoad (104ms)
			ProcessInitializeOnLoadAttributes (372ms)
			ProcessInitializeOnLoadMethodAttributes (44ms)
			AfterProcessingInitializeOnLoad (1ms)
			EditorAssembliesLoaded (0ms)
		ExecutionOrderSort2 (0ms)
		AwakeInstancesAfterBackupRestoration (7ms)
Refreshing native plugins compatible for Editor in 0.95 ms, found 5 plugins.
Preloading 0 native plugins for Editor in 0.00 ms.
Unloading 14 Unused Serialized files (Serialized files now loaded: 0)
Unloading 6591 unused Assets / (4.0 MB). Loaded Objects now: 7426.
Memory consumption went from 158.8 MB to 154.8 MB.
Total: 7.373708 ms (FindLiveObjects: 0.345583 ms CreateObjectMapping: 0.282500 ms MarkObjects: 4.845375 ms  DeleteObjects: 1.899583 ms)

Prepare: number of updated asset objects reloaded= 0
========================================================================
Received Import Request.
  Time since last request: 31.883749 seconds.
  path: Assets/Scripts/GameSystem/Answer/PlayerAnswer.cs
  artifactKey: Guid(ec4a9223debf144f79d33ef4eb1872f1) Importer(2089858483,192608db42251d675da83286b1cce702)
Start importing Assets/Scripts/GameSystem/Answer/PlayerAnswer.cs using Guid(ec4a9223debf144f79d33ef4eb1872f1) Importer(2089858483,192608db42251d675da83286b1cce702) (ScriptedImporter) -> (artifact id: '3af133296d423810a7073a822ebc1867') in 0.149915458 seconds
Number of updated asset objects reloaded before import = 0Number of asset objects unloaded after import = 0

========================================================================
Received Prepare
Refreshing native plugins compatible for Editor in 1.32 ms, found 5 plugins.
Preloading 0 native plugins for Editor in 0.00 ms.
Unloading 14 Unused Serialized files (Serialized files now loaded: 0)
Unloading 6572 unused Assets / (4.4 MB). Loaded Objects now: 7426.
Memory consumption went from 153.8 MB to 149.4 MB.
Total: 7.629000 ms (FindLiveObjects: 0.395666 ms CreateObjectMapping: 0.221042 ms MarkObjects: 5.173791 ms  DeleteObjects: 1.837791 ms)

Prepare: number of updated asset objects reloaded= 0
========================================================================
Received Import Request.
  Time since last request: 39.750225 seconds.
  path: Assets/Scripts/GameSystem/Answer/AnswerPhaseView.cs
  artifactKey: Guid(5c83fb99002944e3db8ee982f274dc4f) Importer(815301076,1909f56bfc062723c751e8b465ee728b)
Start importing Assets/Scripts/GameSystem/Answer/AnswerPhaseView.cs using Guid(5c83fb99002944e3db8ee982f274dc4f) Importer(815301076,1909f56bfc062723c751e8b465ee728b) (PreviewImporter) -> (artifact id: 'b65238668ae9a54d8a54835dd37ef5da') in 0.000646083 seconds
Number of updated asset objects reloaded before import = 0Number of asset objects unloaded after import = 0

========================================================================
Received Prepare
Begin MonoManager ReloadAssembly
Thread 0x17f9af000 may have been prematurely finalized
- Loaded All Assemblies, in  0.612 seconds
Refreshing native plugins compatible for Editor in 0.95 ms, found 5 plugins.
Native extension for LinuxStandalone target not found
Native extension for iOS target not found
Native extension for Android target not found
Native extension for OSXStandalone target not found
Native extension for WebGL target not found
Mono: successfully reloaded assembly
- Finished resetting the current domain, in  0.751 seconds
Domain Reload Profiling: 1367ms
	BeginReloadAssembly (168ms)
		ExecutionOrderSort (0ms)
		DisableScriptedObjects (5ms)
		BackupInstance (0ms)
		ReleaseScriptingObjects (0ms)
		CreateAndSetChildDomain (85ms)
	RebuildCommonClasses (35ms)
	RebuildNativeTypeToScriptingClass (13ms)
	initialDomainReloadingComplete (21ms)
	LoadAllAssembliesAndSetupDomain (378ms)
		LoadAssemblies (247ms)
		RebuildTransferFunctionScriptingTraits (0ms)
		AnalyzeDomain (175ms)
			TypeCache.Refresh (13ms)
				TypeCache.ScanAssembly (1ms)
			BuildScriptInfoCaches (145ms)
			ResolveRequiredComponents (14ms)
	FinalizeReload (752ms)
		ReleaseScriptCaches (0ms)
		RebuildScriptCaches (0ms)
		SetupLoadedEditorAssemblies (579ms)
			LogAssemblyErrors (0ms)
			InitializePlatformSupportModulesInManaged (43ms)
			SetLoadedEditorAssemblies (4ms)
			BeforeProcessingInitializeOnLoad (104ms)
			ProcessInitializeOnLoadAttributes (380ms)
			ProcessInitializeOnLoadMethodAttributes (47ms)
			AfterProcessingInitializeOnLoad (1ms)
			EditorAssembliesLoaded (0ms)
		ExecutionOrderSort2 (0ms)
		AwakeInstancesAfterBackupRestoration (7ms)
Refreshing native plugins compatible for Editor in 1.03 ms, found 5 plugins.
Preloading 0 native plugins for Editor in 0.00 ms.
Unloading 14 Unused Serialized files (Serialized files now loaded: 0)
Unloading 6591 unused Assets / (4.1 MB). Loaded Objects now: 7428.
Memory consumption went from 158.7 MB to 154.6 MB.
Total: 7.829833 ms (FindLiveObjects: 0.389583 ms CreateObjectMapping: 0.289458 ms MarkObjects: 5.157458 ms  DeleteObjects: 1.992541 ms)

Prepare: number of updated asset objects reloaded= 0
========================================================================
Received Import Request.
  Time since last request: 6.356225 seconds.
  path: Assets/Scripts/GameSystem/Answer/AnswerPhaseView.cs
  artifactKey: Guid(5c83fb99002944e3db8ee982f274dc4f) Importer(2089858483,192608db42251d675da83286b1cce702)
Start importing Assets/Scripts/GameSystem/Answer/AnswerPhaseView.cs using Guid(5c83fb99002944e3db8ee982f274dc4f) Importer(2089858483,192608db42251d675da83286b1cce702) (ScriptedImporter) -> (artifact id: 'e1ccc63185c09700b1399100b9e074ad') in 0.149964541 seconds
Number of updated asset objects reloaded before import = 0Number of asset objects unloaded after import = 0

========================================================================
Received Prepare
Refreshing native plugins compatible for Editor in 1.19 ms, found 5 plugins.
Preloading 0 native plugins for Editor in 0.00 ms.
Unloading 14 Unused Serialized files (Serialized files now loaded: 0)
Unloading 6572 unused Assets / (3.9 MB). Loaded Objects now: 7428.
Memory consumption went from 153.8 MB to 149.9 MB.
Total: 7.268584 ms (FindLiveObjects: 0.347375 ms CreateObjectMapping: 0.216916 ms MarkObjects: 4.969834 ms  DeleteObjects: 1.733958 ms)

Prepare: number of updated asset objects reloaded= 0
========================================================================
Received Import Request.
  Time since last request: 65.258387 seconds.
  path: Assets/Scripts/GameSystem/Answer/AnswerPhaseView.cs
  artifactKey: Guid(5c83fb99002944e3db8ee982f274dc4f) Importer(815301076,1909f56bfc062723c751e8b465ee728b)
Start importing Assets/Scripts/GameSystem/Answer/AnswerPhaseView.cs using Guid(5c83fb99002944e3db8ee982f274dc4f) Importer(815301076,1909f56bfc062723c751e8b465ee728b) (PreviewImporter) -> (artifact id: 'e2968c0b1df72025bb67b84a9d7cd541') in 0.000487459 seconds
Number of updated asset objects reloaded before import = 0Number of asset objects unloaded after import = 0

========================================================================
Received Import Request.
  Time since last request: 0.781674 seconds.
  path: Assets/Scripts/GameSystem/Answer/AnswerPhaseView.cs
  artifactKey: Guid(5c83fb99002944e3db8ee982f274dc4f) Importer(2089858483,192608db42251d675da83286b1cce702)
Start importing Assets/Scripts/GameSystem/Answer/AnswerPhaseView.cs using Guid(5c83fb99002944e3db8ee982f274dc4f) Importer(2089858483,192608db42251d675da83286b1cce702) (ScriptedImporter) -> (artifact id: 'ee5636de1a6917c48f1f01c14821a928') in 0.0025665 seconds
Number of updated asset objects reloaded before import = 0Number of asset objects unloaded after import = 0

========================================================================
Received Prepare
Begin MonoManager ReloadAssembly
Thread 0x17f9af000 may have been prematurely finalized
- Loaded All Assemblies, in  0.615 seconds
Refreshing native plugins compatible for Editor in 1.01 ms, found 5 plugins.
Native extension for LinuxStandalone target not found
Native extension for iOS target not found
Native extension for Android target not found
Native extension for OSXStandalone target not found
Native extension for WebGL target not found
Mono: successfully reloaded assembly
- Finished resetting the current domain, in  0.746 seconds
Domain Reload Profiling: 1363ms
	BeginReloadAssembly (169ms)
		ExecutionOrderSort (0ms)
		DisableScriptedObjects (5ms)
		BackupInstance (0ms)
		ReleaseScriptingObjects (0ms)
		CreateAndSetChildDomain (86ms)
	RebuildCommonClasses (33ms)
	RebuildNativeTypeToScriptingClass (13ms)
	initialDomainReloadingComplete (21ms)
	LoadAllAssembliesAndSetupDomain (382ms)
		LoadAssemblies (241ms)
		RebuildTransferFunctionScriptingTraits (0ms)
		AnalyzeDomain (183ms)
			TypeCache.Refresh (12ms)
				TypeCache.ScanAssembly (1ms)
			BuildScriptInfoCaches (155ms)
			ResolveRequiredComponents (14ms)
	FinalizeReload (746ms)
		ReleaseScriptCaches (0ms)
		RebuildScriptCaches (0ms)
		SetupLoadedEditorAssemblies (573ms)
			LogAssemblyErrors (0ms)
			InitializePlatformSupportModulesInManaged (41ms)
			SetLoadedEditorAssemblies (5ms)
			BeforeProcessingInitializeOnLoad (106ms)
			ProcessInitializeOnLoadAttributes (375ms)
			ProcessInitializeOnLoadMethodAttributes (46ms)
			AfterProcessingInitializeOnLoad (1ms)
			EditorAssembliesLoaded (0ms)
		ExecutionOrderSort2 (0ms)
		AwakeInstancesAfterBackupRestoration (8ms)
Refreshing native plugins compatible for Editor in 1.26 ms, found 5 plugins.
Preloading 0 native plugins for Editor in 0.00 ms.
Unloading 14 Unused Serialized files (Serialized files now loaded: 0)
Unloading 6591 unused Assets / (3.7 MB). Loaded Objects now: 7430.
Memory consumption went from 158.6 MB to 155.0 MB.
Total: 7.991791 ms (FindLiveObjects: 0.366167 ms CreateObjectMapping: 0.302458 ms MarkObjects: 5.319083 ms  DeleteObjects: 2.002916 ms)

Prepare: number of updated asset objects reloaded= 0
========================================================================
Received Prepare
Refreshing native plugins compatible for Editor in 1.11 ms, found 5 plugins.
Preloading 0 native plugins for Editor in 0.00 ms.
Unloading 14 Unused Serialized files (Serialized files now loaded: 0)
Unloading 6572 unused Assets / (4.0 MB). Loaded Objects now: 7430.
Memory consumption went from 153.8 MB to 149.8 MB.
Total: 7.123958 ms (FindLiveObjects: 0.352500 ms CreateObjectMapping: 0.215000 ms MarkObjects: 4.819333 ms  DeleteObjects: 1.736666 ms)

Prepare: number of updated asset objects reloaded= 0
========================================================================
Received Prepare
Begin MonoManager ReloadAssembly
Thread 0x17f9af000 may have been prematurely finalized
- Loaded All Assemblies, in  0.598 seconds
Refreshing native plugins compatible for Editor in 0.97 ms, found 5 plugins.
Native extension for LinuxStandalone target not found
Native extension for iOS target not found
Native extension for Android target not found
Native extension for OSXStandalone target not found
Native extension for WebGL target not found
Mono: successfully reloaded assembly
- Finished resetting the current domain, in  0.757 seconds
Domain Reload Profiling: 1358ms
	BeginReloadAssembly (150ms)
		ExecutionOrderSort (0ms)
		DisableScriptedObjects (5ms)
		BackupInstance (0ms)
		ReleaseScriptingObjects (0ms)
		CreateAndSetChildDomain (67ms)
	RebuildCommonClasses (35ms)
	RebuildNativeTypeToScriptingClass (13ms)
	initialDomainReloadingComplete (21ms)
	LoadAllAssembliesAndSetupDomain (382ms)
		LoadAssemblies (244ms)
		RebuildTransferFunctionScriptingTraits (0ms)
		AnalyzeDomain (181ms)
			TypeCache.Refresh (12ms)
				TypeCache.ScanAssembly (1ms)
			BuildScriptInfoCaches (153ms)
			ResolveRequiredComponents (14ms)
	FinalizeReload (757ms)
		ReleaseScriptCaches (0ms)
		RebuildScriptCaches (0ms)
		SetupLoadedEditorAssemblies (582ms)
			LogAssemblyErrors (0ms)
			InitializePlatformSupportModulesInManaged (45ms)
			SetLoadedEditorAssemblies (4ms)
			BeforeProcessingInitializeOnLoad (103ms)
			ProcessInitializeOnLoadAttributes (380ms)
			ProcessInitializeOnLoadMethodAttributes (49ms)
			AfterProcessingInitializeOnLoad (1ms)
			EditorAssembliesLoaded (0ms)
		ExecutionOrderSort2 (0ms)
		AwakeInstancesAfterBackupRestoration (8ms)
Refreshing native plugins compatible for Editor in 1.05 ms, found 5 plugins.
Preloading 0 native plugins for Editor in 0.00 ms.
Unloading 14 Unused Serialized files (Serialized files now loaded: 0)
Unloading 6591 unused Assets / (4.0 MB). Loaded Objects now: 7432.
Memory consumption went from 158.5 MB to 154.5 MB.
Total: 8.066125 ms (FindLiveObjects: 0.389917 ms CreateObjectMapping: 0.319083 ms MarkObjects: 5.208500 ms  DeleteObjects: 2.148083 ms)

Prepare: number of updated asset objects reloaded= 0
========================================================================
Received Import Request.
  Time since last request: 17.386343 seconds.
  path: Assets/Scripts/GameSystem/Answer/PlayerAnswer.cs
  artifactKey: Guid(ec4a9223debf144f79d33ef4eb1872f1) Importer(2089858483,192608db42251d675da83286b1cce702)
Start importing Assets/Scripts/GameSystem/Answer/PlayerAnswer.cs using Guid(ec4a9223debf144f79d33ef4eb1872f1) Importer(2089858483,192608db42251d675da83286b1cce702) (ScriptedImporter) -> (artifact id: 'ba544790c041d4095abbbddec820768f') in 0.142625875 seconds
Number of updated asset objects reloaded before import = 0Number of asset objects unloaded after import = 0

========================================================================
Received Prepare
Refreshing native plugins compatible for Editor in 1.09 ms, found 5 plugins.
Preloading 0 native plugins for Editor in 0.00 ms.
Unloading 14 Unused Serialized files (Serialized files now loaded: 0)
Unloading 6572 unused Assets / (4.2 MB). Loaded Objects now: 7432.
Memory consumption went from 153.8 MB to 149.7 MB.
Total: 7.636042 ms (FindLiveObjects: 0.397292 ms CreateObjectMapping: 0.239416 ms MarkObjects: 5.129458 ms  DeleteObjects: 1.869292 ms)

Prepare: number of updated asset objects reloaded= 0
========================================================================
Received Import Request.
  Time since last request: 260.547598 seconds.
  path: Assets/Scripts/GameSystem/Answer/AnswerPhaseView.cs
  artifactKey: Guid(5c83fb99002944e3db8ee982f274dc4f) Importer(815301076,1909f56bfc062723c751e8b465ee728b)
Start importing Assets/Scripts/GameSystem/Answer/AnswerPhaseView.cs using Guid(5c83fb99002944e3db8ee982f274dc4f) Importer(815301076,1909f56bfc062723c751e8b465ee728b) (PreviewImporter) -> (artifact id: '939c2d5f102a5c3503c87e73be1d26b7') in 0.000473208 seconds
Number of updated asset objects reloaded before import = 0Number of asset objects unloaded after import = 0

========================================================================
Received Import Request.
  Time since last request: 0.837298 seconds.
  path: Assets/Scripts/GameSystem/Answer/AnswerPhaseView.cs
  artifactKey: Guid(5c83fb99002944e3db8ee982f274dc4f) Importer(2089858483,192608db42251d675da83286b1cce702)
Start importing Assets/Scripts/GameSystem/Answer/AnswerPhaseView.cs using Guid(5c83fb99002944e3db8ee982f274dc4f) Importer(2089858483,192608db42251d675da83286b1cce702) (ScriptedImporter) -> (artifact id: 'f07e88dfd9843c1eabab05673469241d') in 0.002467625 seconds
Number of updated asset objects reloaded before import = 0Number of asset objects unloaded after import = 0

========================================================================
Received Prepare
Refreshing native plugins compatible for Editor in 0.95 ms, found 5 plugins.
Preloading 0 native plugins for Editor in 0.00 ms.
Unloading 14 Unused Serialized files (Serialized files now loaded: 0)
Unloading 6572 unused Assets / (3.9 MB). Loaded Objects now: 7432.
Memory consumption went from 153.8 MB to 149.9 MB.
Total: 7.408292 ms (FindLiveObjects: 0.388250 ms CreateObjectMapping: 0.230083 ms MarkObjects: 4.948792 ms  DeleteObjects: 1.840667 ms)

Prepare: number of updated asset objects reloaded= 0
========================================================================
Received Import Request.
  Time since last request: 11.677846 seconds.
  path: Assets/Scripts/GameSystem/Answer/AnswerWaiter.cs
  artifactKey: Guid(891f1dd2be08245dfb5f7f43ad37fe81) Importer(2089858483,192608db42251d675da83286b1cce702)
Start importing Assets/Scripts/GameSystem/Answer/AnswerWaiter.cs using Guid(891f1dd2be08245dfb5f7f43ad37fe81) Importer(2089858483,192608db42251d675da83286b1cce702) (ScriptedImporter) -> (artifact id: '0c8fd512098dab4f9ed78d35b41f304f') in 0.002770417 seconds
Number of updated asset objects reloaded before import = 0Number of asset objects unloaded after import = 0

========================================================================
Received Prepare
Refreshing native plugins compatible for Editor in 0.98 ms, found 5 plugins.
Preloading 0 native plugins for Editor in 0.00 ms.
Unloading 14 Unused Serialized files (Serialized files now loaded: 0)
Unloading 6572 unused Assets / (3.9 MB). Loaded Objects now: 7432.
Memory consumption went from 153.8 MB to 150.0 MB.
Total: 7.218334 ms (FindLiveObjects: 0.354500 ms CreateObjectMapping: 0.214375 ms MarkObjects: 4.923459 ms  DeleteObjects: 1.725583 ms)

Prepare: number of updated asset objects reloaded= 0
========================================================================
Received Import Request.
  Time since last request: 68.177663 seconds.
  path: Assets/Scripts/GameSystem/Answer/AnswerWaiter.cs
  artifactKey: Guid(891f1dd2be08245dfb5f7f43ad37fe81) Importer(2089858483,192608db42251d675da83286b1cce702)
Start importing Assets/Scripts/GameSystem/Answer/AnswerWaiter.cs using Guid(891f1dd2be08245dfb5f7f43ad37fe81) Importer(2089858483,192608db42251d675da83286b1cce702) (ScriptedImporter) -> (artifact id: 'd5535d60c86c165287bb141a5e58cd50') in 0.002804333 seconds
Number of updated asset objects reloaded before import = 0Number of asset objects unloaded after import = 0

========================================================================
Received Prepare
Refreshing native plugins compatible for Editor in 0.88 ms, found 5 plugins.
Preloading 0 native plugins for Editor in 0.00 ms.
Unloading 14 Unused Serialized files (Serialized files now loaded: 0)
Unloading 6572 unused Assets / (4.1 MB). Loaded Objects now: 7432.
Memory consumption went from 153.8 MB to 149.8 MB.
Total: 7.925375 ms (FindLiveObjects: 0.401875 ms CreateObjectMapping: 0.276667 ms MarkObjects: 5.283584 ms  DeleteObjects: 1.962875 ms)

Prepare: number of updated asset objects reloaded= 0
========================================================================
Received Prepare
Begin MonoManager ReloadAssembly
Thread 0x17f9af000 may have been prematurely finalized
- Loaded All Assemblies, in  0.582 seconds
Refreshing native plugins compatible for Editor in 0.94 ms, found 5 plugins.
Native extension for LinuxStandalone target not found
Native extension for iOS target not found
Native extension for Android target not found
Native extension for OSXStandalone target not found
Native extension for WebGL target not found
Mono: successfully reloaded assembly
- Finished resetting the current domain, in  0.754 seconds
Domain Reload Profiling: 1339ms
	BeginReloadAssembly (166ms)
		ExecutionOrderSort (0ms)
		DisableScriptedObjects (5ms)
		BackupInstance (0ms)
		ReleaseScriptingObjects (0ms)
		CreateAndSetChildDomain (84ms)
	RebuildCommonClasses (33ms)
	RebuildNativeTypeToScriptingClass (12ms)
	initialDomainReloadingComplete (20ms)
	LoadAllAssembliesAndSetupDomain (353ms)
		LoadAssemblies (229ms)
		RebuildTransferFunctionScriptingTraits (0ms)
		AnalyzeDomain (168ms)
			TypeCache.Refresh (11ms)
				TypeCache.ScanAssembly (1ms)
			BuildScriptInfoCaches (142ms)
			ResolveRequiredComponents (13ms)
	FinalizeReload (755ms)
		ReleaseScriptCaches (0ms)
		RebuildScriptCaches (0ms)
		SetupLoadedEditorAssemblies (585ms)
			LogAssemblyErrors (0ms)
			InitializePlatformSupportModulesInManaged (41ms)
			SetLoadedEditorAssemblies (4ms)
			BeforeProcessingInitializeOnLoad (105ms)
			ProcessInitializeOnLoadAttributes (386ms)
			ProcessInitializeOnLoadMethodAttributes (47ms)
			AfterProcessingInitializeOnLoad (1ms)
			EditorAssembliesLoaded (0ms)
		ExecutionOrderSort2 (0ms)
		AwakeInstancesAfterBackupRestoration (7ms)
Refreshing native plugins compatible for Editor in 0.93 ms, found 5 plugins.
Preloading 0 native plugins for Editor in 0.00 ms.
Unloading 14 Unused Serialized files (Serialized files now loaded: 0)
Unloading 6591 unused Assets / (4.3 MB). Loaded Objects now: 7434.
Memory consumption went from 158.2 MB to 153.9 MB.
Total: 7.303375 ms (FindLiveObjects: 0.338375 ms CreateObjectMapping: 0.272291 ms MarkObjects: 4.879584 ms  DeleteObjects: 1.812375 ms)

Prepare: number of updated asset objects reloaded= 0
========================================================================
Received Import Request.
  Time since last request: 13.282589 seconds.
  path: Assets/Scripts/GameSystem/Answer/PlayerAnswer.cs
  artifactKey: Guid(ec4a9223debf144f79d33ef4eb1872f1) Importer(2089858483,192608db42251d675da83286b1cce702)
Start importing Assets/Scripts/GameSystem/Answer/PlayerAnswer.cs using Guid(ec4a9223debf144f79d33ef4eb1872f1) Importer(2089858483,192608db42251d675da83286b1cce702) (ScriptedImporter) -> (artifact id: '6b265506064ef59c049a82c3ffe6d982') in 0.157376042 seconds
Number of updated asset objects reloaded before import = 0Number of asset objects unloaded after import = 0

========================================================================
Received Import Request.
  Time since last request: 10.327419 seconds.
  path: Assets/Scenes/GameScene.unity
  artifactKey: Guid(6122a9d4ab01d65408e8cfa5c4eea58c) Importer(2089858483,192608db42251d675da83286b1cce702)
Start importing Assets/Scenes/GameScene.unity using Guid(6122a9d4ab01d65408e8cfa5c4eea58c) Importer(2089858483,192608db42251d675da83286b1cce702) (ScriptedImporter) -> (artifact id: '2f2bdf40ff8cc95ab6daafbee897cffd') in 0.009544 seconds
Number of updated asset objects reloaded before import = 0Number of asset objects unloaded after import = 1

========================================================================
Received Import Request.
  Time since last request: 36.783323 seconds.
  path: Assets/Scripts/GameSystem/JobDistribution
  artifactKey: Guid(c5cdcba9b05f44228bb1e0e1fd7a5ad8) Importer(815301076,1909f56bfc062723c751e8b465ee728b)
Start importing Assets/Scripts/GameSystem/JobDistribution using Guid(c5cdcba9b05f44228bb1e0e1fd7a5ad8) Importer(815301076,1909f56bfc062723c751e8b465ee728b) (PreviewImporter) -> (artifact id: 'b4d0a375411ab25fa00d5feb79518c48') in 0.000512375 seconds
Number of updated asset objects reloaded before import = 0Number of asset objects unloaded after import = 0

========================================================================
Received Prepare
Refreshing native plugins compatible for Editor in 1.03 ms, found 5 plugins.
Preloading 0 native plugins for Editor in 0.00 ms.
Unloading 14 Unused Serialized files (Serialized files now loaded: 0)
Unloading 6573 unused Assets / (4.1 MB). Loaded Objects now: 7435.
Memory consumption went from 153.9 MB to 149.7 MB.
Total: 7.038917 ms (FindLiveObjects: 0.346917 ms CreateObjectMapping: 0.217500 ms MarkObjects: 4.797041 ms  DeleteObjects: 1.676791 ms)

Prepare: number of updated asset objects reloaded= 0
========================================================================
Received Import Request.
  Time since last request: 89.152625 seconds.
  path: Assets/Scripts/GameSystem/JobDistribution/RoleDistributionPhaseView.cs
  artifactKey: Guid(c8dc9fe5e5d7d4144b732b953b75f037) Importer(815301076,1909f56bfc062723c751e8b465ee728b)
Start importing Assets/Scripts/GameSystem/JobDistribution/RoleDistributionPhaseView.cs using Guid(c8dc9fe5e5d7d4144b732b953b75f037) Importer(815301076,1909f56bfc062723c751e8b465ee728b) (PreviewImporter) -> (artifact id: 'd9bfae2432c65ac19721e73528f860d7') in 0.000651708 seconds
Number of updated asset objects reloaded before import = 0Number of asset objects unloaded after import = 0

========================================================================
Received Import Request.
  Time since last request: 0.434788 seconds.
  path: Assets/Scripts/GameSystem/JobDistribution/RoleDistributionPhaseView.cs
  artifactKey: Guid(c8dc9fe5e5d7d4144b732b953b75f037) Importer(2089858483,192608db42251d675da83286b1cce702)
Start importing Assets/Scripts/GameSystem/JobDistribution/RoleDistributionPhaseView.cs using Guid(c8dc9fe5e5d7d4144b732b953b75f037) Importer(2089858483,192608db42251d675da83286b1cce702) (ScriptedImporter) -> (artifact id: '209e0ab4613cd71d9b6fa78084d59a3a') in 0.003423708 seconds
Number of updated asset objects reloaded before import = 0Number of asset objects unloaded after import = 0

========================================================================
Received Prepare
Begin MonoManager ReloadAssembly
Thread 0x17f9af000 may have been prematurely finalized
- Loaded All Assemblies, in  0.588 seconds
Refreshing native plugins compatible for Editor in 0.95 ms, found 5 plugins.
Native extension for LinuxStandalone target not found
Native extension for iOS target not found
Native extension for Android target not found
Native extension for OSXStandalone target not found
Native extension for WebGL target not found
Mono: successfully reloaded assembly
- Finished resetting the current domain, in  0.773 seconds
Domain Reload Profiling: 1364ms
	BeginReloadAssembly (171ms)
		ExecutionOrderSort (0ms)
		DisableScriptedObjects (5ms)
		BackupInstance (0ms)
		ReleaseScriptingObjects (0ms)
		CreateAndSetChildDomain (91ms)
	RebuildCommonClasses (33ms)
	RebuildNativeTypeToScriptingClass (12ms)
	initialDomainReloadingComplete (20ms)
	LoadAllAssembliesAndSetupDomain (355ms)
		LoadAssemblies (228ms)
		RebuildTransferFunctionScriptingTraits (0ms)
		AnalyzeDomain (167ms)
			TypeCache.Refresh (11ms)
				TypeCache.ScanAssembly (2ms)
			BuildScriptInfoCaches (141ms)
			ResolveRequiredComponents (13ms)
	FinalizeReload (774ms)
		ReleaseScriptCaches (0ms)
		RebuildScriptCaches (0ms)
		SetupLoadedEditorAssemblies (603ms)
			LogAssemblyErrors (0ms)
			InitializePlatformSupportModulesInManaged (41ms)
			SetLoadedEditorAssemblies (5ms)
			BeforeProcessingInitializeOnLoad (108ms)
			ProcessInitializeOnLoadAttributes (400ms)
			ProcessInitializeOnLoadMethodAttributes (48ms)
			AfterProcessingInitializeOnLoad (1ms)
			EditorAssembliesLoaded (0ms)
		ExecutionOrderSort2 (0ms)
		AwakeInstancesAfterBackupRestoration (8ms)
Refreshing native plugins compatible for Editor in 1.21 ms, found 5 plugins.
Preloading 0 native plugins for Editor in 0.00 ms.
Unloading 14 Unused Serialized files (Serialized files now loaded: 0)
Unloading 6592 unused Assets / (4.2 MB). Loaded Objects now: 7437.
Memory consumption went from 158.0 MB to 153.8 MB.
Total: 7.563042 ms (FindLiveObjects: 0.374750 ms CreateObjectMapping: 0.283667 ms MarkObjects: 4.992666 ms  DeleteObjects: 1.911458 ms)

Prepare: number of updated asset objects reloaded= 0
========================================================================
Received Import Request.
  Time since last request: 7.264626 seconds.
  path: Assets/Scripts/GameSystem/JobDistribution/RoleDistributionPhaseView.cs
  artifactKey: Guid(c8dc9fe5e5d7d4144b732b953b75f037) Importer(815301076,1909f56bfc062723c751e8b465ee728b)
Start importing Assets/Scripts/GameSystem/JobDistribution/RoleDistributionPhaseView.cs using Guid(c8dc9fe5e5d7d4144b732b953b75f037) Importer(815301076,1909f56bfc062723c751e8b465ee728b) (PreviewImporter) -> (artifact id: '936c7ea3c90ae5029d019476bfaf9b09') in 0.001160584 seconds
Number of updated asset objects reloaded before import = 0Number of asset objects unloaded after import = 0

========================================================================
Received Prepare
Refreshing native plugins compatible for Editor in 1.15 ms, found 5 plugins.
Preloading 0 native plugins for Editor in 0.00 ms.
Unloading 14 Unused Serialized files (Serialized files now loaded: 0)
Unloading 6573 unused Assets / (4.2 MB). Loaded Objects now: 7437.
Memory consumption went from 153.8 MB to 149.6 MB.
Total: 8.208458 ms (FindLiveObjects: 0.418917 ms CreateObjectMapping: 0.264833 ms MarkObjects: 5.470375 ms  DeleteObjects: 2.054083 ms)

Prepare: number of updated asset objects reloaded= 0
========================================================================
Received Prepare
Begin MonoManager ReloadAssembly
Thread 0x17f9af000 may have been prematurely finalized
- Loaded All Assemblies, in  0.615 seconds
Refreshing native plugins compatible for Editor in 0.95 ms, found 5 plugins.
Native extension for LinuxStandalone target not found
Native extension for iOS target not found
Native extension for Android target not found
Native extension for OSXStandalone target not found
Native extension for WebGL target not found
Mono: successfully reloaded assembly
- Finished resetting the current domain, in  0.746 seconds
Domain Reload Profiling: 1364ms
	BeginReloadAssembly (150ms)
		ExecutionOrderSort (0ms)
		DisableScriptedObjects (5ms)
		BackupInstance (0ms)
		ReleaseScriptingObjects (0ms)
		CreateAndSetChildDomain (68ms)
	RebuildCommonClasses (35ms)
	RebuildNativeTypeToScriptingClass (13ms)
	initialDomainReloadingComplete (21ms)
	LoadAllAssembliesAndSetupDomain (398ms)
		LoadAssemblies (260ms)
		RebuildTransferFunctionScriptingTraits (0ms)
		AnalyzeDomain (181ms)
			TypeCache.Refresh (12ms)
				TypeCache.ScanAssembly (2ms)
			BuildScriptInfoCaches (153ms)
			ResolveRequiredComponents (13ms)
	FinalizeReload (747ms)
		ReleaseScriptCaches (0ms)
		RebuildScriptCaches (0ms)
		SetupLoadedEditorAssemblies (570ms)
			LogAssemblyErrors (0ms)
			InitializePlatformSupportModulesInManaged (41ms)
			SetLoadedEditorAssemblies (4ms)
			BeforeProcessingInitializeOnLoad (103ms)
			ProcessInitializeOnLoadAttributes (375ms)
			ProcessInitializeOnLoadMethodAttributes (46ms)
			AfterProcessingInitializeOnLoad (1ms)
			EditorAssembliesLoaded (0ms)
		ExecutionOrderSort2 (0ms)
		AwakeInstancesAfterBackupRestoration (7ms)
Refreshing native plugins compatible for Editor in 1.11 ms, found 5 plugins.
Preloading 0 native plugins for Editor in 0.00 ms.
Unloading 14 Unused Serialized files (Serialized files now loaded: 0)
Unloading 6592 unused Assets / (3.8 MB). Loaded Objects now: 7439.
Memory consumption went from 157.9 MB to 154.1 MB.
Total: 7.414125 ms (FindLiveObjects: 0.356834 ms CreateObjectMapping: 0.287541 ms MarkObjects: 4.887917 ms  DeleteObjects: 1.881375 ms)

Prepare: number of updated asset objects reloaded= 0
========================================================================
Received Import Request.
  Time since last request: 104.459616 seconds.
  path: Assets/Scripts/GameSystem/JobDistribution/RoleDistributionPhaseView.cs
  artifactKey: Guid(c8dc9fe5e5d7d4144b732b953b75f037) Importer(2089858483,192608db42251d675da83286b1cce702)
Start importing Assets/Scripts/GameSystem/JobDistribution/RoleDistributionPhaseView.cs using Guid(c8dc9fe5e5d7d4144b732b953b75f037) Importer(2089858483,192608db42251d675da83286b1cce702) (ScriptedImporter) -> (artifact id: '07f6705aa73e61b3f07bba1473cc1ae2') in 0.144189 seconds
Number of updated asset objects reloaded before import = 0Number of asset objects unloaded after import = 0

========================================================================
Received Prepare
Refreshing native plugins compatible for Editor in 1.21 ms, found 5 plugins.
Preloading 0 native plugins for Editor in 0.00 ms.
Unloading 14 Unused Serialized files (Serialized files now loaded: 0)
Unloading 6573 unused Assets / (3.9 MB). Loaded Objects now: 7439.
Memory consumption went from 153.9 MB to 150.0 MB.
Total: 6.908333 ms (FindLiveObjects: 0.357583 ms CreateObjectMapping: 0.208250 ms MarkObjects: 4.782000 ms  DeleteObjects: 1.559667 ms)

Prepare: number of updated asset objects reloaded= 0
========================================================================
Received Import Request.
  Time since last request: 45.607569 seconds.
  path: Assets/Scripts/GameSystem/JobDistribution/RoleDistribution.cs
  artifactKey: Guid(67e62f67d991e46378b87e7630bc6620) Importer(2089858483,192608db42251d675da83286b1cce702)
Start importing Assets/Scripts/GameSystem/JobDistribution/RoleDistribution.cs using Guid(67e62f67d991e46378b87e7630bc6620) Importer(2089858483,192608db42251d675da83286b1cce702) (ScriptedImporter) -> (artifact id: '10cfc4c0916ab2b0fefd3ff5dac7e6e6') in 0.003095583 seconds
Number of updated asset objects reloaded before import = 0Number of asset objects unloaded after import = 0

========================================================================
Received Prepare
Refreshing native plugins compatible for Editor in 1.31 ms, found 5 plugins.
Preloading 0 native plugins for Editor in 0.00 ms.
Unloading 14 Unused Serialized files (Serialized files now loaded: 0)
Unloading 6573 unused Assets / (4.3 MB). Loaded Objects now: 7439.
Memory consumption went from 153.9 MB to 149.5 MB.
Total: 7.600125 ms (FindLiveObjects: 0.482000 ms CreateObjectMapping: 0.274167 ms MarkObjects: 5.166417 ms  DeleteObjects: 1.676375 ms)

Prepare: number of updated asset objects reloaded= 0
========================================================================
Received Prepare
Begin MonoManager ReloadAssembly
Thread 0x17f9af000 may have been prematurely finalized
- Loaded All Assemblies, in  0.593 seconds
Refreshing native plugins compatible for Editor in 0.94 ms, found 5 plugins.
Native extension for LinuxStandalone target not found
Native extension for iOS target not found
Native extension for Android target not found
Native extension for OSXStandalone target not found
Native extension for WebGL target not found
Mono: successfully reloaded assembly
- Finished resetting the current domain, in  0.750 seconds
Domain Reload Profiling: 1346ms
	BeginReloadAssembly (165ms)
		ExecutionOrderSort (0ms)
		DisableScriptedObjects (5ms)
		BackupInstance (0ms)
		ReleaseScriptingObjects (0ms)
		CreateAndSetChildDomain (86ms)
	RebuildCommonClasses (33ms)
	RebuildNativeTypeToScriptingClass (12ms)
	initialDomainReloadingComplete (20ms)
	LoadAllAssembliesAndSetupDomain (365ms)
		LoadAssemblies (232ms)
		RebuildTransferFunctionScriptingTraits (0ms)
		AnalyzeDomain (173ms)
			TypeCache.Refresh (12ms)
				TypeCache.ScanAssembly (2ms)
			BuildScriptInfoCaches (146ms)
			ResolveRequiredComponents (13ms)
	FinalizeReload (750ms)
		ReleaseScriptCaches (0ms)
		RebuildScriptCaches (0ms)
		SetupLoadedEditorAssemblies (577ms)
			LogAssemblyErrors (0ms)
			InitializePlatformSupportModulesInManaged (43ms)
			SetLoadedEditorAssemblies (4ms)
			BeforeProcessingInitializeOnLoad (108ms)
			ProcessInitializeOnLoadAttributes (374ms)
			ProcessInitializeOnLoadMethodAttributes (45ms)
			AfterProcessingInitializeOnLoad (1ms)
			EditorAssembliesLoaded (0ms)
		ExecutionOrderSort2 (0ms)
		AwakeInstancesAfterBackupRestoration (8ms)
Refreshing native plugins compatible for Editor in 0.99 ms, found 5 plugins.
Preloading 0 native plugins for Editor in 0.00 ms.
Unloading 14 Unused Serialized files (Serialized files now loaded: 0)
Unloading 6592 unused Assets / (4.3 MB). Loaded Objects now: 7441.
Memory consumption went from 157.7 MB to 153.4 MB.
Total: 7.822625 ms (FindLiveObjects: 0.467292 ms CreateObjectMapping: 0.341625 ms MarkObjects: 5.210958 ms  DeleteObjects: 1.801792 ms)

Prepare: number of updated asset objects reloaded= 0
========================================================================
Received Import Request.
  Time since last request: 124.930019 seconds.
  path: Assets/Scripts/GameSystem/JobDistribution/RoleDistributionPhaseView.cs
  artifactKey: Guid(c8dc9fe5e5d7d4144b732b953b75f037) Importer(2089858483,192608db42251d675da83286b1cce702)
Start importing Assets/Scripts/GameSystem/JobDistribution/RoleDistributionPhaseView.cs using Guid(c8dc9fe5e5d7d4144b732b953b75f037) Importer(2089858483,192608db42251d675da83286b1cce702) (ScriptedImporter) -> (artifact id: '6db73a3b7583035e444685f5cdc49a7b') in 0.150435 seconds
Number of updated asset objects reloaded before import = 0Number of asset objects unloaded after import = 0

========================================================================
Received Prepare
Refreshing native plugins compatible for Editor in 1.17 ms, found 5 plugins.
Preloading 0 native plugins for Editor in 0.00 ms.
Unloading 14 Unused Serialized files (Serialized files now loaded: 0)
Unloading 6573 unused Assets / (3.6 MB). Loaded Objects now: 7441.
Memory consumption went from 153.9 MB to 150.3 MB.
Total: 7.095875 ms (FindLiveObjects: 0.364167 ms CreateObjectMapping: 0.210834 ms MarkObjects: 4.922542 ms  DeleteObjects: 1.597625 ms)

Prepare: number of updated asset objects reloaded= 0
========================================================================
Received Import Request.
  Time since last request: 9.095655 seconds.
  path: Assets/Scripts/GameSystem/JobDistribution/RoleDistributionPhaseView.cs
  artifactKey: Guid(c8dc9fe5e5d7d4144b732b953b75f037) Importer(815301076,1909f56bfc062723c751e8b465ee728b)
Start importing Assets/Scripts/GameSystem/JobDistribution/RoleDistributionPhaseView.cs using Guid(c8dc9fe5e5d7d4144b732b953b75f037) Importer(815301076,1909f56bfc062723c751e8b465ee728b) (PreviewImporter) -> (artifact id: '55c518819a00f60df2f7fbd2d0164a74') in 0.000465916 seconds
Number of updated asset objects reloaded before import = 0Number of asset objects unloaded after import = 0

========================================================================
Received Prepare
Begin MonoManager ReloadAssembly
Thread 0x17f9af000 may have been prematurely finalized
- Loaded All Assemblies, in  0.590 seconds
Refreshing native plugins compatible for Editor in 0.95 ms, found 5 plugins.
Native extension for LinuxStandalone target not found
Native extension for iOS target not found
Native extension for Android target not found
Native extension for OSXStandalone target not found
Native extension for WebGL target not found
Mono: successfully reloaded assembly
- Finished resetting the current domain, in  0.777 seconds
Domain Reload Profiling: 1369ms
	BeginReloadAssembly (165ms)
		ExecutionOrderSort (0ms)
		DisableScriptedObjects (5ms)
		BackupInstance (0ms)
		ReleaseScriptingObjects (0ms)
		CreateAndSetChildDomain (86ms)
	RebuildCommonClasses (33ms)
	RebuildNativeTypeToScriptingClass (12ms)
	initialDomainReloadingComplete (20ms)
	LoadAllAssembliesAndSetupDomain (361ms)
		LoadAssemblies (231ms)
		RebuildTransferFunctionScriptingTraits (0ms)
		AnalyzeDomain (171ms)
			TypeCache.Refresh (12ms)
				TypeCache.ScanAssembly (1ms)
			BuildScriptInfoCaches (144ms)
			ResolveRequiredComponents (13ms)
	FinalizeReload (777ms)
		ReleaseScriptCaches (0ms)
		RebuildScriptCaches (0ms)
		SetupLoadedEditorAssemblies (595ms)
			LogAssemblyErrors (0ms)
			InitializePlatformSupportModulesInManaged (44ms)
			SetLoadedEditorAssemblies (5ms)
			BeforeProcessingInitializeOnLoad (106ms)
			ProcessInitializeOnLoadAttributes (388ms)
			ProcessInitializeOnLoadMethodAttributes (51ms)
			AfterProcessingInitializeOnLoad (2ms)
			EditorAssembliesLoaded (0ms)
		ExecutionOrderSort2 (0ms)
		AwakeInstancesAfterBackupRestoration (8ms)
Refreshing native plugins compatible for Editor in 1.17 ms, found 5 plugins.
Preloading 0 native plugins for Editor in 0.00 ms.
Unloading 14 Unused Serialized files (Serialized files now loaded: 0)
Unloading 6592 unused Assets / (4.0 MB). Loaded Objects now: 7443.
Memory consumption went from 157.6 MB to 153.6 MB.
Total: 7.951625 ms (FindLiveObjects: 0.411667 ms CreateObjectMapping: 0.318375 ms MarkObjects: 5.274417 ms  DeleteObjects: 1.946375 ms)

Prepare: number of updated asset objects reloaded= 0
========================================================================
Received Import Request.
  Time since last request: 6.551781 seconds.
  path: Assets/Scripts/GameSystem/JobDistribution/RoleDistributionPhaseView.cs
  artifactKey: Guid(c8dc9fe5e5d7d4144b732b953b75f037) Importer(2089858483,192608db42251d675da83286b1cce702)
Start importing Assets/Scripts/GameSystem/JobDistribution/RoleDistributionPhaseView.cs using Guid(c8dc9fe5e5d7d4144b732b953b75f037) Importer(2089858483,192608db42251d675da83286b1cce702) (ScriptedImporter) -> (artifact id: '1d43581d6988ff83288f5119748381d3') in 0.14136875 seconds
Number of updated asset objects reloaded before import = 0Number of asset objects unloaded after import = 0

========================================================================
Received Prepare
Refreshing native plugins compatible for Editor in 1.10 ms, found 5 plugins.
Preloading 0 native plugins for Editor in 0.00 ms.
Unloading 14 Unused Serialized files (Serialized files now loaded: 0)
Unloading 6573 unused Assets / (4.2 MB). Loaded Objects now: 7443.
Memory consumption went from 153.9 MB to 149.6 MB.
Total: 7.270208 ms (FindLiveObjects: 0.352833 ms CreateObjectMapping: 0.207125 ms MarkObjects: 4.929417 ms  DeleteObjects: 1.780375 ms)

Prepare: number of updated asset objects reloaded= 0
========================================================================
Received Prepare
Begin MonoManager ReloadAssembly
Thread 0x17f9af000 may have been prematurely finalized
- Loaded All Assemblies, in  0.608 seconds
Refreshing native plugins compatible for Editor in 0.95 ms, found 5 plugins.
Native extension for LinuxStandalone target not found
Native extension for iOS target not found
Native extension for Android target not found
Native extension for OSXStandalone target not found
Native extension for WebGL target not found
Mono: successfully reloaded assembly
- Finished resetting the current domain, in  0.740 seconds
Domain Reload Profiling: 1351ms
	BeginReloadAssembly (166ms)
		ExecutionOrderSort (0ms)
		DisableScriptedObjects (5ms)
		BackupInstance (0ms)
		ReleaseScriptingObjects (0ms)
		CreateAndSetChildDomain (85ms)
	RebuildCommonClasses (34ms)
	RebuildNativeTypeToScriptingClass (13ms)
	initialDomainReloadingComplete (21ms)
	LoadAllAssembliesAndSetupDomain (377ms)
		LoadAssemblies (242ms)
		RebuildTransferFunctionScriptingTraits (0ms)
		AnalyzeDomain (176ms)
			TypeCache.Refresh (12ms)
				TypeCache.ScanAssembly (1ms)
			BuildScriptInfoCaches (149ms)
			ResolveRequiredComponents (13ms)
	FinalizeReload (740ms)
		ReleaseScriptCaches (0ms)
		RebuildScriptCaches (0ms)
		SetupLoadedEditorAssemblies (568ms)
			LogAssemblyErrors (0ms)
			InitializePlatformSupportModulesInManaged (40ms)
			SetLoadedEditorAssemblies (4ms)
			BeforeProcessingInitializeOnLoad (105ms)
			ProcessInitializeOnLoadAttributes (371ms)
			ProcessInitializeOnLoadMethodAttributes (47ms)
			AfterProcessingInitializeOnLoad (1ms)
			EditorAssembliesLoaded (0ms)
		ExecutionOrderSort2 (0ms)
		AwakeInstancesAfterBackupRestoration (7ms)
Refreshing native plugins compatible for Editor in 1.03 ms, found 5 plugins.
Preloading 0 native plugins for Editor in 0.00 ms.
Unloading 14 Unused Serialized files (Serialized files now loaded: 0)
Unloading 6592 unused Assets / (3.4 MB). Loaded Objects now: 7445.
Memory consumption went from 157.4 MB to 154.0 MB.
Total: 7.676833 ms (FindLiveObjects: 0.416667 ms CreateObjectMapping: 0.303750 ms MarkObjects: 4.998166 ms  DeleteObjects: 1.957542 ms)

Prepare: number of updated asset objects reloaded= 0
========================================================================
Received Import Request.
  Time since last request: 19.281964 seconds.
  path: Assets/Scripts/GameSystem/JobDistribution/RoleDistribution.cs
  artifactKey: Guid(67e62f67d991e46378b87e7630bc6620) Importer(2089858483,192608db42251d675da83286b1cce702)
Start importing Assets/Scripts/GameSystem/JobDistribution/RoleDistribution.cs using Guid(67e62f67d991e46378b87e7630bc6620) Importer(2089858483,192608db42251d675da83286b1cce702) (ScriptedImporter) -> (artifact id: 'de2dee671cb8060ae5a56f3fe2c14cab') in 0.149188208 seconds
Number of updated asset objects reloaded before import = 0Number of asset objects unloaded after import = 0

========================================================================
Received Prepare
Refreshing native plugins compatible for Editor in 1.17 ms, found 5 plugins.
Preloading 0 native plugins for Editor in 0.00 ms.
Unloading 14 Unused Serialized files (Serialized files now loaded: 0)
Unloading 6573 unused Assets / (2.9 MB). Loaded Objects now: 7445.
Memory consumption went from 153.9 MB to 151.0 MB.
Total: 7.323375 ms (FindLiveObjects: 0.363334 ms CreateObjectMapping: 0.217041 ms MarkObjects: 5.151458 ms  DeleteObjects: 1.590542 ms)

Prepare: number of updated asset objects reloaded= 0
========================================================================
Received Import Request.
  Time since last request: 59.374108 seconds.
  path: Assets/Scripts/GameSystem/JobDistribution/RoleDistributionPhaseView.cs
  artifactKey: Guid(c8dc9fe5e5d7d4144b732b953b75f037) Importer(815301076,1909f56bfc062723c751e8b465ee728b)
Start importing Assets/Scripts/GameSystem/JobDistribution/RoleDistributionPhaseView.cs using Guid(c8dc9fe5e5d7d4144b732b953b75f037) Importer(815301076,1909f56bfc062723c751e8b465ee728b) (PreviewImporter) -> (artifact id: 'c5d6a7bac4bd86d2be5db97690b85dc1') in 0.000725667 seconds
Number of updated asset objects reloaded before import = 0Number of asset objects unloaded after import = 0

========================================================================
Received Prepare
Begin MonoManager ReloadAssembly
Thread 0x17f9b7000 may have been prematurely finalized
- Loaded All Assemblies, in  0.584 seconds
Refreshing native plugins compatible for Editor in 0.95 ms, found 5 plugins.
Native extension for LinuxStandalone target not found
Native extension for iOS target not found
Native extension for Android target not found
Native extension for OSXStandalone target not found
Native extension for WebGL target not found
Mono: successfully reloaded assembly
- Finished resetting the current domain, in  0.779 seconds
Domain Reload Profiling: 1366ms
	BeginReloadAssembly (160ms)
		ExecutionOrderSort (0ms)
		DisableScriptedObjects (5ms)
		BackupInstance (0ms)
		ReleaseScriptingObjects (0ms)
		CreateAndSetChildDomain (81ms)
	RebuildCommonClasses (33ms)
	RebuildNativeTypeToScriptingClass (12ms)
	initialDomainReloadingComplete (20ms)
	LoadAllAssembliesAndSetupDomain (361ms)
		LoadAssemblies (231ms)
		RebuildTransferFunctionScriptingTraits (0ms)
		AnalyzeDomain (171ms)
			TypeCache.Refresh (12ms)
				TypeCache.ScanAssembly (1ms)
			BuildScriptInfoCaches (144ms)
			ResolveRequiredComponents (13ms)
	FinalizeReload (779ms)
		ReleaseScriptCaches (0ms)
		RebuildScriptCaches (0ms)
		SetupLoadedEditorAssemblies (601ms)
			LogAssemblyErrors (0ms)
			InitializePlatformSupportModulesInManaged (42ms)
			SetLoadedEditorAssemblies (4ms)
			BeforeProcessingInitializeOnLoad (109ms)
			ProcessInitializeOnLoadAttributes (395ms)
			ProcessInitializeOnLoadMethodAttributes (50ms)
			AfterProcessingInitializeOnLoad (1ms)
			EditorAssembliesLoaded (0ms)
		ExecutionOrderSort2 (0ms)
		AwakeInstancesAfterBackupRestoration (8ms)
Refreshing native plugins compatible for Editor in 1.07 ms, found 5 plugins.
Preloading 0 native plugins for Editor in 0.00 ms.
Unloading 14 Unused Serialized files (Serialized files now loaded: 0)
Unloading 6592 unused Assets / (4.1 MB). Loaded Objects now: 7447.
Memory consumption went from 157.3 MB to 153.2 MB.
Total: 7.399792 ms (FindLiveObjects: 0.394542 ms CreateObjectMapping: 0.298125 ms MarkObjects: 4.839250 ms  DeleteObjects: 1.866791 ms)

Prepare: number of updated asset objects reloaded= 0
========================================================================
Received Import Request.
  Time since last request: 6.195575 seconds.
  path: Assets/Scripts/GameSystem/JobDistribution/RoleDistributionPhaseView.cs
  artifactKey: Guid(c8dc9fe5e5d7d4144b732b953b75f037) Importer(2089858483,192608db42251d675da83286b1cce702)
Start importing Assets/Scripts/GameSystem/JobDistribution/RoleDistributionPhaseView.cs using Guid(c8dc9fe5e5d7d4144b732b953b75f037) Importer(2089858483,192608db42251d675da83286b1cce702) (ScriptedImporter) -> (artifact id: '8c5f2799b10a21c5334bd892a0b1f7c0') in 0.144394333 seconds
Number of updated asset objects reloaded before import = 0Number of asset objects unloaded after import = 0

========================================================================
Received Prepare
Refreshing native plugins compatible for Editor in 1.16 ms, found 5 plugins.
Preloading 0 native plugins for Editor in 0.00 ms.
Unloading 14 Unused Serialized files (Serialized files now loaded: 0)
Unloading 6573 unused Assets / (4.2 MB). Loaded Objects now: 7447.
Memory consumption went from 153.9 MB to 149.6 MB.
Total: 7.615458 ms (FindLiveObjects: 0.369250 ms CreateObjectMapping: 0.219500 ms MarkObjects: 5.295791 ms  DeleteObjects: 1.730500 ms)

Prepare: number of updated asset objects reloaded= 0
========================================================================
Received Prepare
Begin MonoManager ReloadAssembly
Thread 0x17f9af000 may have been prematurely finalized
- Loaded All Assemblies, in  0.602 seconds
Refreshing native plugins compatible for Editor in 0.94 ms, found 5 plugins.
Native extension for LinuxStandalone target not found
Native extension for iOS target not found
Native extension for Android target not found
Native extension for OSXStandalone target not found
Native extension for WebGL target not found
Mono: successfully reloaded assembly
- Finished resetting the current domain, in  0.726 seconds
Domain Reload Profiling: 1331ms
	BeginReloadAssembly (167ms)
		ExecutionOrderSort (0ms)
		DisableScriptedObjects (5ms)
		BackupInstance (0ms)
		ReleaseScriptingObjects (0ms)
		CreateAndSetChildDomain (85ms)
	RebuildCommonClasses (35ms)
	RebuildNativeTypeToScriptingClass (13ms)
	initialDomainReloadingComplete (21ms)
	LoadAllAssembliesAndSetupDomain (367ms)
		LoadAssemblies (242ms)
		RebuildTransferFunctionScriptingTraits (0ms)
		AnalyzeDomain (169ms)
			TypeCache.Refresh (12ms)
				TypeCache.ScanAssembly (1ms)
			BuildScriptInfoCaches (142ms)
			ResolveRequiredComponents (13ms)
	FinalizeReload (727ms)
		ReleaseScriptCaches (0ms)
		RebuildScriptCaches (0ms)
		SetupLoadedEditorAssemblies (558ms)
			LogAssemblyErrors (0ms)
			InitializePlatformSupportModulesInManaged (41ms)
			SetLoadedEditorAssemblies (4ms)
			BeforeProcessingInitializeOnLoad (103ms)
			ProcessInitializeOnLoadAttributes (361ms)
			ProcessInitializeOnLoadMethodAttributes (47ms)
			AfterProcessingInitializeOnLoad (1ms)
			EditorAssembliesLoaded (0ms)
		ExecutionOrderSort2 (0ms)
		AwakeInstancesAfterBackupRestoration (7ms)
Refreshing native plugins compatible for Editor in 0.95 ms, found 5 plugins.
Preloading 0 native plugins for Editor in 0.00 ms.
Unloading 14 Unused Serialized files (Serialized files now loaded: 0)
Unloading 6592 unused Assets / (3.7 MB). Loaded Objects now: 7449.
Memory consumption went from 157.1 MB to 153.4 MB.
Total: 7.636084 ms (FindLiveObjects: 0.372500 ms CreateObjectMapping: 0.282209 ms MarkObjects: 5.061375 ms  DeleteObjects: 1.919584 ms)

Prepare: number of updated asset objects reloaded= 0
========================================================================
Received Import Request.
  Time since last request: 34.636196 seconds.
  path: Assets/Scripts/GameSystem/JobDistribution/JobDistribution.cs
  artifactKey: Guid(a1de8df0146b9401289d68e8c4a964a6) Importer(2089858483,192608db42251d675da83286b1cce702)
Start importing Assets/Scripts/GameSystem/JobDistribution/JobDistribution.cs using Guid(a1de8df0146b9401289d68e8c4a964a6) Importer(2089858483,192608db42251d675da83286b1cce702) (ScriptedImporter) -> (artifact id: '99a45d351ead6a253fa1b17ff0a4cc76') in 0.143676625 seconds
Number of updated asset objects reloaded before import = 0Number of asset objects unloaded after import = 0

========================================================================
Received Prepare
Refreshing native plugins compatible for Editor in 1.15 ms, found 5 plugins.
Preloading 0 native plugins for Editor in 0.00 ms.
Unloading 14 Unused Serialized files (Serialized files now loaded: 0)
Unloading 6573 unused Assets / (3.0 MB). Loaded Objects now: 7449.
Memory consumption went from 153.9 MB to 150.8 MB.
Total: 7.715416 ms (FindLiveObjects: 0.422667 ms CreateObjectMapping: 0.217500 ms MarkObjects: 5.417250 ms  DeleteObjects: 1.656625 ms)

Prepare: number of updated asset objects reloaded= 0
========================================================================
Received Prepare
Begin MonoManager ReloadAssembly
Thread 0x17f9b7000 may have been prematurely finalized
- Loaded All Assemblies, in  0.605 seconds
Refreshing native plugins compatible for Editor in 0.95 ms, found 5 plugins.
Native extension for LinuxStandalone target not found
Native extension for iOS target not found
Native extension for Android target not found
Native extension for OSXStandalone target not found
Native extension for WebGL target not found
Mono: successfully reloaded assembly
- Finished resetting the current domain, in  0.739 seconds
Domain Reload Profiling: 1347ms
	BeginReloadAssembly (165ms)
		ExecutionOrderSort (0ms)
		DisableScriptedObjects (5ms)
		BackupInstance (0ms)
		ReleaseScriptingObjects (0ms)
		CreateAndSetChildDomain (85ms)
	RebuildCommonClasses (34ms)
	RebuildNativeTypeToScriptingClass (13ms)
	initialDomainReloadingComplete (20ms)
	LoadAllAssembliesAndSetupDomain (375ms)
		LoadAssemblies (241ms)
		RebuildTransferFunctionScriptingTraits (0ms)
		AnalyzeDomain (176ms)
			TypeCache.Refresh (12ms)
				TypeCache.ScanAssembly (1ms)
			BuildScriptInfoCaches (148ms)
			ResolveRequiredComponents (13ms)
	FinalizeReload (740ms)
		ReleaseScriptCaches (0ms)
		RebuildScriptCaches (0ms)
		SetupLoadedEditorAssemblies (564ms)
			LogAssemblyErrors (0ms)
			InitializePlatformSupportModulesInManaged (43ms)
			SetLoadedEditorAssemblies (5ms)
			BeforeProcessingInitializeOnLoad (103ms)
			ProcessInitializeOnLoadAttributes (367ms)
			ProcessInitializeOnLoadMethodAttributes (45ms)
			AfterProcessingInitializeOnLoad (1ms)
			EditorAssembliesLoaded (0ms)
		ExecutionOrderSort2 (0ms)
		AwakeInstancesAfterBackupRestoration (7ms)
Refreshing native plugins compatible for Editor in 0.97 ms, found 5 plugins.
Preloading 0 native plugins for Editor in 0.00 ms.
Unloading 14 Unused Serialized files (Serialized files now loaded: 0)
Unloading 6592 unused Assets / (3.9 MB). Loaded Objects now: 7451.
Memory consumption went from 157.0 MB to 153.1 MB.
Total: 7.741708 ms (FindLiveObjects: 0.378541 ms CreateObjectMapping: 0.303083 ms MarkObjects: 5.122459 ms  DeleteObjects: 1.936750 ms)

Prepare: number of updated asset objects reloaded= 0
========================================================================
Received Import Request.
  Time since last request: 49.312374 seconds.
  path: Assets/Scripts/GameSystem/JobDistribution/RoleDistribution.cs
  artifactKey: Guid(67e62f67d991e46378b87e7630bc6620) Importer(2089858483,192608db42251d675da83286b1cce702)
Start importing Assets/Scripts/GameSystem/JobDistribution/RoleDistribution.cs using Guid(67e62f67d991e46378b87e7630bc6620) Importer(2089858483,192608db42251d675da83286b1cce702) (ScriptedImporter) -> (artifact id: '946bc4fc9a7f744b94f0861e55c8c2e7') in 0.143913333 seconds
Number of updated asset objects reloaded before import = 0Number of asset objects unloaded after import = 0

========================================================================
Received Prepare
Refreshing native plugins compatible for Editor in 1.01 ms, found 5 plugins.
Preloading 0 native plugins for Editor in 0.00 ms.
Unloading 14 Unused Serialized files (Serialized files now loaded: 0)
Unloading 6574 unused Assets / (4.1 MB). Loaded Objects now: 7452.
Memory consumption went from 153.9 MB to 149.8 MB.
Total: 6.960833 ms (FindLiveObjects: 0.380291 ms CreateObjectMapping: 0.224125 ms MarkObjects: 4.847167 ms  DeleteObjects: 1.508750 ms)

Prepare: number of updated asset objects reloaded= 0
========================================================================
Received Import Request.
  Time since last request: 15.437465 seconds.
  path: Assets/Scripts/GameSystem/Question/QuestionPhaseView.cs
  artifactKey: Guid(23cc2bcc027934605bb4d4a6ac6f4ad8) Importer(815301076,1909f56bfc062723c751e8b465ee728b)
Start importing Assets/Scripts/GameSystem/Question/QuestionPhaseView.cs using Guid(23cc2bcc027934605bb4d4a6ac6f4ad8) Importer(815301076,1909f56bfc062723c751e8b465ee728b) (PreviewImporter) -> (artifact id: '90c519191ce5191e417eb4c9572d98d0') in 0.000612416 seconds
Number of updated asset objects reloaded before import = 0Number of asset objects unloaded after import = 0

========================================================================
Received Import Request.
  Time since last request: 0.381532 seconds.
  path: Assets/Scripts/GameSystem/Question/QuestionPhaseView.cs
  artifactKey: Guid(23cc2bcc027934605bb4d4a6ac6f4ad8) Importer(2089858483,192608db42251d675da83286b1cce702)
Start importing Assets/Scripts/GameSystem/Question/QuestionPhaseView.cs using Guid(23cc2bcc027934605bb4d4a6ac6f4ad8) Importer(2089858483,192608db42251d675da83286b1cce702) (ScriptedImporter) -> (artifact id: '60856090dd43456cb783a13002058d64') in 0.003133542 seconds
Number of updated asset objects reloaded before import = 0Number of asset objects unloaded after import = 0

========================================================================
Received Prepare
Begin MonoManager ReloadAssembly
Thread 0x17f9af000 may have been prematurely finalized
- Loaded All Assemblies, in  0.597 seconds
Refreshing native plugins compatible for Editor in 0.94 ms, found 5 plugins.
Native extension for LinuxStandalone target not found
Native extension for iOS target not found
Native extension for Android target not found
Native extension for OSXStandalone target not found
Native extension for WebGL target not found
Mono: successfully reloaded assembly
- Finished resetting the current domain, in  0.754 seconds
Domain Reload Profiling: 1353ms
	BeginReloadAssembly (165ms)
		ExecutionOrderSort (0ms)
		DisableScriptedObjects (5ms)
		BackupInstance (0ms)
		ReleaseScriptingObjects (0ms)
		CreateAndSetChildDomain (85ms)
	RebuildCommonClasses (33ms)
	RebuildNativeTypeToScriptingClass (12ms)
	initialDomainReloadingComplete (20ms)
	LoadAllAssembliesAndSetupDomain (369ms)
		LoadAssemblies (243ms)
		RebuildTransferFunctionScriptingTraits (0ms)
		AnalyzeDomain (167ms)
			TypeCache.Refresh (11ms)
				TypeCache.ScanAssembly (1ms)
			BuildScriptInfoCaches (141ms)
			ResolveRequiredComponents (13ms)
	FinalizeReload (754ms)
		ReleaseScriptCaches (0ms)
		RebuildScriptCaches (0ms)
		SetupLoadedEditorAssemblies (581ms)
			LogAssemblyErrors (0ms)
			InitializePlatformSupportModulesInManaged (41ms)
			SetLoadedEditorAssemblies (4ms)
			BeforeProcessingInitializeOnLoad (105ms)
			ProcessInitializeOnLoadAttributes (378ms)
			ProcessInitializeOnLoadMethodAttributes (51ms)
			AfterProcessingInitializeOnLoad (1ms)
			EditorAssembliesLoaded (0ms)
		ExecutionOrderSort2 (0ms)
		AwakeInstancesAfterBackupRestoration (9ms)
Refreshing native plugins compatible for Editor in 1.00 ms, found 5 plugins.
Preloading 0 native plugins for Editor in 0.00 ms.
Unloading 14 Unused Serialized files (Serialized files now loaded: 0)
Unloading 6593 unused Assets / (4.3 MB). Loaded Objects now: 7454.
Memory consumption went from 156.9 MB to 152.6 MB.
Total: 7.565959 ms (FindLiveObjects: 0.394375 ms CreateObjectMapping: 0.298458 ms MarkObjects: 5.038375 ms  DeleteObjects: 1.834000 ms)

Prepare: number of updated asset objects reloaded= 0
========================================================================
Received Import Request.
  Time since last request: 7.260785 seconds.
  path: Assets/Scripts/GameSystem/Question/QuestionPhaseView.cs
  artifactKey: Guid(23cc2bcc027934605bb4d4a6ac6f4ad8) Importer(815301076,1909f56bfc062723c751e8b465ee728b)
Start importing Assets/Scripts/GameSystem/Question/QuestionPhaseView.cs using Guid(23cc2bcc027934605bb4d4a6ac6f4ad8) Importer(815301076,1909f56bfc062723c751e8b465ee728b) (PreviewImporter) -> (artifact id: 'b9cb44f41a1b255469fb43aa29d74b78') in 0.00114975 seconds
Number of updated asset objects reloaded before import = 0Number of asset objects unloaded after import = 0

========================================================================
Received Prepare
Refreshing native plugins compatible for Editor in 1.16 ms, found 5 plugins.
Preloading 0 native plugins for Editor in 0.00 ms.
Unloading 14 Unused Serialized files (Serialized files now loaded: 0)
Unloading 6574 unused Assets / (3.9 MB). Loaded Objects now: 7454.
Memory consumption went from 153.9 MB to 150.0 MB.
Total: 7.086666 ms (FindLiveObjects: 0.353583 ms CreateObjectMapping: 0.222500 ms MarkObjects: 4.908917 ms  DeleteObjects: 1.601166 ms)

Prepare: number of updated asset objects reloaded= 0
========================================================================
Received Import Request.
  Time since last request: 125.368792 seconds.
  path: Assets/Scripts/GameSystem/Question/QuestionPhaseView.cs
  artifactKey: Guid(23cc2bcc027934605bb4d4a6ac6f4ad8) Importer(815301076,1909f56bfc062723c751e8b465ee728b)
Start importing Assets/Scripts/GameSystem/Question/QuestionPhaseView.cs using Guid(23cc2bcc027934605bb4d4a6ac6f4ad8) Importer(815301076,1909f56bfc062723c751e8b465ee728b) (PreviewImporter) -> (artifact id: '8a3bf696a880558b621875ca5b848b9c') in 0.000440292 seconds
Number of updated asset objects reloaded before import = 0Number of asset objects unloaded after import = 0

========================================================================
Received Import Request.
  Time since last request: 0.903337 seconds.
  path: Assets/Scripts/GameSystem/Question/QuestionPhaseView.cs
  artifactKey: Guid(23cc2bcc027934605bb4d4a6ac6f4ad8) Importer(2089858483,192608db42251d675da83286b1cce702)
Start importing Assets/Scripts/GameSystem/Question/QuestionPhaseView.cs using Guid(23cc2bcc027934605bb4d4a6ac6f4ad8) Importer(2089858483,192608db42251d675da83286b1cce702) (ScriptedImporter) -> (artifact id: 'a633b3df9489b3aefc90b69807b3395d') in 0.1419415 seconds
Number of updated asset objects reloaded before import = 0Number of asset objects unloaded after import = 0

========================================================================
Received Prepare
Begin MonoManager ReloadAssembly
Thread 0x17f9af000 may have been prematurely finalized
- Loaded All Assemblies, in  0.622 seconds
Refreshing native plugins compatible for Editor in 1.07 ms, found 5 plugins.
Native extension for LinuxStandalone target not found
Native extension for iOS target not found
Native extension for Android target not found
Native extension for OSXStandalone target not found
Native extension for WebGL target not found
Mono: successfully reloaded assembly
- Finished resetting the current domain, in  0.737 seconds
Domain Reload Profiling: 1361ms
	BeginReloadAssembly (165ms)
		ExecutionOrderSort (0ms)
		DisableScriptedObjects (5ms)
		BackupInstance (0ms)
		ReleaseScriptingObjects (0ms)
		CreateAndSetChildDomain (83ms)
	RebuildCommonClasses (33ms)
	RebuildNativeTypeToScriptingClass (12ms)
	initialDomainReloadingComplete (21ms)
	LoadAllAssembliesAndSetupDomain (393ms)
		LoadAssemblies (265ms)
		RebuildTransferFunctionScriptingTraits (0ms)
		AnalyzeDomain (171ms)
			TypeCache.Refresh (12ms)
				TypeCache.ScanAssembly (2ms)
			BuildScriptInfoCaches (144ms)
			ResolveRequiredComponents (13ms)
	FinalizeReload (737ms)
		ReleaseScriptCaches (0ms)
		RebuildScriptCaches (0ms)
		SetupLoadedEditorAssemblies (568ms)
			LogAssemblyErrors (0ms)
			InitializePlatformSupportModulesInManaged (42ms)
			SetLoadedEditorAssemblies (4ms)
			BeforeProcessingInitializeOnLoad (105ms)
			ProcessInitializeOnLoadAttributes (371ms)
			ProcessInitializeOnLoadMethodAttributes (44ms)
			AfterProcessingInitializeOnLoad (1ms)
			EditorAssembliesLoaded (0ms)
		ExecutionOrderSort2 (0ms)
		AwakeInstancesAfterBackupRestoration (7ms)
Refreshing native plugins compatible for Editor in 0.95 ms, found 5 plugins.
Preloading 0 native plugins for Editor in 0.00 ms.
Unloading 14 Unused Serialized files (Serialized files now loaded: 0)
Unloading 6593 unused Assets / (4.0 MB). Loaded Objects now: 7456.
Memory consumption went from 157.2 MB to 153.2 MB.
Total: 7.328500 ms (FindLiveObjects: 0.366500 ms CreateObjectMapping: 0.274750 ms MarkObjects: 4.813167 ms  DeleteObjects: 1.873083 ms)

Prepare: number of updated asset objects reloaded= 0
========================================================================
Received Prepare
Refreshing native plugins compatible for Editor in 0.92 ms, found 5 plugins.
Preloading 0 native plugins for Editor in 0.00 ms.
Unloading 14 Unused Serialized files (Serialized files now loaded: 0)
Unloading 6574 unused Assets / (4.2 MB). Loaded Objects now: 7456.
Memory consumption went from 153.9 MB to 149.6 MB.
Total: 7.279167 ms (FindLiveObjects: 0.386166 ms CreateObjectMapping: 0.229167 ms MarkObjects: 4.942458 ms  DeleteObjects: 1.720792 ms)

Prepare: number of updated asset objects reloaded= 0
========================================================================
Received Import Request.
  Time since last request: 124.436439 seconds.
  path: Assets/Scripts/GameSystem/Question/QuestionPhaseView.cs
  artifactKey: Guid(23cc2bcc027934605bb4d4a6ac6f4ad8) Importer(2089858483,192608db42251d675da83286b1cce702)
Start importing Assets/Scripts/GameSystem/Question/QuestionPhaseView.cs using Guid(23cc2bcc027934605bb4d4a6ac6f4ad8) Importer(2089858483,192608db42251d675da83286b1cce702) (ScriptedImporter) -> (artifact id: 'f98d4d88d3270513db7b7943400a5862') in 0.150118291 seconds
Number of updated asset objects reloaded before import = 0Number of asset objects unloaded after import = 0

========================================================================
Received Prepare
Begin MonoManager ReloadAssembly
Thread 0x17f9af000 may have been prematurely finalized
- Loaded All Assemblies, in  0.630 seconds
Refreshing native plugins compatible for Editor in 0.96 ms, found 5 plugins.
Native extension for LinuxStandalone target not found
Native extension for iOS target not found
Native extension for Android target not found
Native extension for OSXStandalone target not found
Native extension for WebGL target not found
Mono: successfully reloaded assembly
- Finished resetting the current domain, in  0.749 seconds
Domain Reload Profiling: 1382ms
	BeginReloadAssembly (165ms)
		ExecutionOrderSort (0ms)
		DisableScriptedObjects (5ms)
		BackupInstance (0ms)
		ReleaseScriptingObjects (0ms)
		CreateAndSetChildDomain (84ms)
	RebuildCommonClasses (35ms)
	RebuildNativeTypeToScriptingClass (13ms)
	initialDomainReloadingComplete (21ms)
	LoadAllAssembliesAndSetupDomain (399ms)
		LoadAssemblies (260ms)
		RebuildTransferFunctionScriptingTraits (0ms)
		AnalyzeDomain (181ms)
			TypeCache.Refresh (13ms)
				TypeCache.ScanAssembly (2ms)
			BuildScriptInfoCaches (153ms)
			ResolveRequiredComponents (14ms)
	FinalizeReload (750ms)
		ReleaseScriptCaches (0ms)
		RebuildScriptCaches (0ms)
		SetupLoadedEditorAssemblies (573ms)
			LogAssemblyErrors (0ms)
			InitializePlatformSupportModulesInManaged (44ms)
			SetLoadedEditorAssemblies (5ms)
			BeforeProcessingInitializeOnLoad (106ms)
			ProcessInitializeOnLoadAttributes (370ms)
			ProcessInitializeOnLoadMethodAttributes (46ms)
			AfterProcessingInitializeOnLoad (1ms)
			EditorAssembliesLoaded (0ms)
		ExecutionOrderSort2 (0ms)
		AwakeInstancesAfterBackupRestoration (8ms)
Refreshing native plugins compatible for Editor in 1.04 ms, found 5 plugins.
Preloading 0 native plugins for Editor in 0.00 ms.
Unloading 14 Unused Serialized files (Serialized files now loaded: 0)
Unloading 6593 unused Assets / (3.8 MB). Loaded Objects now: 7458.
Memory consumption went from 157.5 MB to 153.6 MB.
Total: 7.425333 ms (FindLiveObjects: 0.364666 ms CreateObjectMapping: 0.271792 ms MarkObjects: 4.854959 ms  DeleteObjects: 1.933333 ms)

Prepare: number of updated asset objects reloaded= 0
========================================================================
Received Prepare
Refreshing native plugins compatible for Editor in 1.21 ms, found 5 plugins.
Preloading 0 native plugins for Editor in 0.00 ms.
Unloading 14 Unused Serialized files (Serialized files now loaded: 0)
Unloading 6574 unused Assets / (4.2 MB). Loaded Objects now: 7458.
Memory consumption went from 153.9 MB to 149.6 MB.
Total: 7.364000 ms (FindLiveObjects: 0.408167 ms CreateObjectMapping: 0.247709 ms MarkObjects: 5.059083 ms  DeleteObjects: 1.648542 ms)

Prepare: number of updated asset objects reloaded= 0
========================================================================
Received Import Request.
  Time since last request: 26.020781 seconds.
  path: Assets/Scripts/GameSystem/Question/QuestionPhaseView.cs
  artifactKey: Guid(23cc2bcc027934605bb4d4a6ac6f4ad8) Importer(815301076,1909f56bfc062723c751e8b465ee728b)
Start importing Assets/Scripts/GameSystem/Question/QuestionPhaseView.cs using Guid(23cc2bcc027934605bb4d4a6ac6f4ad8) Importer(815301076,1909f56bfc062723c751e8b465ee728b) (PreviewImporter) -> (artifact id: '20dbfa87e0f35b00b7c59ea3109c3f62') in 0.001379625 seconds
Number of updated asset objects reloaded before import = 0Number of asset objects unloaded after import = 0

========================================================================
Received Prepare
Begin MonoManager ReloadAssembly
Thread 0x17f9af000 may have been prematurely finalized
- Loaded All Assemblies, in  0.590 seconds
Refreshing native plugins compatible for Editor in 0.93 ms, found 5 plugins.
Native extension for LinuxStandalone target not found
Native extension for iOS target not found
Native extension for Android target not found
Native extension for OSXStandalone target not found
Native extension for WebGL target not found
Mono: successfully reloaded assembly
- Finished resetting the current domain, in  0.757 seconds
Domain Reload Profiling: 1350ms
	BeginReloadAssembly (151ms)
		ExecutionOrderSort (0ms)
		DisableScriptedObjects (5ms)
		BackupInstance (0ms)
		ReleaseScriptingObjects (0ms)
		CreateAndSetChildDomain (69ms)
	RebuildCommonClasses (35ms)
	RebuildNativeTypeToScriptingClass (13ms)
	initialDomainReloadingComplete (21ms)
	LoadAllAssembliesAndSetupDomain (374ms)
		LoadAssemblies (243ms)
		RebuildTransferFunctionScriptingTraits (0ms)
		AnalyzeDomain (173ms)
			TypeCache.Refresh (12ms)
				TypeCache.ScanAssembly (1ms)
			BuildScriptInfoCaches (146ms)
			ResolveRequiredComponents (13ms)
	FinalizeReload (757ms)
		ReleaseScriptCaches (0ms)
		RebuildScriptCaches (0ms)
		SetupLoadedEditorAssemblies (585ms)
			LogAssemblyErrors (0ms)
			InitializePlatformSupportModulesInManaged (43ms)
			SetLoadedEditorAssemblies (4ms)
			BeforeProcessingInitializeOnLoad (104ms)
			ProcessInitializeOnLoadAttributes (386ms)
			ProcessInitializeOnLoadMethodAttributes (48ms)
			AfterProcessingInitializeOnLoad (1ms)
			EditorAssembliesLoaded (0ms)
		ExecutionOrderSort2 (0ms)
		AwakeInstancesAfterBackupRestoration (7ms)
Refreshing native plugins compatible for Editor in 0.97 ms, found 5 plugins.
Preloading 0 native plugins for Editor in 0.00 ms.
Unloading 14 Unused Serialized files (Serialized files now loaded: 0)
Unloading 6593 unused Assets / (3.0 MB). Loaded Objects now: 7460.
Memory consumption went from 156.6 MB to 153.6 MB.
Total: 7.560583 ms (FindLiveObjects: 0.384209 ms CreateObjectMapping: 0.303125 ms MarkObjects: 5.062333 ms  DeleteObjects: 1.810291 ms)

Prepare: number of updated asset objects reloaded= 0
========================================================================
Received Import Request.
  Time since last request: 6.595302 seconds.
  path: Assets/Scripts/GameSystem/Question/QuestionPhaseView.cs
  artifactKey: Guid(23cc2bcc027934605bb4d4a6ac6f4ad8) Importer(2089858483,192608db42251d675da83286b1cce702)
Start importing Assets/Scripts/GameSystem/Question/QuestionPhaseView.cs using Guid(23cc2bcc027934605bb4d4a6ac6f4ad8) Importer(2089858483,192608db42251d675da83286b1cce702) (ScriptedImporter) -> (artifact id: 'a5fca6ca3c970ee90c65c9929ce9857b') in 0.146068125 seconds
Number of updated asset objects reloaded before import = 0Number of asset objects unloaded after import = 0

========================================================================
Received Prepare
Refreshing native plugins compatible for Editor in 1.12 ms, found 5 plugins.
Preloading 0 native plugins for Editor in 0.00 ms.
Unloading 14 Unused Serialized files (Serialized files now loaded: 0)
Unloading 6574 unused Assets / (4.0 MB). Loaded Objects now: 7460.
Memory consumption went from 153.9 MB to 149.9 MB.
Total: 7.357250 ms (FindLiveObjects: 0.376792 ms CreateObjectMapping: 0.215000 ms MarkObjects: 4.946708 ms  DeleteObjects: 1.817583 ms)

Prepare: number of updated asset objects reloaded= 0
========================================================================
Received Import Request.
  Time since last request: 7.899093 seconds.
  path: Assets/Scripts/GameSystem/Question/QuestionPhaseView.cs
  artifactKey: Guid(23cc2bcc027934605bb4d4a6ac6f4ad8) Importer(815301076,1909f56bfc062723c751e8b465ee728b)
Start importing Assets/Scripts/GameSystem/Question/QuestionPhaseView.cs using Guid(23cc2bcc027934605bb4d4a6ac6f4ad8) Importer(815301076,1909f56bfc062723c751e8b465ee728b) (PreviewImporter) -> (artifact id: '9db3c7a143bb674499df652fb107741c') in 0.000442458 seconds
Number of updated asset objects reloaded before import = 0Number of asset objects unloaded after import = 0

========================================================================
Received Prepare
Begin MonoManager ReloadAssembly
Thread 0x17f9b7000 may have been prematurely finalized
- Loaded All Assemblies, in  0.602 seconds
Refreshing native plugins compatible for Editor in 0.98 ms, found 5 plugins.
Native extension for LinuxStandalone target not found
Native extension for iOS target not found
Native extension for Android target not found
Native extension for OSXStandalone target not found
Native extension for WebGL target not found
Mono: successfully reloaded assembly
- Finished resetting the current domain, in  0.745 seconds
Domain Reload Profiling: 1351ms
	BeginReloadAssembly (166ms)
		ExecutionOrderSort (0ms)
		DisableScriptedObjects (5ms)
		BackupInstance (0ms)
		ReleaseScriptingObjects (0ms)
		CreateAndSetChildDomain (86ms)
	RebuildCommonClasses (33ms)
	RebuildNativeTypeToScriptingClass (12ms)
	initialDomainReloadingComplete (20ms)
	LoadAllAssembliesAndSetupDomain (373ms)
		LoadAssemblies (236ms)
		RebuildTransferFunctionScriptingTraits (0ms)
		AnalyzeDomain (178ms)
			TypeCache.Refresh (12ms)
				TypeCache.ScanAssembly (1ms)
			BuildScriptInfoCaches (150ms)
			ResolveRequiredComponents (13ms)
	FinalizeReload (746ms)
		ReleaseScriptCaches (0ms)
		RebuildScriptCaches (0ms)
		SetupLoadedEditorAssemblies (568ms)
			LogAssemblyErrors (0ms)
			InitializePlatformSupportModulesInManaged (44ms)
			SetLoadedEditorAssemblies (4ms)
			BeforeProcessingInitializeOnLoad (105ms)
			ProcessInitializeOnLoadAttributes (367ms)
			ProcessInitializeOnLoadMethodAttributes (46ms)
			AfterProcessingInitializeOnLoad (1ms)
			EditorAssembliesLoaded (0ms)
		ExecutionOrderSort2 (0ms)
		AwakeInstancesAfterBackupRestoration (7ms)
Refreshing native plugins compatible for Editor in 0.97 ms, found 5 plugins.
Preloading 0 native plugins for Editor in 0.00 ms.
Unloading 14 Unused Serialized files (Serialized files now loaded: 0)
Unloading 6593 unused Assets / (3.9 MB). Loaded Objects now: 7462.
Memory consumption went from 156.4 MB to 152.5 MB.
Total: 7.807375 ms (FindLiveObjects: 0.387291 ms CreateObjectMapping: 0.294625 ms MarkObjects: 5.234833 ms  DeleteObjects: 1.889416 ms)

Prepare: number of updated asset objects reloaded= 0
========================================================================
Received Import Request.
  Time since last request: 6.516085 seconds.
  path: Assets/Scripts/GameSystem/Question/QuestionPhaseView.cs
  artifactKey: Guid(23cc2bcc027934605bb4d4a6ac6f4ad8) Importer(2089858483,192608db42251d675da83286b1cce702)
Start importing Assets/Scripts/GameSystem/Question/QuestionPhaseView.cs using Guid(23cc2bcc027934605bb4d4a6ac6f4ad8) Importer(2089858483,192608db42251d675da83286b1cce702) (ScriptedImporter) -> (artifact id: '9671359b20acefcba818ef3e596e6ad7') in 0.143955833 seconds
Number of updated asset objects reloaded before import = 0Number of asset objects unloaded after import = 0

========================================================================
Received Prepare
Refreshing native plugins compatible for Editor in 1.12 ms, found 5 plugins.
Preloading 0 native plugins for Editor in 0.00 ms.
Unloading 14 Unused Serialized files (Serialized files now loaded: 0)
Unloading 6574 unused Assets / (3.3 MB). Loaded Objects now: 7462.
Memory consumption went from 153.9 MB to 150.6 MB.
Total: 7.516708 ms (FindLiveObjects: 0.390042 ms CreateObjectMapping: 0.223708 ms MarkObjects: 5.177417 ms  DeleteObjects: 1.724833 ms)

Prepare: number of updated asset objects reloaded= 0
========================================================================
Received Import Request.
  Time since last request: 82.430191 seconds.
  path: Assets/Scripts/GameSystem/Question/Question.cs
  artifactKey: Guid(e9d1e44144eef4c1ab1d0cf16dc2d511) Importer(2089858483,192608db42251d675da83286b1cce702)
Start importing Assets/Scripts/GameSystem/Question/Question.cs using Guid(e9d1e44144eef4c1ab1d0cf16dc2d511) Importer(2089858483,192608db42251d675da83286b1cce702) (ScriptedImporter) -> (artifact id: 'd812c398b628a469fe92562fd9ea9cd7') in 0.002977708 seconds
Number of updated asset objects reloaded before import = 0Number of asset objects unloaded after import = 0

========================================================================
Received Prepare
Begin MonoManager ReloadAssembly
Thread 0x17f9af000 may have been prematurely finalized
- Loaded All Assemblies, in  0.590 seconds
Refreshing native plugins compatible for Editor in 0.98 ms, found 5 plugins.
Native extension for LinuxStandalone target not found
Native extension for iOS target not found
Native extension for Android target not found
Native extension for OSXStandalone target not found
Native extension for WebGL target not found
Mono: successfully reloaded assembly
- Finished resetting the current domain, in  0.779 seconds
Domain Reload Profiling: 1373ms
	BeginReloadAssembly (165ms)
		ExecutionOrderSort (0ms)
		DisableScriptedObjects (5ms)
		BackupInstance (0ms)
		ReleaseScriptingObjects (0ms)
		CreateAndSetChildDomain (83ms)
	RebuildCommonClasses (34ms)
	RebuildNativeTypeToScriptingClass (12ms)
	initialDomainReloadingComplete (20ms)
	LoadAllAssembliesAndSetupDomain (362ms)
		LoadAssemblies (230ms)
		RebuildTransferFunctionScriptingTraits (0ms)
		AnalyzeDomain (175ms)
			TypeCache.Refresh (11ms)
				TypeCache.ScanAssembly (1ms)
			BuildScriptInfoCaches (147ms)
			ResolveRequiredComponents (13ms)
	FinalizeReload (779ms)
		ReleaseScriptCaches (0ms)
		RebuildScriptCaches (0ms)
		SetupLoadedEditorAssemblies (601ms)
			LogAssemblyErrors (0ms)
			InitializePlatformSupportModulesInManaged (45ms)
			SetLoadedEditorAssemblies (5ms)
			BeforeProcessingInitializeOnLoad (111ms)
			ProcessInitializeOnLoadAttributes (391ms)
			ProcessInitializeOnLoadMethodAttributes (48ms)
			AfterProcessingInitializeOnLoad (1ms)
			EditorAssembliesLoaded (0ms)
		ExecutionOrderSort2 (0ms)
		AwakeInstancesAfterBackupRestoration (8ms)
Refreshing native plugins compatible for Editor in 0.99 ms, found 5 plugins.
Preloading 0 native plugins for Editor in 0.00 ms.
Unloading 14 Unused Serialized files (Serialized files now loaded: 0)
Unloading 6593 unused Assets / (4.4 MB). Loaded Objects now: 7464.
Memory consumption went from 156.2 MB to 151.8 MB.
Total: 9.347333 ms (FindLiveObjects: 0.381625 ms CreateObjectMapping: 0.363708 ms MarkObjects: 6.591416 ms  DeleteObjects: 2.009375 ms)

Prepare: number of updated asset objects reloaded= 0
========================================================================
Received Prepare
Refreshing native plugins compatible for Editor in 1.40 ms, found 5 plugins.
Preloading 0 native plugins for Editor in 0.00 ms.
Unloading 14 Unused Serialized files (Serialized files now loaded: 0)
Unloading 6574 unused Assets / (4.1 MB). Loaded Objects now: 7464.
Memory consumption went from 153.9 MB to 149.7 MB.
Total: 7.237750 ms (FindLiveObjects: 0.374417 ms CreateObjectMapping: 0.219875 ms MarkObjects: 4.950958 ms  DeleteObjects: 1.691375 ms)

Prepare: number of updated asset objects reloaded= 0
========================================================================
Received Import Request.
  Time since last request: 109.731947 seconds.
  path: Assets/Scripts/GameSystem/Question/QuestionPhaseView.cs
  artifactKey: Guid(23cc2bcc027934605bb4d4a6ac6f4ad8) Importer(815301076,1909f56bfc062723c751e8b465ee728b)
Start importing Assets/Scripts/GameSystem/Question/QuestionPhaseView.cs using Guid(23cc2bcc027934605bb4d4a6ac6f4ad8) Importer(815301076,1909f56bfc062723c751e8b465ee728b) (PreviewImporter) -> (artifact id: 'e85742e91be58cd34c44c0ee9a955fb5') in 0.001180375 seconds
Number of updated asset objects reloaded before import = 0Number of asset objects unloaded after import = 0

========================================================================
Received Import Request.
  Time since last request: 0.810115 seconds.
  path: Assets/Scripts/GameSystem/Question/QuestionPhaseView.cs
  artifactKey: Guid(23cc2bcc027934605bb4d4a6ac6f4ad8) Importer(2089858483,192608db42251d675da83286b1cce702)
Start importing Assets/Scripts/GameSystem/Question/QuestionPhaseView.cs using Guid(23cc2bcc027934605bb4d4a6ac6f4ad8) Importer(2089858483,192608db42251d675da83286b1cce702) (ScriptedImporter) -> (artifact id: '69236950b99d8381f4e79b4698046425') in 0.151864833 seconds
Number of updated asset objects reloaded before import = 0Number of asset objects unloaded after import = 0

========================================================================
Received Prepare
Refreshing native plugins compatible for Editor in 0.91 ms, found 5 plugins.
Preloading 0 native plugins for Editor in 0.00 ms.
Unloading 14 Unused Serialized files (Serialized files now loaded: 0)
Unloading 6574 unused Assets / (4.1 MB). Loaded Objects now: 7464.
Memory consumption went from 153.9 MB to 149.8 MB.
Total: 7.180542 ms (FindLiveObjects: 0.369375 ms CreateObjectMapping: 0.213833 ms MarkObjects: 4.805209 ms  DeleteObjects: 1.791542 ms)

Prepare: number of updated asset objects reloaded= 0
========================================================================
Received Prepare
Begin MonoManager ReloadAssembly
Thread 0x17f9af000 may have been prematurely finalized
- Loaded All Assemblies, in  0.599 seconds
Refreshing native plugins compatible for Editor in 0.99 ms, found 5 plugins.
Native extension for LinuxStandalone target not found
Native extension for iOS target not found
Native extension for Android target not found
Native extension for OSXStandalone target not found
Native extension for WebGL target not found
Mono: successfully reloaded assembly
- Finished resetting the current domain, in  0.752 seconds
Domain Reload Profiling: 1353ms
	BeginReloadAssembly (164ms)
		ExecutionOrderSort (0ms)
		DisableScriptedObjects (5ms)
		BackupInstance (0ms)
		ReleaseScriptingObjects (0ms)
		CreateAndSetChildDomain (84ms)
	RebuildCommonClasses (33ms)
	RebuildNativeTypeToScriptingClass (12ms)
	initialDomainReloadingComplete (20ms)
	LoadAllAssembliesAndSetupDomain (372ms)
		LoadAssemblies (235ms)
		RebuildTransferFunctionScriptingTraits (0ms)
		AnalyzeDomain (177ms)
			TypeCache.Refresh (12ms)
				TypeCache.ScanAssembly (1ms)
			BuildScriptInfoCaches (150ms)
			ResolveRequiredComponents (13ms)
	FinalizeReload (752ms)
		ReleaseScriptCaches (0ms)
		RebuildScriptCaches (0ms)
		SetupLoadedEditorAssemblies (577ms)
			LogAssemblyErrors (0ms)
			InitializePlatformSupportModulesInManaged (43ms)
			SetLoadedEditorAssemblies (5ms)
			BeforeProcessingInitializeOnLoad (104ms)
			ProcessInitializeOnLoadAttributes (377ms)
			ProcessInitializeOnLoadMethodAttributes (47ms)
			AfterProcessingInitializeOnLoad (1ms)
			EditorAssembliesLoaded (0ms)
		ExecutionOrderSort2 (0ms)
		AwakeInstancesAfterBackupRestoration (8ms)
Refreshing native plugins compatible for Editor in 1.23 ms, found 5 plugins.
Preloading 0 native plugins for Editor in 0.00 ms.
Unloading 14 Unused Serialized files (Serialized files now loaded: 0)
Unloading 6593 unused Assets / (4.2 MB). Loaded Objects now: 7466.
Memory consumption went from 156.0 MB to 151.8 MB.
Total: 7.692334 ms (FindLiveObjects: 0.416000 ms CreateObjectMapping: 0.310875 ms MarkObjects: 5.101667 ms  DeleteObjects: 1.863084 ms)

Prepare: number of updated asset objects reloaded= 0
========================================================================
Received Import Request.
  Time since last request: 20.521930 seconds.
  path: Assets/Scripts/GameSystem/Question/Question.cs
  artifactKey: Guid(e9d1e44144eef4c1ab1d0cf16dc2d511) Importer(2089858483,192608db42251d675da83286b1cce702)
Start importing Assets/Scripts/GameSystem/Question/Question.cs using Guid(e9d1e44144eef4c1ab1d0cf16dc2d511) Importer(2089858483,192608db42251d675da83286b1cce702) (ScriptedImporter) -> (artifact id: '8f74ad49392b20f0286bf7ede877263a') in 0.145134458 seconds
Number of updated asset objects reloaded before import = 0Number of asset objects unloaded after import = 0

========================================================================
Received Prepare
Refreshing native plugins compatible for Editor in 1.09 ms, found 5 plugins.
Preloading 0 native plugins for Editor in 0.00 ms.
Unloading 14 Unused Serialized files (Serialized files now loaded: 0)
Unloading 6574 unused Assets / (4.0 MB). Loaded Objects now: 7466.
Memory consumption went from 153.9 MB to 149.9 MB.
Total: 7.295916 ms (FindLiveObjects: 0.355458 ms CreateObjectMapping: 0.207125 ms MarkObjects: 4.962833 ms  DeleteObjects: 1.769958 ms)

Prepare: number of updated asset objects reloaded= 0
========================================================================
Received Import Request.
  Time since last request: 45.037178 seconds.
  path: Assets/Scripts/GameSystem/Question/QuestionPhaseView.cs
  artifactKey: Guid(23cc2bcc027934605bb4d4a6ac6f4ad8) Importer(815301076,1909f56bfc062723c751e8b465ee728b)
Start importing Assets/Scripts/GameSystem/Question/QuestionPhaseView.cs using Guid(23cc2bcc027934605bb4d4a6ac6f4ad8) Importer(815301076,1909f56bfc062723c751e8b465ee728b) (PreviewImporter) -> (artifact id: '30e7ba738b64cb1fefcc970032653aac') in 0.000651958 seconds
Number of updated asset objects reloaded before import = 0Number of asset objects unloaded after import = 0

========================================================================
Received Import Request.
  Time since last request: 0.741848 seconds.
  path: Assets/Scripts/GameSystem/Question/QuestionPhaseView.cs
  artifactKey: Guid(23cc2bcc027934605bb4d4a6ac6f4ad8) Importer(2089858483,192608db42251d675da83286b1cce702)
Start importing Assets/Scripts/GameSystem/Question/QuestionPhaseView.cs using Guid(23cc2bcc027934605bb4d4a6ac6f4ad8) Importer(2089858483,192608db42251d675da83286b1cce702) (ScriptedImporter) -> (artifact id: '17d0ac7288a94ef94c6fe2d4ec85ca50') in 0.002778583 seconds
Number of updated asset objects reloaded before import = 0Number of asset objects unloaded after import = 0

========================================================================
Received Prepare
Begin MonoManager ReloadAssembly
Thread 0x17f9af000 may have been prematurely finalized
- Loaded All Assemblies, in  0.622 seconds
Refreshing native plugins compatible for Editor in 0.91 ms, found 5 plugins.
Native extension for LinuxStandalone target not found
Native extension for iOS target not found
Native extension for Android target not found
Native extension for OSXStandalone target not found
Native extension for WebGL target not found
Mono: successfully reloaded assembly
- Finished resetting the current domain, in  0.758 seconds
Domain Reload Profiling: 1383ms
	BeginReloadAssembly (188ms)
		ExecutionOrderSort (0ms)
		DisableScriptedObjects (5ms)
		BackupInstance (0ms)
		ReleaseScriptingObjects (0ms)
		CreateAndSetChildDomain (88ms)
	RebuildCommonClasses (34ms)
	RebuildNativeTypeToScriptingClass (12ms)
	initialDomainReloadingComplete (19ms)
	LoadAllAssembliesAndSetupDomain (371ms)
		LoadAssemblies (258ms)
		RebuildTransferFunctionScriptingTraits (0ms)
		AnalyzeDomain (174ms)
			TypeCache.Refresh (12ms)
				TypeCache.ScanAssembly (1ms)
			BuildScriptInfoCaches (146ms)
			ResolveRequiredComponents (13ms)
	FinalizeReload (758ms)
		ReleaseScriptCaches (0ms)
		RebuildScriptCaches (0ms)
		SetupLoadedEditorAssemblies (586ms)
			LogAssemblyErrors (0ms)
			InitializePlatformSupportModulesInManaged (43ms)
			SetLoadedEditorAssemblies (4ms)
			BeforeProcessingInitializeOnLoad (116ms)
			ProcessInitializeOnLoadAttributes (376ms)
			ProcessInitializeOnLoadMethodAttributes (45ms)
			AfterProcessingInitializeOnLoad (1ms)
			EditorAssembliesLoaded (0ms)
		ExecutionOrderSort2 (0ms)
		AwakeInstancesAfterBackupRestoration (7ms)
Refreshing native plugins compatible for Editor in 0.94 ms, found 5 plugins.
Preloading 0 native plugins for Editor in 0.00 ms.
Unloading 14 Unused Serialized files (Serialized files now loaded: 0)
Unloading 6593 unused Assets / (3.9 MB). Loaded Objects now: 7468.
Memory consumption went from 155.9 MB to 152.0 MB.
Total: 7.514583 ms (FindLiveObjects: 0.353875 ms CreateObjectMapping: 0.274541 ms MarkObjects: 5.027584 ms  DeleteObjects: 1.858041 ms)

Prepare: number of updated asset objects reloaded= 0
========================================================================
Received Prepare
Refreshing native plugins compatible for Editor in 1.18 ms, found 5 plugins.
Preloading 0 native plugins for Editor in 0.00 ms.
Unloading 14 Unused Serialized files (Serialized files now loaded: 0)
Unloading 6574 unused Assets / (4.1 MB). Loaded Objects now: 7468.
Memory consumption went from 153.9 MB to 149.7 MB.
Total: 7.317833 ms (FindLiveObjects: 0.399584 ms CreateObjectMapping: 0.234000 ms MarkObjects: 5.033292 ms  DeleteObjects: 1.650375 ms)

Prepare: number of updated asset objects reloaded= 0
========================================================================
Received Prepare
Begin MonoManager ReloadAssembly
Thread 0x17f9af000 may have been prematurely finalized
- Loaded All Assemblies, in  0.597 seconds
Refreshing native plugins compatible for Editor in 1.00 ms, found 5 plugins.
Native extension for LinuxStandalone target not found
Native extension for iOS target not found
Native extension for Android target not found
Native extension for OSXStandalone target not found
Native extension for WebGL target not found
Mono: successfully reloaded assembly
- Finished resetting the current domain, in  0.750 seconds
Domain Reload Profiling: 1351ms
	BeginReloadAssembly (151ms)
		ExecutionOrderSort (0ms)
		DisableScriptedObjects (5ms)
		BackupInstance (0ms)
		ReleaseScriptingObjects (0ms)
		CreateAndSetChildDomain (70ms)
	RebuildCommonClasses (35ms)
	RebuildNativeTypeToScriptingClass (13ms)
	initialDomainReloadingComplete (20ms)
	LoadAllAssembliesAndSetupDomain (381ms)
		LoadAssemblies (249ms)
		RebuildTransferFunctionScriptingTraits (0ms)
		AnalyzeDomain (174ms)
			TypeCache.Refresh (11ms)
				TypeCache.ScanAssembly (1ms)
			BuildScriptInfoCaches (146ms)
			ResolveRequiredComponents (14ms)
	FinalizeReload (751ms)
		ReleaseScriptCaches (0ms)
		RebuildScriptCaches (0ms)
		SetupLoadedEditorAssemblies (574ms)
			LogAssemblyErrors (0ms)
			InitializePlatformSupportModulesInManaged (42ms)
			SetLoadedEditorAssemblies (4ms)
			BeforeProcessingInitializeOnLoad (104ms)
			ProcessInitializeOnLoadAttributes (376ms)
			ProcessInitializeOnLoadMethodAttributes (45ms)
			AfterProcessingInitializeOnLoad (1ms)
			EditorAssembliesLoaded (0ms)
		ExecutionOrderSort2 (0ms)
		AwakeInstancesAfterBackupRestoration (8ms)
Refreshing native plugins compatible for Editor in 0.98 ms, found 5 plugins.
Preloading 0 native plugins for Editor in 0.00 ms.
Unloading 14 Unused Serialized files (Serialized files now loaded: 0)
Unloading 6593 unused Assets / (4.1 MB). Loaded Objects now: 7470.
Memory consumption went from 155.8 MB to 151.7 MB.
Total: 7.833959 ms (FindLiveObjects: 0.378542 ms CreateObjectMapping: 0.293041 ms MarkObjects: 5.139375 ms  DeleteObjects: 2.022250 ms)

Prepare: number of updated asset objects reloaded= 0
========================================================================
Received Import Request.
  Time since last request: 29.786919 seconds.
  path: Assets/Scripts/GameSystem/Question/Question.cs
  artifactKey: Guid(e9d1e44144eef4c1ab1d0cf16dc2d511) Importer(2089858483,192608db42251d675da83286b1cce702)
Start importing Assets/Scripts/GameSystem/Question/Question.cs using Guid(e9d1e44144eef4c1ab1d0cf16dc2d511) Importer(2089858483,192608db42251d675da83286b1cce702) (ScriptedImporter) -> (artifact id: '8e319257d8627d35d209fc97d4eda9be') in 0.142385209 seconds
Number of updated asset objects reloaded before import = 0Number of asset objects unloaded after import = 0

========================================================================
Received Prepare
Refreshing native plugins compatible for Editor in 1.25 ms, found 5 plugins.
Preloading 0 native plugins for Editor in 0.00 ms.
Unloading 14 Unused Serialized files (Serialized files now loaded: 0)
Unloading 6574 unused Assets / (3.8 MB). Loaded Objects now: 7470.
Memory consumption went from 153.9 MB to 150.1 MB.
Total: 7.603416 ms (FindLiveObjects: 0.397750 ms CreateObjectMapping: 0.230291 ms MarkObjects: 5.222750 ms  DeleteObjects: 1.752125 ms)

Prepare: number of updated asset objects reloaded= 0
========================================================================
Received Import Request.
  Time since last request: 57.299889 seconds.
  path: Assets/Scripts/GameSystem/Result/ResultPhase.cs
  artifactKey: Guid(25d8f1d1d81d44853b6a234381d879df) Importer(815301076,1909f56bfc062723c751e8b465ee728b)
Start importing Assets/Scripts/GameSystem/Result/ResultPhase.cs using Guid(25d8f1d1d81d44853b6a234381d879df) Importer(815301076,1909f56bfc062723c751e8b465ee728b) (PreviewImporter) -> (artifact id: '98baf4a398259dd42bc78adf6acebde0') in 0.000434292 seconds
Number of updated asset objects reloaded before import = 0Number of asset objects unloaded after import = 0

========================================================================
Received Prepare
Begin MonoManager ReloadAssembly
Thread 0x17f9af000 may have been prematurely finalized
- Loaded All Assemblies, in  0.584 seconds
Refreshing native plugins compatible for Editor in 0.82 ms, found 5 plugins.
Native extension for LinuxStandalone target not found
Native extension for iOS target not found
Native extension for Android target not found
Native extension for OSXStandalone target not found
Native extension for WebGL target not found
Mono: successfully reloaded assembly
- Finished resetting the current domain, in  0.735 seconds
Domain Reload Profiling: 1321ms
	BeginReloadAssembly (164ms)
		ExecutionOrderSort (0ms)
		DisableScriptedObjects (5ms)
		BackupInstance (0ms)
		ReleaseScriptingObjects (0ms)
		CreateAndSetChildDomain (82ms)
	RebuildCommonClasses (34ms)
	RebuildNativeTypeToScriptingClass (13ms)
	initialDomainReloadingComplete (20ms)
	LoadAllAssembliesAndSetupDomain (355ms)
		LoadAssemblies (232ms)
		RebuildTransferFunctionScriptingTraits (0ms)
		AnalyzeDomain (166ms)
			TypeCache.Refresh (12ms)
				TypeCache.ScanAssembly (1ms)
			BuildScriptInfoCaches (139ms)
			ResolveRequiredComponents (13ms)
	FinalizeReload (736ms)
		ReleaseScriptCaches (0ms)
		RebuildScriptCaches (0ms)
		SetupLoadedEditorAssemblies (562ms)
			LogAssemblyErrors (0ms)
			InitializePlatformSupportModulesInManaged (40ms)
			SetLoadedEditorAssemblies (4ms)
			BeforeProcessingInitializeOnLoad (105ms)
			ProcessInitializeOnLoadAttributes (366ms)
			ProcessInitializeOnLoadMethodAttributes (45ms)
			AfterProcessingInitializeOnLoad (1ms)
			EditorAssembliesLoaded (0ms)
		ExecutionOrderSort2 (0ms)
		AwakeInstancesAfterBackupRestoration (7ms)
Refreshing native plugins compatible for Editor in 0.94 ms, found 5 plugins.
Preloading 0 native plugins for Editor in 0.00 ms.
Unloading 14 Unused Serialized files (Serialized files now loaded: 0)
Unloading 6593 unused Assets / (4.1 MB). Loaded Objects now: 7472.
Memory consumption went from 155.7 MB to 151.6 MB.
Total: 7.108250 ms (FindLiveObjects: 0.348417 ms CreateObjectMapping: 0.282250 ms MarkObjects: 4.787250 ms  DeleteObjects: 1.689834 ms)

Prepare: number of updated asset objects reloaded= 0
========================================================================
Received Import Request.
  Time since last request: 8.516803 seconds.
  path: Assets/Scripts/Managers/GameFlowController.cs
  artifactKey: Guid(fca4fe160fc454f28975498beb6d1e12) Importer(2089858483,192608db42251d675da83286b1cce702)
Start importing Assets/Scripts/Managers/GameFlowController.cs using Guid(fca4fe160fc454f28975498beb6d1e12) Importer(2089858483,192608db42251d675da83286b1cce702) (ScriptedImporter) -> (artifact id: 'a8c80c599ff35dd667bc0c59d49ca8dd') in 0.149315583 seconds
Number of updated asset objects reloaded before import = 0Number of asset objects unloaded after import = 0

========================================================================
Received Prepare
Refreshing native plugins compatible for Editor in 0.90 ms, found 5 plugins.
Preloading 0 native plugins for Editor in 0.00 ms.
Unloading 14 Unused Serialized files (Serialized files now loaded: 0)
Unloading 6575 unused Assets / (4.0 MB). Loaded Objects now: 7473.
Memory consumption went from 153.9 MB to 149.9 MB.
Total: 6.949666 ms (FindLiveObjects: 0.384250 ms CreateObjectMapping: 0.224958 ms MarkObjects: 4.792875 ms  DeleteObjects: 1.546708 ms)

Prepare: number of updated asset objects reloaded= 0
========================================================================
Received Import Request.
  Time since last request: 16.617327 seconds.
  path: Assets/Scripts/GameSystem/Result/ResultPhaseView.cs
  artifactKey: Guid(66a7a8b68d78e443d87fb31c5a516c49) Importer(815301076,1909f56bfc062723c751e8b465ee728b)
Start importing Assets/Scripts/GameSystem/Result/ResultPhaseView.cs using Guid(66a7a8b68d78e443d87fb31c5a516c49) Importer(815301076,1909f56bfc062723c751e8b465ee728b) (PreviewImporter) -> (artifact id: '12691566eb42f694e5f23f6e5281b7cf') in 0.000491125 seconds
Number of updated asset objects reloaded before import = 0Number of asset objects unloaded after import = 0

========================================================================
Received Import Request.
  Time since last request: 0.371821 seconds.
  path: Assets/Scripts/GameSystem/Result/ResultPhaseView.cs
  artifactKey: Guid(66a7a8b68d78e443d87fb31c5a516c49) Importer(2089858483,192608db42251d675da83286b1cce702)
Start importing Assets/Scripts/GameSystem/Result/ResultPhaseView.cs using Guid(66a7a8b68d78e443d87fb31c5a516c49) Importer(2089858483,192608db42251d675da83286b1cce702) (ScriptedImporter) -> (artifact id: '72e6298127901a87c86be11032473591') in 0.003137209 seconds
Number of updated asset objects reloaded before import = 0Number of asset objects unloaded after import = 0

========================================================================
Received Prepare
Begin MonoManager ReloadAssembly
Thread 0x17f9af000 may have been prematurely finalized
- Loaded All Assemblies, in  0.638 seconds
Refreshing native plugins compatible for Editor in 0.94 ms, found 5 plugins.
Native extension for LinuxStandalone target not found
Native extension for iOS target not found
Native extension for Android target not found
Native extension for OSXStandalone target not found
Native extension for WebGL target not found
Mono: successfully reloaded assembly
- Finished resetting the current domain, in  0.765 seconds
Domain Reload Profiling: 1405ms
	BeginReloadAssembly (182ms)
		ExecutionOrderSort (0ms)
		DisableScriptedObjects (5ms)
		BackupInstance (0ms)
		ReleaseScriptingObjects (0ms)
		CreateAndSetChildDomain (96ms)
	RebuildCommonClasses (34ms)
	RebuildNativeTypeToScriptingClass (12ms)
	initialDomainReloadingComplete (21ms)
	LoadAllAssembliesAndSetupDomain (391ms)
		LoadAssemblies (261ms)
		RebuildTransferFunctionScriptingTraits (0ms)
		AnalyzeDomain (175ms)
			TypeCache.Refresh (12ms)
				TypeCache.ScanAssembly (1ms)
			BuildScriptInfoCaches (147ms)
			ResolveRequiredComponents (13ms)
	FinalizeReload (765ms)
		ReleaseScriptCaches (0ms)
		RebuildScriptCaches (0ms)
		SetupLoadedEditorAssemblies (588ms)
			LogAssemblyErrors (0ms)
			InitializePlatformSupportModulesInManaged (44ms)
			SetLoadedEditorAssemblies (5ms)
			BeforeProcessingInitializeOnLoad (105ms)
			ProcessInitializeOnLoadAttributes (385ms)
			ProcessInitializeOnLoadMethodAttributes (49ms)
			AfterProcessingInitializeOnLoad (1ms)
			EditorAssembliesLoaded (0ms)
		ExecutionOrderSort2 (0ms)
		AwakeInstancesAfterBackupRestoration (8ms)
Refreshing native plugins compatible for Editor in 0.92 ms, found 5 plugins.
Preloading 0 native plugins for Editor in 0.00 ms.
Unloading 14 Unused Serialized files (Serialized files now loaded: 0)
Unloading 6594 unused Assets / (3.2 MB). Loaded Objects now: 7475.
Memory consumption went from 155.5 MB to 152.3 MB.
Total: 7.585250 ms (FindLiveObjects: 0.352459 ms CreateObjectMapping: 0.290417 ms MarkObjects: 5.031042 ms  DeleteObjects: 1.910417 ms)

Prepare: number of updated asset objects reloaded= 0
========================================================================
Received Import Request.
  Time since last request: 7.322011 seconds.
  path: Assets/Scripts/GameSystem/Result/ResultPhaseView.cs
  artifactKey: Guid(66a7a8b68d78e443d87fb31c5a516c49) Importer(815301076,1909f56bfc062723c751e8b465ee728b)
Start importing Assets/Scripts/GameSystem/Result/ResultPhaseView.cs using Guid(66a7a8b68d78e443d87fb31c5a516c49) Importer(815301076,1909f56bfc062723c751e8b465ee728b) (PreviewImporter) -> (artifact id: 'cf71e82a9658b7b0dd951735fdc73005') in 0.00118375 seconds
Number of updated asset objects reloaded before import = 0Number of asset objects unloaded after import = 0

========================================================================
Received Prepare
Refreshing native plugins compatible for Editor in 1.40 ms, found 5 plugins.
Preloading 0 native plugins for Editor in 0.00 ms.
Unloading 14 Unused Serialized files (Serialized files now loaded: 0)
Unloading 6575 unused Assets / (4.1 MB). Loaded Objects now: 7475.
Memory consumption went from 153.9 MB to 149.8 MB.
Total: 7.428417 ms (FindLiveObjects: 0.391500 ms CreateObjectMapping: 0.214666 ms MarkObjects: 4.999167 ms  DeleteObjects: 1.822333 ms)

Prepare: number of updated asset objects reloaded= 0
========================================================================
Received Prepare
Begin MonoManager ReloadAssembly
Thread 0x17f9af000 may have been prematurely finalized
- Loaded All Assemblies, in  0.606 seconds
Refreshing native plugins compatible for Editor in 0.95 ms, found 5 plugins.
Native extension for LinuxStandalone target not found
Native extension for iOS target not found
Native extension for Android target not found
Native extension for OSXStandalone target not found
Native extension for WebGL target not found
Mono: successfully reloaded assembly
- Finished resetting the current domain, in  0.743 seconds
Domain Reload Profiling: 1351ms
	BeginReloadAssembly (153ms)
		ExecutionOrderSort (0ms)
		DisableScriptedObjects (5ms)
		BackupInstance (0ms)
		ReleaseScriptingObjects (0ms)
		CreateAndSetChildDomain (71ms)
	RebuildCommonClasses (34ms)
	RebuildNativeTypeToScriptingClass (12ms)
	initialDomainReloadingComplete (21ms)
	LoadAllAssembliesAndSetupDomain (389ms)
		LoadAssemblies (256ms)
		RebuildTransferFunctionScriptingTraits (0ms)
		AnalyzeDomain (176ms)
			TypeCache.Refresh (12ms)
				TypeCache.ScanAssembly (2ms)
			BuildScriptInfoCaches (148ms)
			ResolveRequiredComponents (13ms)
	FinalizeReload (743ms)
		ReleaseScriptCaches (0ms)
		RebuildScriptCaches (0ms)
		SetupLoadedEditorAssemblies (573ms)
			LogAssemblyErrors (0ms)
			InitializePlatformSupportModulesInManaged (42ms)
			SetLoadedEditorAssemblies (5ms)
			BeforeProcessingInitializeOnLoad (105ms)
			ProcessInitializeOnLoadAttributes (372ms)
			ProcessInitializeOnLoadMethodAttributes (48ms)
			AfterProcessingInitializeOnLoad (1ms)
			EditorAssembliesLoaded (0ms)
		ExecutionOrderSort2 (0ms)
		AwakeInstancesAfterBackupRestoration (8ms)
Refreshing native plugins compatible for Editor in 0.99 ms, found 5 plugins.
Preloading 0 native plugins for Editor in 0.00 ms.
Unloading 14 Unused Serialized files (Serialized files now loaded: 0)
Unloading 6594 unused Assets / (4.1 MB). Loaded Objects now: 7477.
Memory consumption went from 155.4 MB to 151.3 MB.
Total: 8.042250 ms (FindLiveObjects: 0.405667 ms CreateObjectMapping: 0.303417 ms MarkObjects: 5.257167 ms  DeleteObjects: 2.074875 ms)

Prepare: number of updated asset objects reloaded= 0
========================================================================
Received Import Request.
  Time since last request: 61.290290 seconds.
  path: Assets/Scripts/GameSystem/Result/ResultPhaseView.cs
  artifactKey: Guid(66a7a8b68d78e443d87fb31c5a516c49) Importer(2089858483,192608db42251d675da83286b1cce702)
Start importing Assets/Scripts/GameSystem/Result/ResultPhaseView.cs using Guid(66a7a8b68d78e443d87fb31c5a516c49) Importer(2089858483,192608db42251d675da83286b1cce702) (ScriptedImporter) -> (artifact id: 'd2dde14601bcdd1058d114d6d72ad3c3') in 0.143555709 seconds
Number of updated asset objects reloaded before import = 0Number of asset objects unloaded after import = 0

========================================================================
Received Prepare
Refreshing native plugins compatible for Editor in 1.14 ms, found 5 plugins.
Preloading 0 native plugins for Editor in 0.00 ms.
Unloading 14 Unused Serialized files (Serialized files now loaded: 0)
Unloading 6575 unused Assets / (3.8 MB). Loaded Objects now: 7477.
Memory consumption went from 153.9 MB to 150.1 MB.
Total: 7.620000 ms (FindLiveObjects: 0.383625 ms CreateObjectMapping: 0.227208 ms MarkObjects: 5.180666 ms  DeleteObjects: 1.827542 ms)

Prepare: number of updated asset objects reloaded= 0
========================================================================
Received Import Request.
  Time since last request: 95.072174 seconds.
  path: Assets/Scripts/GameSystem/Result/ResultPhaseView.cs
  artifactKey: Guid(66a7a8b68d78e443d87fb31c5a516c49) Importer(815301076,1909f56bfc062723c751e8b465ee728b)
Start importing Assets/Scripts/GameSystem/Result/ResultPhaseView.cs using Guid(66a7a8b68d78e443d87fb31c5a516c49) Importer(815301076,1909f56bfc062723c751e8b465ee728b) (PreviewImporter) -> (artifact id: '799f34cd7c2ead1e923df748fcd3d1c2') in 0.000488584 seconds
Number of updated asset objects reloaded before import = 0Number of asset objects unloaded after import = 0

========================================================================
Received Import Request.
  Time since last request: 0.921597 seconds.
  path: Assets/Scripts/GameSystem/Result/ResultPhaseView.cs
  artifactKey: Guid(66a7a8b68d78e443d87fb31c5a516c49) Importer(2089858483,192608db42251d675da83286b1cce702)
Start importing Assets/Scripts/GameSystem/Result/ResultPhaseView.cs using Guid(66a7a8b68d78e443d87fb31c5a516c49) Importer(2089858483,192608db42251d675da83286b1cce702) (ScriptedImporter) -> (artifact id: 'cf0c43a3f190f0e673d56b62d8323125') in 0.003106042 seconds
Number of updated asset objects reloaded before import = 0Number of asset objects unloaded after import = 0

========================================================================
Received Prepare
Begin MonoManager ReloadAssembly
Thread 0x17f9af000 may have been prematurely finalized
- Loaded All Assemblies, in  0.595 seconds
Refreshing native plugins compatible for Editor in 0.87 ms, found 5 plugins.
Native extension for LinuxStandalone target not found
Native extension for iOS target not found
Native extension for Android target not found
Native extension for OSXStandalone target not found
Native extension for WebGL target not found
Mono: successfully reloaded assembly
- Finished resetting the current domain, in  0.742 seconds
Domain Reload Profiling: 1340ms
	BeginReloadAssembly (168ms)
		ExecutionOrderSort (0ms)
		DisableScriptedObjects (5ms)
		BackupInstance (0ms)
		ReleaseScriptingObjects (0ms)
		CreateAndSetChildDomain (88ms)
	RebuildCommonClasses (34ms)
	RebuildNativeTypeToScriptingClass (12ms)
	initialDomainReloadingComplete (20ms)
	LoadAllAssembliesAndSetupDomain (363ms)
		LoadAssemblies (233ms)
		RebuildTransferFunctionScriptingTraits (0ms)
		AnalyzeDomain (172ms)
			TypeCache.Refresh (12ms)
				TypeCache.ScanAssembly (2ms)
			BuildScriptInfoCaches (145ms)
			ResolveRequiredComponents (13ms)
	FinalizeReload (742ms)
		ReleaseScriptCaches (0ms)
		RebuildScriptCaches (0ms)
		SetupLoadedEditorAssemblies (571ms)
			LogAssemblyErrors (0ms)
			InitializePlatformSupportModulesInManaged (41ms)
			SetLoadedEditorAssemblies (4ms)
			BeforeProcessingInitializeOnLoad (105ms)
			ProcessInitializeOnLoadAttributes (373ms)
			ProcessInitializeOnLoadMethodAttributes (45ms)
			AfterProcessingInitializeOnLoad (1ms)
			EditorAssembliesLoaded (0ms)
		ExecutionOrderSort2 (0ms)
		AwakeInstancesAfterBackupRestoration (8ms)
Refreshing native plugins compatible for Editor in 0.97 ms, found 5 plugins.
Preloading 0 native plugins for Editor in 0.00 ms.
Unloading 14 Unused Serialized files (Serialized files now loaded: 0)
Unloading 6594 unused Assets / (3.6 MB). Loaded Objects now: 7479.
Memory consumption went from 155.3 MB to 151.7 MB.
Total: 8.372500 ms (FindLiveObjects: 0.399500 ms CreateObjectMapping: 0.286584 ms MarkObjects: 5.648333 ms  DeleteObjects: 2.036834 ms)

Prepare: number of updated asset objects reloaded= 0
========================================================================
Received Prepare
Refreshing native plugins compatible for Editor in 0.91 ms, found 5 plugins.
Preloading 0 native plugins for Editor in 0.00 ms.
Unloading 14 Unused Serialized files (Serialized files now loaded: 0)
Unloading 6575 unused Assets / (4.2 MB). Loaded Objects now: 7479.
Memory consumption went from 153.9 MB to 149.7 MB.
Total: 7.141500 ms (FindLiveObjects: 0.378916 ms CreateObjectMapping: 0.210875 ms MarkObjects: 4.836542 ms  DeleteObjects: 1.714500 ms)

Prepare: number of updated asset objects reloaded= 0
========================================================================
Received Prepare
Begin MonoManager ReloadAssembly
Thread 0x17f9af000 may have been prematurely finalized
- Loaded All Assemblies, in  0.594 seconds
Refreshing native plugins compatible for Editor in 0.96 ms, found 5 plugins.
Native extension for LinuxStandalone target not found
Native extension for iOS target not found
Native extension for Android target not found
Native extension for OSXStandalone target not found
Native extension for WebGL target not found
Mono: successfully reloaded assembly
- Finished resetting the current domain, in  0.754 seconds
Domain Reload Profiling: 1351ms
	BeginReloadAssembly (151ms)
		ExecutionOrderSort (0ms)
		DisableScriptedObjects (5ms)
		BackupInstance (0ms)
		ReleaseScriptingObjects (0ms)
		CreateAndSetChildDomain (70ms)
	RebuildCommonClasses (35ms)
	RebuildNativeTypeToScriptingClass (13ms)
	initialDomainReloadingComplete (21ms)
	LoadAllAssembliesAndSetupDomain (377ms)
		LoadAssemblies (245ms)
		RebuildTransferFunctionScriptingTraits (0ms)
		AnalyzeDomain (174ms)
			TypeCache.Refresh (12ms)
				TypeCache.ScanAssembly (1ms)
			BuildScriptInfoCaches (147ms)
			ResolveRequiredComponents (13ms)
	FinalizeReload (754ms)
		ReleaseScriptCaches (0ms)
		RebuildScriptCaches (0ms)
		SetupLoadedEditorAssemblies (579ms)
			LogAssemblyErrors (0ms)
			InitializePlatformSupportModulesInManaged (41ms)
			SetLoadedEditorAssemblies (5ms)
			BeforeProcessingInitializeOnLoad (102ms)
			ProcessInitializeOnLoadAttributes (383ms)
			ProcessInitializeOnLoadMethodAttributes (45ms)
			AfterProcessingInitializeOnLoad (1ms)
			EditorAssembliesLoaded (0ms)
		ExecutionOrderSort2 (0ms)
		AwakeInstancesAfterBackupRestoration (8ms)
Refreshing native plugins compatible for Editor in 1.04 ms, found 5 plugins.
Preloading 0 native plugins for Editor in 0.00 ms.
Unloading 14 Unused Serialized files (Serialized files now loaded: 0)
Unloading 6594 unused Assets / (4.3 MB). Loaded Objects now: 7481.
Memory consumption went from 155.2 MB to 151.0 MB.
Total: 8.491667 ms (FindLiveObjects: 0.387750 ms CreateObjectMapping: 0.319125 ms MarkObjects: 5.719542 ms  DeleteObjects: 2.064875 ms)

Prepare: number of updated asset objects reloaded= 0
========================================================================
Received Import Request.
  Time since last request: 16.386084 seconds.
  path: Assets/Scripts/GameSystem/Result/ResultPhaseView.cs
  artifactKey: Guid(66a7a8b68d78e443d87fb31c5a516c49) Importer(2089858483,192608db42251d675da83286b1cce702)
Start importing Assets/Scripts/GameSystem/Result/ResultPhaseView.cs using Guid(66a7a8b68d78e443d87fb31c5a516c49) Importer(2089858483,192608db42251d675da83286b1cce702) (ScriptedImporter) -> (artifact id: 'fa25ab3b47981f0e817891e88aad9e8f') in 0.154861958 seconds
Number of updated asset objects reloaded before import = 0Number of asset objects unloaded after import = 0

========================================================================
Received Prepare
Refreshing native plugins compatible for Editor in 1.20 ms, found 5 plugins.
Preloading 0 native plugins for Editor in 0.00 ms.
Unloading 14 Unused Serialized files (Serialized files now loaded: 0)
Unloading 6575 unused Assets / (4.1 MB). Loaded Objects now: 7481.
Memory consumption went from 153.9 MB to 149.9 MB.
Total: 7.243958 ms (FindLiveObjects: 0.386500 ms CreateObjectMapping: 0.225000 ms MarkObjects: 4.866959 ms  DeleteObjects: 1.764916 ms)

Prepare: number of updated asset objects reloaded= 0
========================================================================
Received Import Request.
  Time since last request: 83.932002 seconds.
  path: Assets/Scripts/GameSystem/Result/ResultPhaseView.cs
  artifactKey: Guid(66a7a8b68d78e443d87fb31c5a516c49) Importer(815301076,1909f56bfc062723c751e8b465ee728b)
Start importing Assets/Scripts/GameSystem/Result/ResultPhaseView.cs using Guid(66a7a8b68d78e443d87fb31c5a516c49) Importer(815301076,1909f56bfc062723c751e8b465ee728b) (PreviewImporter) -> (artifact id: '1925f853a1f7eaa0435c9a353871ba8c') in 0.000526917 seconds
Number of updated asset objects reloaded before import = 0Number of asset objects unloaded after import = 0

========================================================================
Received Import Request.
  Time since last request: 0.866755 seconds.
  path: Assets/Scripts/GameSystem/Result/ResultPhaseView.cs
  artifactKey: Guid(66a7a8b68d78e443d87fb31c5a516c49) Importer(2089858483,192608db42251d675da83286b1cce702)
Start importing Assets/Scripts/GameSystem/Result/ResultPhaseView.cs using Guid(66a7a8b68d78e443d87fb31c5a516c49) Importer(2089858483,192608db42251d675da83286b1cce702) (ScriptedImporter) -> (artifact id: 'd5b3ae1305317b6f51e612dce0d18f22') in 0.003252375 seconds
Number of updated asset objects reloaded before import = 0Number of asset objects unloaded after import = 0

========================================================================
Received Prepare
Begin MonoManager ReloadAssembly
Thread 0x17f9af000 may have been prematurely finalized
- Loaded All Assemblies, in  0.648 seconds
Refreshing native plugins compatible for Editor in 0.99 ms, found 5 plugins.
Native extension for LinuxStandalone target not found
Native extension for iOS target not found
Native extension for Android target not found
Native extension for OSXStandalone target not found
Native extension for WebGL target not found
Mono: successfully reloaded assembly
- Finished resetting the current domain, in  0.749 seconds
Domain Reload Profiling: 1400ms
	BeginReloadAssembly (177ms)
		ExecutionOrderSort (0ms)
		DisableScriptedObjects (5ms)
		BackupInstance (0ms)
		ReleaseScriptingObjects (0ms)
		CreateAndSetChildDomain (96ms)
	RebuildCommonClasses (33ms)
	RebuildNativeTypeToScriptingClass (13ms)
	initialDomainReloadingComplete (21ms)
	LoadAllAssembliesAndSetupDomain (407ms)
		LoadAssemblies (273ms)
		RebuildTransferFunctionScriptingTraits (0ms)
		AnalyzeDomain (176ms)
			TypeCache.Refresh (12ms)
				TypeCache.ScanAssembly (1ms)
			BuildScriptInfoCaches (148ms)
			ResolveRequiredComponents (14ms)
	FinalizeReload (749ms)
		ReleaseScriptCaches (0ms)
		RebuildScriptCaches (0ms)
		SetupLoadedEditorAssemblies (575ms)
			LogAssemblyErrors (0ms)
			InitializePlatformSupportModulesInManaged (43ms)
			SetLoadedEditorAssemblies (4ms)
			BeforeProcessingInitializeOnLoad (104ms)
			ProcessInitializeOnLoadAttributes (377ms)
			ProcessInitializeOnLoadMethodAttributes (46ms)
			AfterProcessingInitializeOnLoad (1ms)
			EditorAssembliesLoaded (0ms)
		ExecutionOrderSort2 (0ms)
		AwakeInstancesAfterBackupRestoration (7ms)
Refreshing native plugins compatible for Editor in 0.94 ms, found 5 plugins.
Preloading 0 native plugins for Editor in 0.00 ms.
Unloading 14 Unused Serialized files (Serialized files now loaded: 0)
Unloading 6594 unused Assets / (4.3 MB). Loaded Objects now: 7483.
Memory consumption went from 155.2 MB to 150.9 MB.
Total: 7.319042 ms (FindLiveObjects: 0.348042 ms CreateObjectMapping: 0.272208 ms MarkObjects: 4.853542 ms  DeleteObjects: 1.844416 ms)

Prepare: number of updated asset objects reloaded= 0
========================================================================
Received Prepare
Refreshing native plugins compatible for Editor in 1.18 ms, found 5 plugins.
Preloading 0 native plugins for Editor in 0.00 ms.
Unloading 14 Unused Serialized files (Serialized files now loaded: 0)
Unloading 6575 unused Assets / (4.0 MB). Loaded Objects now: 7483.
Memory consumption went from 153.9 MB to 149.9 MB.
Total: 7.224167 ms (FindLiveObjects: 0.360542 ms CreateObjectMapping: 0.224166 ms MarkObjects: 4.878167 ms  DeleteObjects: 1.760875 ms)

Prepare: number of updated asset objects reloaded= 0
========================================================================
Received Import Request.
  Time since last request: 88.138239 seconds.
  path: Assets/Scripts/GameSystem/Result/ResultPhaseView.cs
  artifactKey: Guid(66a7a8b68d78e443d87fb31c5a516c49) Importer(815301076,1909f56bfc062723c751e8b465ee728b)
Start importing Assets/Scripts/GameSystem/Result/ResultPhaseView.cs using Guid(66a7a8b68d78e443d87fb31c5a516c49) Importer(815301076,1909f56bfc062723c751e8b465ee728b) (PreviewImporter) -> (artifact id: '0bf539ed179747e8223428294a849a7f') in 0.00153075 seconds
Number of updated asset objects reloaded before import = 0Number of asset objects unloaded after import = 0

========================================================================
Received Import Request.
  Time since last request: 0.939210 seconds.
  path: Assets/Scripts/GameSystem/Result/ResultPhaseView.cs
  artifactKey: Guid(66a7a8b68d78e443d87fb31c5a516c49) Importer(2089858483,192608db42251d675da83286b1cce702)
Start importing Assets/Scripts/GameSystem/Result/ResultPhaseView.cs using Guid(66a7a8b68d78e443d87fb31c5a516c49) Importer(2089858483,192608db42251d675da83286b1cce702) (ScriptedImporter) -> (artifact id: '00000000000000000000000000000000') in 0.151940333 seconds
Import Error Code:(4)
Message: Build asset version error: assets/scripts/gamesystem/result/resultphaseview.cs in SourceAssetDB has modification time of '2025-06-15T17:03:21Z' while content on disk has modification time of '2025-06-15T17:03:25Z'
  ERROR: Build asset version error: assets/scripts/gamesystem/result/resultphaseview.cs in SourceAssetDB has modification time of '2025-06-15T17:03:21Z' while content on disk has modification time of '2025-06-15T17:03:25Z'
Number of updated asset objects reloaded before import = 0Number of asset objects unloaded after import = 0

========================================================================
Received Prepare
Refreshing native plugins compatible for Editor in 0.96 ms, found 5 plugins.
Preloading 0 native plugins for Editor in 0.00 ms.
Unloading 14 Unused Serialized files (Serialized files now loaded: 0)
Unloading 6575 unused Assets / (3.4 MB). Loaded Objects now: 7483.
Memory consumption went from 153.9 MB to 150.5 MB.
Total: 7.501333 ms (FindLiveObjects: 0.383958 ms CreateObjectMapping: 0.227542 ms MarkObjects: 5.180833 ms  DeleteObjects: 1.708375 ms)

Prepare: number of updated asset objects reloaded= 0
========================================================================
Received Import Request.
  Time since last request: 10.411264 seconds.
  path: Assets/Scripts/GameSystem/Result/ResultPhaseView.cs
  artifactKey: Guid(66a7a8b68d78e443d87fb31c5a516c49) Importer(2089858483,192608db42251d675da83286b1cce702)
Start importing Assets/Scripts/GameSystem/Result/ResultPhaseView.cs using Guid(66a7a8b68d78e443d87fb31c5a516c49) Importer(2089858483,192608db42251d675da83286b1cce702) (ScriptedImporter) -> (artifact id: '108845cb516e62a4f618e2ab374566a2') in 0.005693375 seconds
Number of updated asset objects reloaded before import = 0Number of asset objects unloaded after import = 0

========================================================================
Received Prepare
Refreshing native plugins compatible for Editor in 1.09 ms, found 5 plugins.
Preloading 0 native plugins for Editor in 0.00 ms.
Unloading 14 Unused Serialized files (Serialized files now loaded: 0)
Unloading 6575 unused Assets / (3.9 MB). Loaded Objects now: 7483.
Memory consumption went from 153.9 MB to 150.0 MB.
Total: 6.875041 ms (FindLiveObjects: 0.361875 ms CreateObjectMapping: 0.208667 ms MarkObjects: 4.741250 ms  DeleteObjects: 1.562584 ms)

Prepare: number of updated asset objects reloaded= 0
========================================================================
Received Import Request.
  Time since last request: 60.533533 seconds.
  path: Assets/Scripts/GameSystem/Result/ResultPhaseView.cs
  artifactKey: Guid(66a7a8b68d78e443d87fb31c5a516c49) Importer(815301076,1909f56bfc062723c751e8b465ee728b)
Start importing Assets/Scripts/GameSystem/Result/ResultPhaseView.cs using Guid(66a7a8b68d78e443d87fb31c5a516c49) Importer(815301076,1909f56bfc062723c751e8b465ee728b) (PreviewImporter) -> (artifact id: 'a2169a81c5e707163f4f3a6438f4c52e') in 0.000409333 seconds
Number of updated asset objects reloaded before import = 0Number of asset objects unloaded after import = 0

========================================================================
Received Import Request.
  Time since last request: 0.807257 seconds.
  path: Assets/Scripts/GameSystem/Result/ResultPhaseView.cs
  artifactKey: Guid(66a7a8b68d78e443d87fb31c5a516c49) Importer(2089858483,192608db42251d675da83286b1cce702)
Start importing Assets/Scripts/GameSystem/Result/ResultPhaseView.cs using Guid(66a7a8b68d78e443d87fb31c5a516c49) Importer(2089858483,192608db42251d675da83286b1cce702) (ScriptedImporter) -> (artifact id: '3bec7eb93baab06e8961736e7ef37d1c') in 0.003334 seconds
Number of updated asset objects reloaded before import = 0Number of asset objects unloaded after import = 0

========================================================================
Received Prepare
Begin MonoManager ReloadAssembly
Thread 0x17f9af000 may have been prematurely finalized
- Loaded All Assemblies, in  0.605 seconds
Refreshing native plugins compatible for Editor in 0.89 ms, found 5 plugins.
Native extension for LinuxStandalone target not found
Native extension for iOS target not found
Native extension for Android target not found
Native extension for OSXStandalone target not found
Native extension for WebGL target not found
Mono: successfully reloaded assembly
- Finished resetting the current domain, in  0.751 seconds
Domain Reload Profiling: 1360ms
	BeginReloadAssembly (168ms)
		ExecutionOrderSort (0ms)
		DisableScriptedObjects (5ms)
		BackupInstance (0ms)
		ReleaseScriptingObjects (0ms)
		CreateAndSetChildDomain (87ms)
	RebuildCommonClasses (34ms)
	RebuildNativeTypeToScriptingClass (12ms)
	initialDomainReloadingComplete (20ms)
	LoadAllAssembliesAndSetupDomain (374ms)
		LoadAssemblies (236ms)
		RebuildTransferFunctionScriptingTraits (0ms)
		AnalyzeDomain (179ms)
			TypeCache.Refresh (12ms)
				TypeCache.ScanAssembly (1ms)
			BuildScriptInfoCaches (151ms)
			ResolveRequiredComponents (14ms)
	FinalizeReload (751ms)
		ReleaseScriptCaches (0ms)
		RebuildScriptCaches (0ms)
		SetupLoadedEditorAssemblies (573ms)
			LogAssemblyErrors (0ms)
			InitializePlatformSupportModulesInManaged (45ms)
			SetLoadedEditorAssemblies (4ms)
			BeforeProcessingInitializeOnLoad (103ms)
			ProcessInitializeOnLoadAttributes (370ms)
			ProcessInitializeOnLoadMethodAttributes (48ms)
			AfterProcessingInitializeOnLoad (1ms)
			EditorAssembliesLoaded (0ms)
		ExecutionOrderSort2 (0ms)
		AwakeInstancesAfterBackupRestoration (8ms)
Refreshing native plugins compatible for Editor in 1.02 ms, found 5 plugins.
Preloading 0 native plugins for Editor in 0.00 ms.
Unloading 14 Unused Serialized files (Serialized files now loaded: 0)
Unloading 6594 unused Assets / (4.2 MB). Loaded Objects now: 7485.
Memory consumption went from 154.9 MB to 150.7 MB.
Total: 8.004625 ms (FindLiveObjects: 0.404916 ms CreateObjectMapping: 0.315083 ms MarkObjects: 5.189042 ms  DeleteObjects: 2.095125 ms)

Prepare: number of updated asset objects reloaded= 0
========================================================================
Received Prepare
Refreshing native plugins compatible for Editor in 1.03 ms, found 5 plugins.
Preloading 0 native plugins for Editor in 0.00 ms.
Unloading 14 Unused Serialized files (Serialized files now loaded: 0)
Unloading 6575 unused Assets / (4.0 MB). Loaded Objects now: 7485.
Memory consumption went from 153.9 MB to 149.9 MB.
Total: 7.146875 ms (FindLiveObjects: 0.357959 ms CreateObjectMapping: 0.204625 ms MarkObjects: 4.892291 ms  DeleteObjects: 1.691333 ms)

Prepare: number of updated asset objects reloaded= 0
========================================================================
Received Prepare
Begin MonoManager ReloadAssembly
Thread 0x17f9af000 may have been prematurely finalized
- Loaded All Assemblies, in  0.597 seconds
Refreshing native plugins compatible for Editor in 0.96 ms, found 5 plugins.
Native extension for LinuxStandalone target not found
Native extension for iOS target not found
Native extension for Android target not found
Native extension for OSXStandalone target not found
Native extension for WebGL target not found
Mono: successfully reloaded assembly
- Finished resetting the current domain, in  0.750 seconds
Domain Reload Profiling: 1349ms
	BeginReloadAssembly (151ms)
		ExecutionOrderSort (0ms)
		DisableScriptedObjects (5ms)
		BackupInstance (0ms)
		ReleaseScriptingObjects (0ms)
		CreateAndSetChildDomain (71ms)
	RebuildCommonClasses (35ms)
	RebuildNativeTypeToScriptingClass (12ms)
	initialDomainReloadingComplete (21ms)
	LoadAllAssembliesAndSetupDomain (380ms)
		LoadAssemblies (246ms)
		RebuildTransferFunctionScriptingTraits (0ms)
		AnalyzeDomain (175ms)
			TypeCache.Refresh (12ms)
				TypeCache.ScanAssembly (2ms)
			BuildScriptInfoCaches (148ms)
			ResolveRequiredComponents (13ms)
	FinalizeReload (750ms)
		ReleaseScriptCaches (0ms)
		RebuildScriptCaches (0ms)
		SetupLoadedEditorAssemblies (576ms)
			LogAssemblyErrors (0ms)
			InitializePlatformSupportModulesInManaged (43ms)
			SetLoadedEditorAssemblies (5ms)
			BeforeProcessingInitializeOnLoad (107ms)
			ProcessInitializeOnLoadAttributes (371ms)
			ProcessInitializeOnLoadMethodAttributes (48ms)
			AfterProcessingInitializeOnLoad (1ms)
			EditorAssembliesLoaded (0ms)
		ExecutionOrderSort2 (0ms)
		AwakeInstancesAfterBackupRestoration (7ms)
Refreshing native plugins compatible for Editor in 0.99 ms, found 5 plugins.
Preloading 0 native plugins for Editor in 0.00 ms.
Unloading 14 Unused Serialized files (Serialized files now loaded: 0)
Unloading 6594 unused Assets / (4.3 MB). Loaded Objects now: 7487.
Memory consumption went from 154.8 MB to 150.4 MB.
Total: 8.262667 ms (FindLiveObjects: 0.385708 ms CreateObjectMapping: 0.318417 ms MarkObjects: 5.471209 ms  DeleteObjects: 2.086500 ms)

Prepare: number of updated asset objects reloaded= 0
========================================================================
Received Import Request.
  Time since last request: 26.287626 seconds.
  path: Assets/Scripts/GameSystem/Result/ResultPhaseView.cs
  artifactKey: Guid(66a7a8b68d78e443d87fb31c5a516c49) Importer(2089858483,192608db42251d675da83286b1cce702)
Start importing Assets/Scripts/GameSystem/Result/ResultPhaseView.cs using Guid(66a7a8b68d78e443d87fb31c5a516c49) Importer(2089858483,192608db42251d675da83286b1cce702) (ScriptedImporter) -> (artifact id: 'c74e05c1428ae25bcdc37cca10db07b8') in 0.1464895 seconds
Number of updated asset objects reloaded before import = 0Number of asset objects unloaded after import = 0

========================================================================
Received Prepare
Refreshing native plugins compatible for Editor in 1.10 ms, found 5 plugins.
Preloading 0 native plugins for Editor in 0.00 ms.
Unloading 14 Unused Serialized files (Serialized files now loaded: 0)
Unloading 6575 unused Assets / (4.2 MB). Loaded Objects now: 7487.
Memory consumption went from 153.9 MB to 149.7 MB.
Total: 7.535458 ms (FindLiveObjects: 0.402166 ms CreateObjectMapping: 0.227834 ms MarkObjects: 5.109291 ms  DeleteObjects: 1.795750 ms)

Prepare: number of updated asset objects reloaded= 0
========================================================================
Received Import Request.
  Time since last request: 33.076875 seconds.
  path: Assets/Scripts/GameSystem/Result/ResultPhaseView.cs
  artifactKey: Guid(66a7a8b68d78e443d87fb31c5a516c49) Importer(815301076,1909f56bfc062723c751e8b465ee728b)
Start importing Assets/Scripts/GameSystem/Result/ResultPhaseView.cs using Guid(66a7a8b68d78e443d87fb31c5a516c49) Importer(815301076,1909f56bfc062723c751e8b465ee728b) (PreviewImporter) -> (artifact id: '8319b1fb222061be53eb7539e7f832c4') in 0.000618958 seconds
Number of updated asset objects reloaded before import = 0Number of asset objects unloaded after import = 0

========================================================================
Received Import Request.
  Time since last request: 0.930639 seconds.
  path: Assets/Scripts/GameSystem/Result/ResultPhaseView.cs
  artifactKey: Guid(66a7a8b68d78e443d87fb31c5a516c49) Importer(2089858483,192608db42251d675da83286b1cce702)
Start importing Assets/Scripts/GameSystem/Result/ResultPhaseView.cs using Guid(66a7a8b68d78e443d87fb31c5a516c49) Importer(2089858483,192608db42251d675da83286b1cce702) (ScriptedImporter) -> (artifact id: 'e22044dd42f264774b7c496bd1918673') in 0.003213 seconds
Number of updated asset objects reloaded before import = 0Number of asset objects unloaded after import = 0

========================================================================
Received Prepare
Begin MonoManager ReloadAssembly
Thread 0x17f9af000 may have been prematurely finalized
- Loaded All Assemblies, in  0.614 seconds
Refreshing native plugins compatible for Editor in 0.88 ms, found 5 plugins.
Native extension for LinuxStandalone target not found
Native extension for iOS target not found
Native extension for Android target not found
Native extension for OSXStandalone target not found
Native extension for WebGL target not found
Mono: successfully reloaded assembly
- Finished resetting the current domain, in  0.766 seconds
Domain Reload Profiling: 1383ms
	BeginReloadAssembly (169ms)
		ExecutionOrderSort (0ms)
		DisableScriptedObjects (5ms)
		BackupInstance (0ms)
		ReleaseScriptingObjects (0ms)
		CreateAndSetChildDomain (88ms)
	RebuildCommonClasses (35ms)
	RebuildNativeTypeToScriptingClass (13ms)
	initialDomainReloadingComplete (21ms)
	LoadAllAssembliesAndSetupDomain (378ms)
		LoadAssemblies (243ms)
		RebuildTransferFunctionScriptingTraits (0ms)
		AnalyzeDomain (176ms)
			TypeCache.Refresh (12ms)
				TypeCache.ScanAssembly (1ms)
			BuildScriptInfoCaches (149ms)
			ResolveRequiredComponents (13ms)
	FinalizeReload (767ms)
		ReleaseScriptCaches (0ms)
		RebuildScriptCaches (0ms)
		SetupLoadedEditorAssemblies (590ms)
			LogAssemblyErrors (0ms)
			InitializePlatformSupportModulesInManaged (45ms)
			SetLoadedEditorAssemblies (5ms)
			BeforeProcessingInitializeOnLoad (109ms)
			ProcessInitializeOnLoadAttributes (384ms)
			ProcessInitializeOnLoadMethodAttributes (46ms)
			AfterProcessingInitializeOnLoad (1ms)
			EditorAssembliesLoaded (0ms)
		ExecutionOrderSort2 (0ms)
		AwakeInstancesAfterBackupRestoration (9ms)
Refreshing native plugins compatible for Editor in 1.18 ms, found 5 plugins.
Preloading 0 native plugins for Editor in 0.00 ms.
Unloading 14 Unused Serialized files (Serialized files now loaded: 0)
Unloading 6594 unused Assets / (4.3 MB). Loaded Objects now: 7489.
Memory consumption went from 154.7 MB to 150.4 MB.
Total: 7.684708 ms (FindLiveObjects: 0.400375 ms CreateObjectMapping: 0.301958 ms MarkObjects: 5.091000 ms  DeleteObjects: 1.891041 ms)

Prepare: number of updated asset objects reloaded= 0
========================================================================
Received Prepare
Refreshing native plugins compatible for Editor in 1.16 ms, found 5 plugins.
Preloading 0 native plugins for Editor in 0.00 ms.
Unloading 14 Unused Serialized files (Serialized files now loaded: 0)
Unloading 6575 unused Assets / (4.2 MB). Loaded Objects now: 7489.
Memory consumption went from 153.9 MB to 149.7 MB.
Total: 7.706500 ms (FindLiveObjects: 0.401125 ms CreateObjectMapping: 0.249500 ms MarkObjects: 5.095250 ms  DeleteObjects: 1.960084 ms)

Prepare: number of updated asset objects reloaded= 0
========================================================================
Received Prepare
Begin MonoManager ReloadAssembly
Thread 0x17f9af000 may have been prematurely finalized
- Loaded All Assemblies, in  0.586 seconds
Refreshing native plugins compatible for Editor in 0.98 ms, found 5 plugins.
Native extension for LinuxStandalone target not found
Native extension for iOS target not found
Native extension for Android target not found
Native extension for OSXStandalone target not found
Native extension for WebGL target not found
Mono: successfully reloaded assembly
- Finished resetting the current domain, in  0.753 seconds
Domain Reload Profiling: 1342ms
	BeginReloadAssembly (152ms)
		ExecutionOrderSort (0ms)
		DisableScriptedObjects (5ms)
		BackupInstance (0ms)
		ReleaseScriptingObjects (0ms)
		CreateAndSetChildDomain (69ms)
	RebuildCommonClasses (35ms)
	RebuildNativeTypeToScriptingClass (13ms)
	initialDomainReloadingComplete (20ms)
	LoadAllAssembliesAndSetupDomain (369ms)
		LoadAssemblies (240ms)
		RebuildTransferFunctionScriptingTraits (0ms)
		AnalyzeDomain (173ms)
			TypeCache.Refresh (12ms)
				TypeCache.ScanAssembly (1ms)
			BuildScriptInfoCaches (145ms)
			ResolveRequiredComponents (13ms)
	FinalizeReload (753ms)
		ReleaseScriptCaches (0ms)
		RebuildScriptCaches (0ms)
		SetupLoadedEditorAssemblies (582ms)
			LogAssemblyErrors (0ms)
			InitializePlatformSupportModulesInManaged (42ms)
			SetLoadedEditorAssemblies (4ms)
			BeforeProcessingInitializeOnLoad (107ms)
			ProcessInitializeOnLoadAttributes (381ms)
			ProcessInitializeOnLoadMethodAttributes (46ms)
			AfterProcessingInitializeOnLoad (1ms)
			EditorAssembliesLoaded (0ms)
		ExecutionOrderSort2 (0ms)
		AwakeInstancesAfterBackupRestoration (8ms)
Refreshing native plugins compatible for Editor in 1.10 ms, found 5 plugins.
Preloading 0 native plugins for Editor in 0.00 ms.
Unloading 14 Unused Serialized files (Serialized files now loaded: 0)
Unloading 6594 unused Assets / (4.2 MB). Loaded Objects now: 7491.
Memory consumption went from 154.6 MB to 150.4 MB.
Total: 8.101250 ms (FindLiveObjects: 0.390875 ms CreateObjectMapping: 0.302375 ms MarkObjects: 5.322041 ms  DeleteObjects: 2.085208 ms)

Prepare: number of updated asset objects reloaded= 0
========================================================================
Received Import Request.
  Time since last request: 45.786072 seconds.
  path: Assets/Scripts/GameSystem/Result/ResultPhase.cs
  artifactKey: Guid(25d8f1d1d81d44853b6a234381d879df) Importer(2089858483,192608db42251d675da83286b1cce702)
Start importing Assets/Scripts/GameSystem/Result/ResultPhase.cs using Guid(25d8f1d1d81d44853b6a234381d879df) Importer(2089858483,192608db42251d675da83286b1cce702) (ScriptedImporter) -> (artifact id: 'afff18cb35fd2f252f50cdfca3f5aef5') in 0.144853916 seconds
Number of updated asset objects reloaded before import = 0Number of asset objects unloaded after import = 0

========================================================================
Received Prepare
Refreshing native plugins compatible for Editor in 1.17 ms, found 5 plugins.
Preloading 0 native plugins for Editor in 0.00 ms.
Unloading 14 Unused Serialized files (Serialized files now loaded: 0)
Unloading 6575 unused Assets / (4.2 MB). Loaded Objects now: 7491.
Memory consumption went from 153.9 MB to 149.7 MB.
Total: 7.729500 ms (FindLiveObjects: 0.402250 ms CreateObjectMapping: 0.234292 ms MarkObjects: 5.292541 ms  DeleteObjects: 1.799791 ms)

Prepare: number of updated asset objects reloaded= 0
========================================================================
Received Prepare
Begin MonoManager ReloadAssembly
Thread 0x17f9af000 may have been prematurely finalized
- Loaded All Assemblies, in  0.592 seconds
Refreshing native plugins compatible for Editor in 0.97 ms, found 5 plugins.
Native extension for LinuxStandalone target not found
Native extension for iOS target not found
Native extension for Android target not found
Native extension for OSXStandalone target not found
Native extension for WebGL target not found
Mono: successfully reloaded assembly
- Finished resetting the current domain, in  0.752 seconds
Domain Reload Profiling: 1348ms
	BeginReloadAssembly (166ms)
		ExecutionOrderSort (0ms)
		DisableScriptedObjects (5ms)
		BackupInstance (0ms)
		ReleaseScriptingObjects (0ms)
		CreateAndSetChildDomain (85ms)
	RebuildCommonClasses (34ms)
	RebuildNativeTypeToScriptingClass (13ms)
	initialDomainReloadingComplete (20ms)
	LoadAllAssembliesAndSetupDomain (362ms)
		LoadAssemblies (233ms)
		RebuildTransferFunctionScriptingTraits (0ms)
		AnalyzeDomain (171ms)
			TypeCache.Refresh (12ms)
				TypeCache.ScanAssembly (1ms)
			BuildScriptInfoCaches (144ms)
			ResolveRequiredComponents (13ms)
	FinalizeReload (753ms)
		ReleaseScriptCaches (0ms)
		RebuildScriptCaches (0ms)
		SetupLoadedEditorAssemblies (575ms)
			LogAssemblyErrors (0ms)
			InitializePlatformSupportModulesInManaged (43ms)
			SetLoadedEditorAssemblies (4ms)
			BeforeProcessingInitializeOnLoad (104ms)
			ProcessInitializeOnLoadAttributes (375ms)
			ProcessInitializeOnLoadMethodAttributes (46ms)
			AfterProcessingInitializeOnLoad (1ms)
			EditorAssembliesLoaded (0ms)
		ExecutionOrderSort2 (0ms)
		AwakeInstancesAfterBackupRestoration (8ms)
Refreshing native plugins compatible for Editor in 1.04 ms, found 5 plugins.
Preloading 0 native plugins for Editor in 0.00 ms.
Unloading 14 Unused Serialized files (Serialized files now loaded: 0)
Unloading 6594 unused Assets / (4.0 MB). Loaded Objects now: 7493.
Memory consumption went from 154.5 MB to 150.5 MB.
Total: 7.731917 ms (FindLiveObjects: 0.376292 ms CreateObjectMapping: 0.299000 ms MarkObjects: 5.026458 ms  DeleteObjects: 2.029667 ms)

Prepare: number of updated asset objects reloaded= 0
========================================================================
Received Import Request.
  Time since last request: 13.204862 seconds.
  path: Assets/Scripts/GameSystem/Result/ResultPhase.cs
  artifactKey: Guid(25d8f1d1d81d44853b6a234381d879df) Importer(2089858483,192608db42251d675da83286b1cce702)
Start importing Assets/Scripts/GameSystem/Result/ResultPhase.cs using Guid(25d8f1d1d81d44853b6a234381d879df) Importer(2089858483,192608db42251d675da83286b1cce702) (ScriptedImporter) -> (artifact id: '0d2592a501939ae958d663927223ecaa') in 0.143400333 seconds
Number of updated asset objects reloaded before import = 0Number of asset objects unloaded after import = 0

========================================================================
Received Prepare
Refreshing native plugins compatible for Editor in 1.40 ms, found 5 plugins.
Preloading 0 native plugins for Editor in 0.00 ms.
Unloading 14 Unused Serialized files (Serialized files now loaded: 0)
Unloading 6575 unused Assets / (4.2 MB). Loaded Objects now: 7493.
Memory consumption went from 153.9 MB to 149.8 MB.
Total: 7.382792 ms (FindLiveObjects: 0.383083 ms CreateObjectMapping: 0.217500 ms MarkObjects: 5.064709 ms  DeleteObjects: 1.716792 ms)

Prepare: number of updated asset objects reloaded= 0
========================================================================
Received Import Request.
  Time since last request: 159.902494 seconds.
  path: Assets/Scripts/GameSystem/Result/ResultPhase.cs
  artifactKey: Guid(25d8f1d1d81d44853b6a234381d879df) Importer(2089858483,192608db42251d675da83286b1cce702)
Start importing Assets/Scripts/GameSystem/Result/ResultPhase.cs using Guid(25d8f1d1d81d44853b6a234381d879df) Importer(2089858483,192608db42251d675da83286b1cce702) (ScriptedImporter) -> (artifact id: '038287e6673f6ea4faf4ce030b26d3db') in 0.00337475 seconds
Number of updated asset objects reloaded before import = 0Number of asset objects unloaded after import = 0

========================================================================
Received Prepare
Begin MonoManager ReloadAssembly
Thread 0x17f9b7000 may have been prematurely finalized
- Loaded All Assemblies, in  0.620 seconds
Refreshing native plugins compatible for Editor in 0.90 ms, found 5 plugins.
Native extension for LinuxStandalone target not found
Native extension for iOS target not found
Native extension for Android target not found
Native extension for OSXStandalone target not found
Native extension for WebGL target not found
Mono: successfully reloaded assembly
- Finished resetting the current domain, in  0.753 seconds
Domain Reload Profiling: 1377ms
	BeginReloadAssembly (167ms)
		ExecutionOrderSort (0ms)
		DisableScriptedObjects (5ms)
		BackupInstance (0ms)
		ReleaseScriptingObjects (0ms)
		CreateAndSetChildDomain (85ms)
	RebuildCommonClasses (34ms)
	RebuildNativeTypeToScriptingClass (13ms)
	initialDomainReloadingComplete (21ms)
	LoadAllAssembliesAndSetupDomain (389ms)
		LoadAssemblies (256ms)
		RebuildTransferFunctionScriptingTraits (0ms)
		AnalyzeDomain (176ms)
			TypeCache.Refresh (13ms)
				TypeCache.ScanAssembly (2ms)
			BuildScriptInfoCaches (147ms)
			ResolveRequiredComponents (13ms)
	FinalizeReload (754ms)
		ReleaseScriptCaches (0ms)
		RebuildScriptCaches (0ms)
		SetupLoadedEditorAssemblies (578ms)
			LogAssemblyErrors (0ms)
			InitializePlatformSupportModulesInManaged (43ms)
			SetLoadedEditorAssemblies (5ms)
			BeforeProcessingInitializeOnLoad (106ms)
			ProcessInitializeOnLoadAttributes (375ms)
			ProcessInitializeOnLoadMethodAttributes (48ms)
			AfterProcessingInitializeOnLoad (1ms)
			EditorAssembliesLoaded (0ms)
		ExecutionOrderSort2 (0ms)
		AwakeInstancesAfterBackupRestoration (8ms)
Refreshing native plugins compatible for Editor in 1.17 ms, found 5 plugins.
Preloading 0 native plugins for Editor in 0.00 ms.
Unloading 14 Unused Serialized files (Serialized files now loaded: 0)
Unloading 6594 unused Assets / (4.1 MB). Loaded Objects now: 7495.
Memory consumption went from 154.4 MB to 150.3 MB.
Total: 9.266000 ms (FindLiveObjects: 1.082916 ms CreateObjectMapping: 0.321042 ms MarkObjects: 5.596041 ms  DeleteObjects: 2.265250 ms)

Prepare: number of updated asset objects reloaded= 0
========================================================================
Received Prepare
Refreshing native plugins compatible for Editor in 1.73 ms, found 5 plugins.
Preloading 0 native plugins for Editor in 0.00 ms.
Unloading 14 Unused Serialized files (Serialized files now loaded: 0)
Unloading 6575 unused Assets / (4.1 MB). Loaded Objects now: 7495.
Memory consumption went from 153.9 MB to 149.9 MB.
Total: 7.531167 ms (FindLiveObjects: 0.671625 ms CreateObjectMapping: 0.216208 ms MarkObjects: 4.967625 ms  DeleteObjects: 1.670625 ms)

Prepare: number of updated asset objects reloaded= 0
========================================================================
Received Import Request.
  Time since last request: 37.397538 seconds.
  path: Assets/Scripts/GameSystem/Result/ResultPhaseView.cs
  artifactKey: Guid(66a7a8b68d78e443d87fb31c5a516c49) Importer(815301076,1909f56bfc062723c751e8b465ee728b)
Start importing Assets/Scripts/GameSystem/Result/ResultPhaseView.cs using Guid(66a7a8b68d78e443d87fb31c5a516c49) Importer(815301076,1909f56bfc062723c751e8b465ee728b) (PreviewImporter) -> (artifact id: '2c3e47fd228e2a3b297846b03c23bf62') in 0.00129475 seconds
Number of updated asset objects reloaded before import = 0Number of asset objects unloaded after import = 0

========================================================================
Received Prepare
Begin MonoManager ReloadAssembly
Thread 0x17f693000 may have been prematurely finalized
- Loaded All Assemblies, in  0.602 seconds
Refreshing native plugins compatible for Editor in 1.02 ms, found 5 plugins.
Native extension for LinuxStandalone target not found
Native extension for iOS target not found
Native extension for Android target not found
Native extension for OSXStandalone target not found
Native extension for WebGL target not found
Mono: successfully reloaded assembly
- Finished resetting the current domain, in  0.761 seconds
Domain Reload Profiling: 1366ms
	BeginReloadAssembly (159ms)
		ExecutionOrderSort (0ms)
		DisableScriptedObjects (5ms)
		BackupInstance (0ms)
		ReleaseScriptingObjects (0ms)
		CreateAndSetChildDomain (75ms)
	RebuildCommonClasses (35ms)
	RebuildNativeTypeToScriptingClass (12ms)
	initialDomainReloadingComplete (21ms)
	LoadAllAssembliesAndSetupDomain (378ms)
		LoadAssemblies (238ms)
		RebuildTransferFunctionScriptingTraits (0ms)
		AnalyzeDomain (183ms)
			TypeCache.Refresh (13ms)
				TypeCache.ScanAssembly (2ms)
			BuildScriptInfoCaches (154ms)
			ResolveRequiredComponents (13ms)
	FinalizeReload (761ms)
		ReleaseScriptCaches (0ms)
		RebuildScriptCaches (0ms)
		SetupLoadedEditorAssemblies (583ms)
			LogAssemblyErrors (0ms)
			InitializePlatformSupportModulesInManaged (45ms)
			SetLoadedEditorAssemblies (5ms)
			BeforeProcessingInitializeOnLoad (106ms)
			ProcessInitializeOnLoadAttributes (378ms)
			ProcessInitializeOnLoadMethodAttributes (49ms)
			AfterProcessingInitializeOnLoad (1ms)
			EditorAssembliesLoaded (0ms)
		ExecutionOrderSort2 (0ms)
		AwakeInstancesAfterBackupRestoration (8ms)
Refreshing native plugins compatible for Editor in 0.97 ms, found 5 plugins.
Preloading 0 native plugins for Editor in 0.00 ms.
Unloading 14 Unused Serialized files (Serialized files now loaded: 0)
Unloading 6594 unused Assets / (3.5 MB). Loaded Objects now: 7497.
Memory consumption went from 154.3 MB to 150.8 MB.
Total: 8.233916 ms (FindLiveObjects: 0.378541 ms CreateObjectMapping: 0.289667 ms MarkObjects: 5.433333 ms  DeleteObjects: 2.131500 ms)

Prepare: number of updated asset objects reloaded= 0
========================================================================
Received Import Request.
  Time since last request: 7.036109 seconds.
  path: Assets/Scripts/GameSystem/Result/ResultPhaseView.cs
  artifactKey: Guid(66a7a8b68d78e443d87fb31c5a516c49) Importer(2089858483,192608db42251d675da83286b1cce702)
Start importing Assets/Scripts/GameSystem/Result/ResultPhaseView.cs using Guid(66a7a8b68d78e443d87fb31c5a516c49) Importer(2089858483,192608db42251d675da83286b1cce702) (ScriptedImporter) -> (artifact id: 'd7eed2337170e8512fc205888ac1172a') in 0.149614625 seconds
Number of updated asset objects reloaded before import = 0Number of asset objects unloaded after import = 0

========================================================================
Received Prepare
Refreshing native plugins compatible for Editor in 1.20 ms, found 5 plugins.
Preloading 0 native plugins for Editor in 0.00 ms.
Unloading 14 Unused Serialized files (Serialized files now loaded: 0)
Unloading 6575 unused Assets / (4.1 MB). Loaded Objects now: 7497.
Memory consumption went from 154.0 MB to 149.8 MB.
Total: 7.299333 ms (FindLiveObjects: 0.396000 ms CreateObjectMapping: 0.223042 ms MarkObjects: 4.909833 ms  DeleteObjects: 1.769917 ms)

Prepare: number of updated asset objects reloaded= 0
========================================================================
Received Prepare
Begin MonoManager ReloadAssembly
Thread 0x17f693000 may have been prematurely finalized
- Loaded All Assemblies, in  0.585 seconds
Refreshing native plugins compatible for Editor in 1.00 ms, found 5 plugins.
Native extension for LinuxStandalone target not found
Native extension for iOS target not found
Native extension for Android target not found
Native extension for OSXStandalone target not found
Native extension for WebGL target not found
Mono: successfully reloaded assembly
- Finished resetting the current domain, in  0.757 seconds
Domain Reload Profiling: 1345ms
	BeginReloadAssembly (169ms)
		ExecutionOrderSort (0ms)
		DisableScriptedObjects (5ms)
		BackupInstance (0ms)
		ReleaseScriptingObjects (0ms)
		CreateAndSetChildDomain (88ms)
	RebuildCommonClasses (33ms)
	RebuildNativeTypeToScriptingClass (12ms)
	initialDomainReloadingComplete (20ms)
	LoadAllAssembliesAndSetupDomain (353ms)
		LoadAssemblies (228ms)
		RebuildTransferFunctionScriptingTraits (0ms)
		AnalyzeDomain (167ms)
			TypeCache.Refresh (11ms)
				TypeCache.ScanAssembly (1ms)
			BuildScriptInfoCaches (141ms)
			ResolveRequiredComponents (13ms)
	FinalizeReload (758ms)
		ReleaseScriptCaches (0ms)
		RebuildScriptCaches (0ms)
		SetupLoadedEditorAssemblies (587ms)
			LogAssemblyErrors (0ms)
			InitializePlatformSupportModulesInManaged (43ms)
			SetLoadedEditorAssemblies (5ms)
			BeforeProcessingInitializeOnLoad (109ms)
			ProcessInitializeOnLoadAttributes (382ms)
			ProcessInitializeOnLoadMethodAttributes (47ms)
			AfterProcessingInitializeOnLoad (1ms)
			EditorAssembliesLoaded (0ms)
		ExecutionOrderSort2 (0ms)
		AwakeInstancesAfterBackupRestoration (8ms)
Refreshing native plugins compatible for Editor in 0.95 ms, found 5 plugins.
Preloading 0 native plugins for Editor in 0.00 ms.
Unloading 14 Unused Serialized files (Serialized files now loaded: 0)
Unloading 6594 unused Assets / (3.7 MB). Loaded Objects now: 7499.
Memory consumption went from 154.1 MB to 150.3 MB.
Total: 7.214959 ms (FindLiveObjects: 0.376000 ms CreateObjectMapping: 0.296458 ms MarkObjects: 4.766125 ms  DeleteObjects: 1.775750 ms)

Prepare: number of updated asset objects reloaded= 0
========================================================================
Received Import Request.
  Time since last request: 10.751938 seconds.
  path: Assets/Scripts/GameSystem/Result/ResultPhase.cs
  artifactKey: Guid(25d8f1d1d81d44853b6a234381d879df) Importer(2089858483,192608db42251d675da83286b1cce702)
Start importing Assets/Scripts/GameSystem/Result/ResultPhase.cs using Guid(25d8f1d1d81d44853b6a234381d879df) Importer(2089858483,192608db42251d675da83286b1cce702) (ScriptedImporter) -> (artifact id: '3da4d55f14b8a6950b16a2769343118e') in 0.151290542 seconds
Number of updated asset objects reloaded before import = 0Number of asset objects unloaded after import = 0

========================================================================
Received Prepare
Refreshing native plugins compatible for Editor in 1.02 ms, found 5 plugins.
Preloading 0 native plugins for Editor in 0.00 ms.
Unloading 14 Unused Serialized files (Serialized files now loaded: 0)
Unloading 6575 unused Assets / (4.1 MB). Loaded Objects now: 7499.
Memory consumption went from 154.0 MB to 149.9 MB.
Total: 7.802416 ms (FindLiveObjects: 0.397875 ms CreateObjectMapping: 0.229375 ms MarkObjects: 5.380291 ms  DeleteObjects: 1.794334 ms)

Prepare: number of updated asset objects reloaded= 0
========================================================================
Received Prepare
Begin MonoManager ReloadAssembly
Thread 0x17f693000 may have been prematurely finalized
- Loaded All Assemblies, in  0.591 seconds
Refreshing native plugins compatible for Editor in 0.99 ms, found 5 plugins.
Native extension for LinuxStandalone target not found
Native extension for iOS target not found
Native extension for Android target not found
Native extension for OSXStandalone target not found
Native extension for WebGL target not found
Mono: successfully reloaded assembly
- Finished resetting the current domain, in  0.749 seconds
Domain Reload Profiling: 1343ms
	BeginReloadAssembly (165ms)
		ExecutionOrderSort (0ms)
		DisableScriptedObjects (5ms)
		BackupInstance (0ms)
		ReleaseScriptingObjects (0ms)
		CreateAndSetChildDomain (83ms)
	RebuildCommonClasses (33ms)
	RebuildNativeTypeToScriptingClass (13ms)
	initialDomainReloadingComplete (20ms)
	LoadAllAssembliesAndSetupDomain (363ms)
		LoadAssemblies (235ms)
		RebuildTransferFunctionScriptingTraits (0ms)
		AnalyzeDomain (171ms)
			TypeCache.Refresh (12ms)
				TypeCache.ScanAssembly (1ms)
			BuildScriptInfoCaches (144ms)
			ResolveRequiredComponents (13ms)
	FinalizeReload (749ms)
		ReleaseScriptCaches (0ms)
		RebuildScriptCaches (0ms)
		SetupLoadedEditorAssemblies (579ms)
			LogAssemblyErrors (0ms)
			InitializePlatformSupportModulesInManaged (42ms)
			SetLoadedEditorAssemblies (4ms)
			BeforeProcessingInitializeOnLoad (107ms)
			ProcessInitializeOnLoadAttributes (377ms)
			ProcessInitializeOnLoadMethodAttributes (47ms)
			AfterProcessingInitializeOnLoad (1ms)
			EditorAssembliesLoaded (0ms)
		ExecutionOrderSort2 (0ms)
		AwakeInstancesAfterBackupRestoration (8ms)
Refreshing native plugins compatible for Editor in 1.24 ms, found 5 plugins.
Preloading 0 native plugins for Editor in 0.00 ms.
Unloading 14 Unused Serialized files (Serialized files now loaded: 0)
Unloading 6594 unused Assets / (4.1 MB). Loaded Objects now: 7501.
Memory consumption went from 154.0 MB to 149.8 MB.
Total: 7.748834 ms (FindLiveObjects: 0.388917 ms CreateObjectMapping: 0.315667 ms MarkObjects: 5.058875 ms  DeleteObjects: 1.984875 ms)

Prepare: number of updated asset objects reloaded= 0
========================================================================
Received Import Request.
  Time since last request: 43.299946 seconds.
  path: Assets/Scripts/GameSystem/Result/ResultPhase.cs
  artifactKey: Guid(25d8f1d1d81d44853b6a234381d879df) Importer(2089858483,192608db42251d675da83286b1cce702)
Start importing Assets/Scripts/GameSystem/Result/ResultPhase.cs using Guid(25d8f1d1d81d44853b6a234381d879df) Importer(2089858483,192608db42251d675da83286b1cce702) (ScriptedImporter) -> (artifact id: '752600a414e5f8cc152d080c09e2270e') in 0.155008708 seconds
Number of updated asset objects reloaded before import = 0Number of asset objects unloaded after import = 0

========================================================================
Received Prepare
Refreshing native plugins compatible for Editor in 1.28 ms, found 5 plugins.
Preloading 0 native plugins for Editor in 0.00 ms.
Unloading 14 Unused Serialized files (Serialized files now loaded: 0)
Unloading 6575 unused Assets / (3.8 MB). Loaded Objects now: 7501.
Memory consumption went from 154.0 MB to 150.2 MB.
Total: 7.599417 ms (FindLiveObjects: 0.404000 ms CreateObjectMapping: 0.229375 ms MarkObjects: 5.128958 ms  DeleteObjects: 1.836458 ms)

Prepare: number of updated asset objects reloaded= 0
========================================================================
Received Import Request.
  Time since last request: 23.859291 seconds.
  path: Assets/Scripts/GameSystem/Question/QuestionPhase.cs
  artifactKey: Guid(e9d1e44144eef4c1ab1d0cf16dc2d511) Importer(2089858483,192608db42251d675da83286b1cce702)
Start importing Assets/Scripts/GameSystem/Question/QuestionPhase.cs using Guid(e9d1e44144eef4c1ab1d0cf16dc2d511) Importer(2089858483,192608db42251d675da83286b1cce702) (ScriptedImporter) -> (artifact id: '0496587ae8b37cfa5276d0028b4d318f') in 0.003361458 seconds
Number of updated asset objects reloaded before import = 0Number of asset objects unloaded after import = 0

========================================================================
Received Prepare
Begin MonoManager ReloadAssembly
Thread 0x17f693000 may have been prematurely finalized
- Loaded All Assemblies, in  0.614 seconds
Refreshing native plugins compatible for Editor in 0.93 ms, found 5 plugins.
Native extension for LinuxStandalone target not found
Native extension for iOS target not found
Native extension for Android target not found
Native extension for OSXStandalone target not found
Native extension for WebGL target not found
Mono: successfully reloaded assembly
- Finished resetting the current domain, in  0.748 seconds
Domain Reload Profiling: 1365ms
	BeginReloadAssembly (169ms)
		ExecutionOrderSort (0ms)
		DisableScriptedObjects (5ms)
		BackupInstance (0ms)
		ReleaseScriptingObjects (0ms)
		CreateAndSetChildDomain (87ms)
	RebuildCommonClasses (34ms)
	RebuildNativeTypeToScriptingClass (13ms)
	initialDomainReloadingComplete (20ms)
	LoadAllAssembliesAndSetupDomain (381ms)
		LoadAssemblies (251ms)
		RebuildTransferFunctionScriptingTraits (0ms)
		AnalyzeDomain (172ms)
			TypeCache.Refresh (12ms)
				TypeCache.ScanAssembly (1ms)
			BuildScriptInfoCaches (144ms)
			ResolveRequiredComponents (13ms)
	FinalizeReload (748ms)
		ReleaseScriptCaches (0ms)
		RebuildScriptCaches (0ms)
		SetupLoadedEditorAssemblies (571ms)
			LogAssemblyErrors (0ms)
			InitializePlatformSupportModulesInManaged (43ms)
			SetLoadedEditorAssemblies (5ms)
			BeforeProcessingInitializeOnLoad (102ms)
			ProcessInitializeOnLoadAttributes (373ms)
			ProcessInitializeOnLoadMethodAttributes (47ms)
			AfterProcessingInitializeOnLoad (1ms)
			EditorAssembliesLoaded (0ms)
		ExecutionOrderSort2 (0ms)
		AwakeInstancesAfterBackupRestoration (8ms)
Refreshing native plugins compatible for Editor in 1.10 ms, found 5 plugins.
Preloading 0 native plugins for Editor in 0.00 ms.
Unloading 14 Unused Serialized files (Serialized files now loaded: 0)
Unloading 6594 unused Assets / (4.6 MB). Loaded Objects now: 7503.
Memory consumption went from 153.8 MB to 149.3 MB.
Total: 8.125792 ms (FindLiveObjects: 0.366208 ms CreateObjectMapping: 0.279875 ms MarkObjects: 5.081042 ms  DeleteObjects: 2.398083 ms)

Prepare: number of updated asset objects reloaded= 0
========================================================================
Received Prepare
Refreshing native plugins compatible for Editor in 1.06 ms, found 5 plugins.
Preloading 0 native plugins for Editor in 0.00 ms.
Unloading 14 Unused Serialized files (Serialized files now loaded: 0)
Unloading 6575 unused Assets / (4.1 MB). Loaded Objects now: 7503.
Memory consumption went from 153.9 MB to 149.8 MB.
Total: 7.492000 ms (FindLiveObjects: 0.388459 ms CreateObjectMapping: 0.221709 ms MarkObjects: 4.972875 ms  DeleteObjects: 1.908000 ms)

Prepare: number of updated asset objects reloaded= 0
========================================================================
Received Import Request.
  Time since last request: 21.150571 seconds.
  path: Assets/Scripts/GameSystem/JobDistribution/RoleDistributionPhase.cs
  artifactKey: Guid(a1de8df0146b9401289d68e8c4a964a6) Importer(2089858483,192608db42251d675da83286b1cce702)
Start importing Assets/Scripts/GameSystem/JobDistribution/RoleDistributionPhase.cs using Guid(a1de8df0146b9401289d68e8c4a964a6) Importer(2089858483,192608db42251d675da83286b1cce702) (ScriptedImporter) -> (artifact id: 'bc95d9edd00206337f874785008a8399') in 0.157085458 seconds
Number of updated asset objects reloaded before import = 0Number of asset objects unloaded after import = 0

========================================================================
Received Prepare
Begin MonoManager ReloadAssembly
Thread 0x17f693000 may have been prematurely finalized
- Loaded All Assemblies, in  0.657 seconds
Refreshing native plugins compatible for Editor in 0.97 ms, found 5 plugins.
Native extension for LinuxStandalone target not found
Native extension for iOS target not found
Native extension for Android target not found
Native extension for OSXStandalone target not found
Native extension for WebGL target not found
Mono: successfully reloaded assembly
- Finished resetting the current domain, in  0.769 seconds
Domain Reload Profiling: 1430ms
	BeginReloadAssembly (182ms)
		ExecutionOrderSort (0ms)
		DisableScriptedObjects (5ms)
		BackupInstance (0ms)
		ReleaseScriptingObjects (0ms)
		CreateAndSetChildDomain (99ms)
	RebuildCommonClasses (33ms)
	RebuildNativeTypeToScriptingClass (13ms)
	initialDomainReloadingComplete (21ms)
	LoadAllAssembliesAndSetupDomain (412ms)
		LoadAssemblies (271ms)
		RebuildTransferFunctionScriptingTraits (0ms)
		AnalyzeDomain (182ms)
			TypeCache.Refresh (12ms)
				TypeCache.ScanAssembly (2ms)
			BuildScriptInfoCaches (152ms)
			ResolveRequiredComponents (14ms)
	FinalizeReload (770ms)
		ReleaseScriptCaches (0ms)
		RebuildScriptCaches (0ms)
		SetupLoadedEditorAssemblies (594ms)
			LogAssemblyErrors (0ms)
			InitializePlatformSupportModulesInManaged (42ms)
			SetLoadedEditorAssemblies (4ms)
			BeforeProcessingInitializeOnLoad (107ms)
			ProcessInitializeOnLoadAttributes (389ms)
			ProcessInitializeOnLoadMethodAttributes (50ms)
			AfterProcessingInitializeOnLoad (1ms)
			EditorAssembliesLoaded (0ms)
		ExecutionOrderSort2 (0ms)
		AwakeInstancesAfterBackupRestoration (8ms)
Refreshing native plugins compatible for Editor in 0.95 ms, found 5 plugins.
Preloading 0 native plugins for Editor in 0.00 ms.
Unloading 14 Unused Serialized files (Serialized files now loaded: 0)
Unloading 6594 unused Assets / (4.1 MB). Loaded Objects now: 7505.
Memory consumption went from 154.5 MB to 150.4 MB.
Total: 7.990416 ms (FindLiveObjects: 0.505167 ms CreateObjectMapping: 0.285958 ms MarkObjects: 5.380542 ms  DeleteObjects: 1.817417 ms)

Prepare: number of updated asset objects reloaded= 0
========================================================================
Received Prepare
Refreshing native plugins compatible for Editor in 1.67 ms, found 5 plugins.
Preloading 0 native plugins for Editor in 0.00 ms.
Unloading 14 Unused Serialized files (Serialized files now loaded: 0)
Unloading 6575 unused Assets / (4.4 MB). Loaded Objects now: 7505.
Memory consumption went from 153.9 MB to 149.6 MB.
Total: 8.443542 ms (FindLiveObjects: 0.411875 ms CreateObjectMapping: 0.247875 ms MarkObjects: 5.696292 ms  DeleteObjects: 2.086541 ms)

Prepare: number of updated asset objects reloaded= 0
========================================================================
Received Import Request.
  Time since last request: 11.496504 seconds.
  path: Assets/Scripts/Managers/GameFlowController.cs
  artifactKey: Guid(fca4fe160fc454f28975498beb6d1e12) Importer(2089858483,192608db42251d675da83286b1cce702)
Start importing Assets/Scripts/Managers/GameFlowController.cs using Guid(fca4fe160fc454f28975498beb6d1e12) Importer(2089858483,192608db42251d675da83286b1cce702) (ScriptedImporter) -> (artifact id: '01d3b63d83f9affc4e972029dbfc56a0') in 0.159444709 seconds
Number of updated asset objects reloaded before import = 0Number of asset objects unloaded after import = 0

========================================================================
Received Prepare
Begin MonoManager ReloadAssembly
Thread 0x17f693000 may have been prematurely finalized
- Loaded All Assemblies, in  0.598 seconds
Refreshing native plugins compatible for Editor in 1.00 ms, found 5 plugins.
Native extension for LinuxStandalone target not found
Native extension for iOS target not found
Native extension for Android target not found
Native extension for OSXStandalone target not found
Native extension for WebGL target not found
Mono: successfully reloaded assembly
- Finished resetting the current domain, in  0.769 seconds
Domain Reload Profiling: 1370ms
	BeginReloadAssembly (172ms)
		ExecutionOrderSort (0ms)
		DisableScriptedObjects (5ms)
		BackupInstance (0ms)
		ReleaseScriptingObjects (0ms)
		CreateAndSetChildDomain (89ms)
	RebuildCommonClasses (34ms)
	RebuildNativeTypeToScriptingClass (13ms)
	initialDomainReloadingComplete (20ms)
	LoadAllAssembliesAndSetupDomain (361ms)
		LoadAssemblies (234ms)
		RebuildTransferFunctionScriptingTraits (0ms)
		AnalyzeDomain (171ms)
			TypeCache.Refresh (12ms)
				TypeCache.ScanAssembly (1ms)
			BuildScriptInfoCaches (144ms)
			ResolveRequiredComponents (13ms)
	FinalizeReload (769ms)
		ReleaseScriptCaches (0ms)
		RebuildScriptCaches (0ms)
		SetupLoadedEditorAssemblies (585ms)
			LogAssemblyErrors (0ms)
			InitializePlatformSupportModulesInManaged (45ms)
			SetLoadedEditorAssemblies (5ms)
			BeforeProcessingInitializeOnLoad (107ms)
			ProcessInitializeOnLoadAttributes (382ms)
			ProcessInitializeOnLoadMethodAttributes (46ms)
			AfterProcessingInitializeOnLoad (1ms)
			EditorAssembliesLoaded (0ms)
		ExecutionOrderSort2 (0ms)
		AwakeInstancesAfterBackupRestoration (7ms)
Refreshing native plugins compatible for Editor in 0.97 ms, found 5 plugins.
Preloading 0 native plugins for Editor in 0.00 ms.
Unloading 14 Unused Serialized files (Serialized files now loaded: 0)
Unloading 6594 unused Assets / (4.0 MB). Loaded Objects now: 7507.
Memory consumption went from 154.5 MB to 150.5 MB.
Total: 7.284750 ms (FindLiveObjects: 0.396334 ms CreateObjectMapping: 0.290250 ms MarkObjects: 4.844416 ms  DeleteObjects: 1.753291 ms)

Prepare: number of updated asset objects reloaded= 0
========================================================================
Received Prepare
Refreshing native plugins compatible for Editor in 0.91 ms, found 5 plugins.
Preloading 0 native plugins for Editor in 0.00 ms.
Unloading 14 Unused Serialized files (Serialized files now loaded: 0)
Unloading 6576 unused Assets / (3.9 MB). Loaded Objects now: 7508.
Memory consumption went from 154.0 MB to 150.0 MB.
Total: 7.134084 ms (FindLiveObjects: 0.381750 ms CreateObjectMapping: 0.222792 ms MarkObjects: 4.830917 ms  DeleteObjects: 1.697875 ms)

Prepare: number of updated asset objects reloaded= 0
========================================================================
Received Import Request.
  Time since last request: 64.773721 seconds.
  path: Assets/Scripts/GameSystem/Vote/VotePhaseView.cs
  artifactKey: Guid(7aa9ba876f7914f9cb99f4dbed3a8df4) Importer(815301076,1909f56bfc062723c751e8b465ee728b)
Start importing Assets/Scripts/GameSystem/Vote/VotePhaseView.cs using Guid(7aa9ba876f7914f9cb99f4dbed3a8df4) Importer(815301076,1909f56bfc062723c751e8b465ee728b) (PreviewImporter) -> (artifact id: 'c50f673ad462f0bd873b29754379a5b7') in 0.001547875 seconds
Number of updated asset objects reloaded before import = 0Number of asset objects unloaded after import = 0

========================================================================
Received Import Request.
  Time since last request: 0.452669 seconds.
  path: Assets/Scripts/GameSystem/Vote/VotePhaseView.cs
  artifactKey: Guid(7aa9ba876f7914f9cb99f4dbed3a8df4) Importer(2089858483,192608db42251d675da83286b1cce702)
Start importing Assets/Scripts/GameSystem/Vote/VotePhaseView.cs using Guid(7aa9ba876f7914f9cb99f4dbed3a8df4) Importer(2089858483,192608db42251d675da83286b1cce702) (ScriptedImporter) -> (artifact id: 'b099e06d272c54f703954b710d09cd3e') in 0.150713 seconds
Number of updated asset objects reloaded before import = 0Number of asset objects unloaded after import = 0

========================================================================
Received Prepare
Begin MonoManager ReloadAssembly
Thread 0x17f9af000 may have been prematurely finalized
- Loaded All Assemblies, in  0.629 seconds
Refreshing native plugins compatible for Editor in 0.95 ms, found 5 plugins.
Native extension for LinuxStandalone target not found
Native extension for iOS target not found
Native extension for Android target not found
Native extension for OSXStandalone target not found
Native extension for WebGL target not found
Mono: successfully reloaded assembly
- Finished resetting the current domain, in  0.768 seconds
Domain Reload Profiling: 1399ms
	BeginReloadAssembly (184ms)
		ExecutionOrderSort (0ms)
		DisableScriptedObjects (5ms)
		BackupInstance (0ms)
		ReleaseScriptingObjects (0ms)
		CreateAndSetChildDomain (100ms)
	RebuildCommonClasses (34ms)
	RebuildNativeTypeToScriptingClass (13ms)
	initialDomainReloadingComplete (22ms)
	LoadAllAssembliesAndSetupDomain (378ms)
		LoadAssemblies (244ms)
		RebuildTransferFunctionScriptingTraits (0ms)
		AnalyzeDomain (177ms)
			TypeCache.Refresh (12ms)
				TypeCache.ScanAssembly (2ms)
			BuildScriptInfoCaches (149ms)
			ResolveRequiredComponents (14ms)
	FinalizeReload (768ms)
		ReleaseScriptCaches (0ms)
		RebuildScriptCaches (0ms)
		SetupLoadedEditorAssemblies (592ms)
			LogAssemblyErrors (0ms)
			InitializePlatformSupportModulesInManaged (43ms)
			SetLoadedEditorAssemblies (5ms)
			BeforeProcessingInitializeOnLoad (106ms)
			ProcessInitializeOnLoadAttributes (388ms)
			ProcessInitializeOnLoadMethodAttributes (49ms)
			AfterProcessingInitializeOnLoad (1ms)
			EditorAssembliesLoaded (0ms)
		ExecutionOrderSort2 (0ms)
		AwakeInstancesAfterBackupRestoration (8ms)
Refreshing native plugins compatible for Editor in 1.00 ms, found 5 plugins.
Preloading 0 native plugins for Editor in 0.00 ms.
Unloading 14 Unused Serialized files (Serialized files now loaded: 0)
Unloading 6595 unused Assets / (4.3 MB). Loaded Objects now: 7510.
Memory consumption went from 153.9 MB to 149.5 MB.
Total: 8.062541 ms (FindLiveObjects: 0.400375 ms CreateObjectMapping: 0.300500 ms MarkObjects: 5.237958 ms  DeleteObjects: 2.123250 ms)

Prepare: number of updated asset objects reloaded= 0
========================================================================
Received Import Request.
  Time since last request: 7.729884 seconds.
  path: Assets/Scripts/GameSystem/Vote/VotePhaseView.cs
  artifactKey: Guid(7aa9ba876f7914f9cb99f4dbed3a8df4) Importer(815301076,1909f56bfc062723c751e8b465ee728b)
Start importing Assets/Scripts/GameSystem/Vote/VotePhaseView.cs using Guid(7aa9ba876f7914f9cb99f4dbed3a8df4) Importer(815301076,1909f56bfc062723c751e8b465ee728b) (PreviewImporter) -> (artifact id: '4ccd7da2ce1e559b5036696b71c3c876') in 0.001198459 seconds
Number of updated asset objects reloaded before import = 0Number of asset objects unloaded after import = 0

========================================================================
Received Prepare
Refreshing native plugins compatible for Editor in 1.19 ms, found 5 plugins.
Preloading 0 native plugins for Editor in 0.00 ms.
Unloading 14 Unused Serialized files (Serialized files now loaded: 0)
Unloading 6576 unused Assets / (4.3 MB). Loaded Objects now: 7510.
Memory consumption went from 154.0 MB to 149.7 MB.
Total: 7.837750 ms (FindLiveObjects: 0.389250 ms CreateObjectMapping: 0.229000 ms MarkObjects: 5.403500 ms  DeleteObjects: 1.815541 ms)

Prepare: number of updated asset objects reloaded= 0
========================================================================
Received Import Request.
  Time since last request: 2.618894 seconds.
  path: Assets/Scripts/Managers/GameFlowController.cs
  artifactKey: Guid(fca4fe160fc454f28975498beb6d1e12) Importer(2089858483,192608db42251d675da83286b1cce702)
Start importing Assets/Scripts/Managers/GameFlowController.cs using Guid(fca4fe160fc454f28975498beb6d1e12) Importer(2089858483,192608db42251d675da83286b1cce702) (ScriptedImporter) -> (artifact id: '504a2512cc00f67705ab51d1022e9e30') in 0.163454291 seconds
Number of updated asset objects reloaded before import = 0Number of asset objects unloaded after import = 0

========================================================================
Received Prepare
Begin MonoManager ReloadAssembly
Thread 0x17f9af000 may have been prematurely finalized
- Loaded All Assemblies, in  0.634 seconds
Refreshing native plugins compatible for Editor in 0.94 ms, found 5 plugins.
Native extension for LinuxStandalone target not found
Native extension for iOS target not found
Native extension for Android target not found
Native extension for OSXStandalone target not found
Native extension for WebGL target not found
Mono: successfully reloaded assembly
- Finished resetting the current domain, in  0.753 seconds
Domain Reload Profiling: 1391ms
	BeginReloadAssembly (182ms)
		ExecutionOrderSort (0ms)
		DisableScriptedObjects (5ms)
		BackupInstance (0ms)
		ReleaseScriptingObjects (0ms)
		CreateAndSetChildDomain (96ms)
	RebuildCommonClasses (36ms)
	RebuildNativeTypeToScriptingClass (13ms)
	initialDomainReloadingComplete (21ms)
	LoadAllAssembliesAndSetupDomain (385ms)
		LoadAssemblies (249ms)
		RebuildTransferFunctionScriptingTraits (0ms)
		AnalyzeDomain (179ms)
			TypeCache.Refresh (12ms)
				TypeCache.ScanAssembly (1ms)
			BuildScriptInfoCaches (152ms)
			ResolveRequiredComponents (13ms)
	FinalizeReload (753ms)
		ReleaseScriptCaches (0ms)
		RebuildScriptCaches (0ms)
		SetupLoadedEditorAssemblies (579ms)
			LogAssemblyErrors (0ms)
			InitializePlatformSupportModulesInManaged (45ms)
			SetLoadedEditorAssemblies (5ms)
			BeforeProcessingInitializeOnLoad (105ms)
			ProcessInitializeOnLoadAttributes (374ms)
			ProcessInitializeOnLoadMethodAttributes (48ms)
			AfterProcessingInitializeOnLoad (1ms)
			EditorAssembliesLoaded (0ms)
		ExecutionOrderSort2 (0ms)
		AwakeInstancesAfterBackupRestoration (8ms)
Refreshing native plugins compatible for Editor in 0.97 ms, found 5 plugins.
Preloading 0 native plugins for Editor in 0.00 ms.
Unloading 14 Unused Serialized files (Serialized files now loaded: 0)
Unloading 6595 unused Assets / (4.3 MB). Loaded Objects now: 7512.
Memory consumption went from 153.8 MB to 149.5 MB.
Total: 7.782083 ms (FindLiveObjects: 0.388875 ms CreateObjectMapping: 0.300250 ms MarkObjects: 5.160750 ms  DeleteObjects: 1.931458 ms)

Prepare: number of updated asset objects reloaded= 0
========================================================================
Received Prepare
Refreshing native plugins compatible for Editor in 1.09 ms, found 5 plugins.
Preloading 0 native plugins for Editor in 0.00 ms.
Unloading 14 Unused Serialized files (Serialized files now loaded: 0)
Unloading 6576 unused Assets / (4.2 MB). Loaded Objects now: 7512.
Memory consumption went from 154.0 MB to 149.7 MB.
Total: 7.300167 ms (FindLiveObjects: 0.408000 ms CreateObjectMapping: 0.239208 ms MarkObjects: 5.010750 ms  DeleteObjects: 1.641709 ms)

Prepare: number of updated asset objects reloaded= 0
========================================================================
Received Import Request.
  Time since last request: 58.167707 seconds.
  path: Assets/Scripts/GameSystem/Vote/VotePhaseView.cs
  artifactKey: Guid(7aa9ba876f7914f9cb99f4dbed3a8df4) Importer(815301076,1909f56bfc062723c751e8b465ee728b)
Start importing Assets/Scripts/GameSystem/Vote/VotePhaseView.cs using Guid(7aa9ba876f7914f9cb99f4dbed3a8df4) Importer(815301076,1909f56bfc062723c751e8b465ee728b) (PreviewImporter) -> (artifact id: 'f4465b69a0884815048e58234ad06a94') in 0.001252292 seconds
Number of updated asset objects reloaded before import = 0Number of asset objects unloaded after import = 0

========================================================================
Received Prepare
Begin MonoManager ReloadAssembly
Thread 0x2a9887000 may have been prematurely finalized
- Loaded All Assemblies, in  0.602 seconds
Refreshing native plugins compatible for Editor in 0.99 ms, found 5 plugins.
Native extension for LinuxStandalone target not found
Native extension for iOS target not found
Native extension for Android target not found
Native extension for OSXStandalone target not found
Native extension for WebGL target not found
Mono: successfully reloaded assembly
- Finished resetting the current domain, in  0.753 seconds
Domain Reload Profiling: 1358ms
	BeginReloadAssembly (152ms)
		ExecutionOrderSort (0ms)
		DisableScriptedObjects (5ms)
		BackupInstance (0ms)
		ReleaseScriptingObjects (0ms)
		CreateAndSetChildDomain (69ms)
	RebuildCommonClasses (34ms)
	RebuildNativeTypeToScriptingClass (13ms)
	initialDomainReloadingComplete (21ms)
	LoadAllAssembliesAndSetupDomain (385ms)
		LoadAssemblies (251ms)
		RebuildTransferFunctionScriptingTraits (0ms)
		AnalyzeDomain (176ms)
			TypeCache.Refresh (12ms)
				TypeCache.ScanAssembly (2ms)
			BuildScriptInfoCaches (148ms)
			ResolveRequiredComponents (14ms)
	FinalizeReload (753ms)
		ReleaseScriptCaches (0ms)
		RebuildScriptCaches (0ms)
		SetupLoadedEditorAssemblies (583ms)
			LogAssemblyErrors (0ms)
			InitializePlatformSupportModulesInManaged (43ms)
			SetLoadedEditorAssemblies (4ms)
			BeforeProcessingInitializeOnLoad (107ms)
			ProcessInitializeOnLoadAttributes (380ms)
			ProcessInitializeOnLoadMethodAttributes (47ms)
			AfterProcessingInitializeOnLoad (1ms)
			EditorAssembliesLoaded (0ms)
		ExecutionOrderSort2 (0ms)
		AwakeInstancesAfterBackupRestoration (7ms)
Refreshing native plugins compatible for Editor in 1.01 ms, found 5 plugins.
Preloading 0 native plugins for Editor in 0.00 ms.
Unloading 14 Unused Serialized files (Serialized files now loaded: 0)
Unloading 6595 unused Assets / (4.2 MB). Loaded Objects now: 7514.
Memory consumption went from 153.8 MB to 149.6 MB.
Total: 7.952792 ms (FindLiveObjects: 0.404542 ms CreateObjectMapping: 0.290583 ms MarkObjects: 5.350792 ms  DeleteObjects: 1.906125 ms)

Prepare: number of updated asset objects reloaded= 0
========================================================================
Received Import Request.
  Time since last request: 7.232870 seconds.
  path: Assets/Scripts/GameSystem/Vote/VotePhase.cs
  artifactKey: Guid(016e0bec57af24f2c9f232125fd5b5dc) Importer(2089858483,192608db42251d675da83286b1cce702)
Start importing Assets/Scripts/GameSystem/Vote/VotePhase.cs using Guid(016e0bec57af24f2c9f232125fd5b5dc) Importer(2089858483,192608db42251d675da83286b1cce702) (ScriptedImporter) -> (artifact id: '5ea85ddb66ffb3135518ca95df3ce066') in 0.143015875 seconds
Number of updated asset objects reloaded before import = 0Number of asset objects unloaded after import = 0

========================================================================
Received Prepare
Refreshing native plugins compatible for Editor in 1.05 ms, found 5 plugins.
Preloading 0 native plugins for Editor in 0.00 ms.
Unloading 14 Unused Serialized files (Serialized files now loaded: 0)
Unloading 6576 unused Assets / (3.9 MB). Loaded Objects now: 7514.
Memory consumption went from 154.0 MB to 150.1 MB.
Total: 7.272292 ms (FindLiveObjects: 0.374542 ms CreateObjectMapping: 0.220541 ms MarkObjects: 4.944375 ms  DeleteObjects: 1.732250 ms)

Prepare: number of updated asset objects reloaded= 0
========================================================================
Received Import Request.
  Time since last request: 46.284298 seconds.
  path: Assets/Scripts/GameSystem/Vote/VotePhaseView.cs
  artifactKey: Guid(7aa9ba876f7914f9cb99f4dbed3a8df4) Importer(815301076,1909f56bfc062723c751e8b465ee728b)
Start importing Assets/Scripts/GameSystem/Vote/VotePhaseView.cs using Guid(7aa9ba876f7914f9cb99f4dbed3a8df4) Importer(815301076,1909f56bfc062723c751e8b465ee728b) (PreviewImporter) -> (artifact id: '9ec44b5f4151906190ccdb083659afe3') in 0.00068525 seconds
Number of updated asset objects reloaded before import = 0Number of asset objects unloaded after import = 0

========================================================================
Received Prepare
Begin MonoManager ReloadAssembly
Thread 0x17f9af000 may have been prematurely finalized
- Loaded All Assemblies, in  0.623 seconds
Refreshing native plugins compatible for Editor in 0.97 ms, found 5 plugins.
Native extension for LinuxStandalone target not found
Native extension for iOS target not found
Native extension for Android target not found
Native extension for OSXStandalone target not found
Native extension for WebGL target not found
Mono: successfully reloaded assembly
- Finished resetting the current domain, in  0.759 seconds
Domain Reload Profiling: 1385ms
	BeginReloadAssembly (172ms)
		ExecutionOrderSort (0ms)
		DisableScriptedObjects (5ms)
		BackupInstance (0ms)
		ReleaseScriptingObjects (0ms)
		CreateAndSetChildDomain (87ms)
	RebuildCommonClasses (36ms)
	RebuildNativeTypeToScriptingClass (13ms)
	initialDomainReloadingComplete (21ms)
	LoadAllAssembliesAndSetupDomain (383ms)
		LoadAssemblies (253ms)
		RebuildTransferFunctionScriptingTraits (0ms)
		AnalyzeDomain (174ms)
			TypeCache.Refresh (14ms)
				TypeCache.ScanAssembly (2ms)
			BuildScriptInfoCaches (145ms)
			ResolveRequiredComponents (13ms)
	FinalizeReload (759ms)
		ReleaseScriptCaches (0ms)
		RebuildScriptCaches (0ms)
		SetupLoadedEditorAssemblies (584ms)
			LogAssemblyErrors (0ms)
			InitializePlatformSupportModulesInManaged (46ms)
			SetLoadedEditorAssemblies (5ms)
			BeforeProcessingInitializeOnLoad (105ms)
			ProcessInitializeOnLoadAttributes (377ms)
			ProcessInitializeOnLoadMethodAttributes (50ms)
			AfterProcessingInitializeOnLoad (1ms)
			EditorAssembliesLoaded (0ms)
		ExecutionOrderSort2 (0ms)
		AwakeInstancesAfterBackupRestoration (8ms)
Refreshing native plugins compatible for Editor in 0.97 ms, found 5 plugins.
Preloading 0 native plugins for Editor in 0.00 ms.
Unloading 14 Unused Serialized files (Serialized files now loaded: 0)
Unloading 6595 unused Assets / (3.8 MB). Loaded Objects now: 7516.
Memory consumption went from 153.8 MB to 150.0 MB.
Total: 8.593209 ms (FindLiveObjects: 0.425625 ms CreateObjectMapping: 0.323917 ms MarkObjects: 5.807709 ms  DeleteObjects: 2.035417 ms)

Prepare: number of updated asset objects reloaded= 0
========================================================================
Received Import Request.
  Time since last request: 6.933591 seconds.
  path: Assets/Scripts/GameSystem/Vote/VotePhaseView.cs
  artifactKey: Guid(7aa9ba876f7914f9cb99f4dbed3a8df4) Importer(2089858483,192608db42251d675da83286b1cce702)
Start importing Assets/Scripts/GameSystem/Vote/VotePhaseView.cs using Guid(7aa9ba876f7914f9cb99f4dbed3a8df4) Importer(2089858483,192608db42251d675da83286b1cce702) (ScriptedImporter) -> (artifact id: '6bd25e2b6d10d5f2cf36352d8d9686bd') in 0.148214667 seconds
Number of updated asset objects reloaded before import = 0Number of asset objects unloaded after import = 0

========================================================================
Received Prepare
Refreshing native plugins compatible for Editor in 1.21 ms, found 5 plugins.
Preloading 0 native plugins for Editor in 0.00 ms.
Unloading 14 Unused Serialized files (Serialized files now loaded: 0)
Unloading 6576 unused Assets / (3.9 MB). Loaded Objects now: 7516.
Memory consumption went from 154.0 MB to 150.1 MB.
Total: 7.340084 ms (FindLiveObjects: 0.383250 ms CreateObjectMapping: 0.216334 ms MarkObjects: 4.993833 ms  DeleteObjects: 1.746292 ms)

Prepare: number of updated asset objects reloaded= 0
========================================================================
Received Import Request.
  Time since last request: 108.889958 seconds.
  path: Assets/Scripts/GameSystem/Vote/VotePhaseView.cs
  artifactKey: Guid(7aa9ba876f7914f9cb99f4dbed3a8df4) Importer(815301076,1909f56bfc062723c751e8b465ee728b)
Start importing Assets/Scripts/GameSystem/Vote/VotePhaseView.cs using Guid(7aa9ba876f7914f9cb99f4dbed3a8df4) Importer(815301076,1909f56bfc062723c751e8b465ee728b) (PreviewImporter) -> (artifact id: 'b85f8340ee04aa0b37d1041c3a74026f') in 0.000480958 seconds
Number of updated asset objects reloaded before import = 0Number of asset objects unloaded after import = 0

========================================================================
Received Import Request.
  Time since last request: 0.935778 seconds.
  path: Assets/Scripts/GameSystem/Vote/VotePhaseView.cs
  artifactKey: Guid(7aa9ba876f7914f9cb99f4dbed3a8df4) Importer(2089858483,192608db42251d675da83286b1cce702)
Start importing Assets/Scripts/GameSystem/Vote/VotePhaseView.cs using Guid(7aa9ba876f7914f9cb99f4dbed3a8df4) Importer(2089858483,192608db42251d675da83286b1cce702) (ScriptedImporter) -> (artifact id: '071529c13759643c923bef67ed368c1e') in 0.0024515 seconds
Number of updated asset objects reloaded before import = 0Number of asset objects unloaded after import = 0

========================================================================
Received Prepare
Refreshing native plugins compatible for Editor in 0.88 ms, found 5 plugins.
Preloading 0 native plugins for Editor in 0.00 ms.
Unloading 14 Unused Serialized files (Serialized files now loaded: 0)
Unloading 6576 unused Assets / (4.2 MB). Loaded Objects now: 7516.
Memory consumption went from 154.0 MB to 149.8 MB.
Total: 7.387792 ms (FindLiveObjects: 0.375042 ms CreateObjectMapping: 0.229750 ms MarkObjects: 4.978791 ms  DeleteObjects: 1.803416 ms)

Prepare: number of updated asset objects reloaded= 0
========================================================================
Received Import Request.
  Time since last request: 66.358201 seconds.
  path: Assets/Scripts/GameSystem/Vote/VotePhase.cs
  artifactKey: Guid(016e0bec57af24f2c9f232125fd5b5dc) Importer(2089858483,192608db42251d675da83286b1cce702)
Start importing Assets/Scripts/GameSystem/Vote/VotePhase.cs using Guid(016e0bec57af24f2c9f232125fd5b5dc) Importer(2089858483,192608db42251d675da83286b1cce702) (ScriptedImporter) -> (artifact id: '16ea36f795645f0b835c111dfaa06a04') in 0.002476 seconds
Number of updated asset objects reloaded before import = 0Number of asset objects unloaded after import = 0

========================================================================
Received Prepare
Refreshing native plugins compatible for Editor in 1.34 ms, found 5 plugins.
Preloading 0 native plugins for Editor in 0.00 ms.
Unloading 14 Unused Serialized files (Serialized files now loaded: 0)
Unloading 6576 unused Assets / (3.9 MB). Loaded Objects now: 7516.
Memory consumption went from 154.0 MB to 150.1 MB.
Total: 7.388834 ms (FindLiveObjects: 0.411708 ms CreateObjectMapping: 0.218417 ms MarkObjects: 4.922792 ms  DeleteObjects: 1.835458 ms)

Prepare: number of updated asset objects reloaded= 0
========================================================================
Received Import Request.
  Time since last request: 71.924554 seconds.
  path: Assets/Scripts/GameSystem/Vote/VotePhaseView.cs
  artifactKey: Guid(7aa9ba876f7914f9cb99f4dbed3a8df4) Importer(815301076,1909f56bfc062723c751e8b465ee728b)
Start importing Assets/Scripts/GameSystem/Vote/VotePhaseView.cs using Guid(7aa9ba876f7914f9cb99f4dbed3a8df4) Importer(815301076,1909f56bfc062723c751e8b465ee728b) (PreviewImporter) -> (artifact id: 'b672da1c295491b6f04acfef074a6b15') in 0.000571 seconds
Number of updated asset objects reloaded before import = 0Number of asset objects unloaded after import = 0

========================================================================
Received Import Request.
  Time since last request: 0.833748 seconds.
  path: Assets/Scripts/GameSystem/Vote/VotePhaseView.cs
  artifactKey: Guid(7aa9ba876f7914f9cb99f4dbed3a8df4) Importer(2089858483,192608db42251d675da83286b1cce702)
Start importing Assets/Scripts/GameSystem/Vote/VotePhaseView.cs using Guid(7aa9ba876f7914f9cb99f4dbed3a8df4) Importer(2089858483,192608db42251d675da83286b1cce702) (ScriptedImporter) -> (artifact id: 'eaa6eebb7b59fcede31b301d36377bf6') in 0.002375291 seconds
Number of updated asset objects reloaded before import = 0Number of asset objects unloaded after import = 0

========================================================================
Received Prepare
Begin MonoManager ReloadAssembly
Thread 0x17f9af000 may have been prematurely finalized
- Loaded All Assemblies, in  0.619 seconds
Refreshing native plugins compatible for Editor in 0.88 ms, found 5 plugins.
Native extension for LinuxStandalone target not found
Native extension for iOS target not found
Native extension for Android target not found
Native extension for OSXStandalone target not found
Native extension for WebGL target not found
Mono: successfully reloaded assembly
- Finished resetting the current domain, in  0.758 seconds
Domain Reload Profiling: 1380ms
	BeginReloadAssembly (171ms)
		ExecutionOrderSort (0ms)
		DisableScriptedObjects (5ms)
		BackupInstance (0ms)
		ReleaseScriptingObjects (0ms)
		CreateAndSetChildDomain (90ms)
	RebuildCommonClasses (34ms)
	RebuildNativeTypeToScriptingClass (12ms)
	initialDomainReloadingComplete (21ms)
	LoadAllAssembliesAndSetupDomain (383ms)
		LoadAssemblies (253ms)
		RebuildTransferFunctionScriptingTraits (0ms)
		AnalyzeDomain (173ms)
			TypeCache.Refresh (14ms)
				TypeCache.ScanAssembly (1ms)
			BuildScriptInfoCaches (144ms)
			ResolveRequiredComponents (13ms)
	FinalizeReload (759ms)
		ReleaseScriptCaches (0ms)
		RebuildScriptCaches (0ms)
		SetupLoadedEditorAssemblies (584ms)
			LogAssemblyErrors (0ms)
			InitializePlatformSupportModulesInManaged (43ms)
			SetLoadedEditorAssemblies (4ms)
			BeforeProcessingInitializeOnLoad (105ms)
			ProcessInitializeOnLoadAttributes (384ms)
			ProcessInitializeOnLoadMethodAttributes (47ms)
			AfterProcessingInitializeOnLoad (1ms)
			EditorAssembliesLoaded (0ms)
		ExecutionOrderSort2 (0ms)
		AwakeInstancesAfterBackupRestoration (8ms)
Refreshing native plugins compatible for Editor in 1.09 ms, found 5 plugins.
Preloading 0 native plugins for Editor in 0.00 ms.
Unloading 14 Unused Serialized files (Serialized files now loaded: 0)
Unloading 6595 unused Assets / (4.4 MB). Loaded Objects now: 7518.
Memory consumption went from 153.8 MB to 149.4 MB.
Total: 8.435292 ms (FindLiveObjects: 0.400625 ms CreateObjectMapping: 0.330667 ms MarkObjects: 5.554334 ms  DeleteObjects: 2.148875 ms)

Prepare: number of updated asset objects reloaded= 0
========================================================================
Received Prepare
Refreshing native plugins compatible for Editor in 0.98 ms, found 5 plugins.
Preloading 0 native plugins for Editor in 0.00 ms.
Unloading 14 Unused Serialized files (Serialized files now loaded: 0)
Unloading 6576 unused Assets / (4.1 MB). Loaded Objects now: 7518.
Memory consumption went from 154.0 MB to 149.9 MB.
Total: 7.389625 ms (FindLiveObjects: 0.370417 ms CreateObjectMapping: 0.208416 ms MarkObjects: 4.950458 ms  DeleteObjects: 1.859792 ms)

Prepare: number of updated asset objects reloaded= 0
========================================================================
Received Prepare
Begin MonoManager ReloadAssembly
Thread 0x17f9af000 may have been prematurely finalized
- Loaded All Assemblies, in  0.594 seconds
Refreshing native plugins compatible for Editor in 1.00 ms, found 5 plugins.
Native extension for LinuxStandalone target not found
Native extension for iOS target not found
Native extension for Android target not found
Native extension for OSXStandalone target not found
Native extension for WebGL target not found
Mono: successfully reloaded assembly
- Finished resetting the current domain, in  0.774 seconds
Domain Reload Profiling: 1371ms
	BeginReloadAssembly (154ms)
		ExecutionOrderSort (0ms)
		DisableScriptedObjects (5ms)
		BackupInstance (0ms)
		ReleaseScriptingObjects (0ms)
		CreateAndSetChildDomain (71ms)
	RebuildCommonClasses (36ms)
	RebuildNativeTypeToScriptingClass (13ms)
	initialDomainReloadingComplete (21ms)
	LoadAllAssembliesAndSetupDomain (373ms)
		LoadAssemblies (244ms)
		RebuildTransferFunctionScriptingTraits (0ms)
		AnalyzeDomain (173ms)
			TypeCache.Refresh (12ms)
				TypeCache.ScanAssembly (1ms)
			BuildScriptInfoCaches (145ms)
			ResolveRequiredComponents (13ms)
	FinalizeReload (775ms)
		ReleaseScriptCaches (0ms)
		RebuildScriptCaches (0ms)
		SetupLoadedEditorAssemblies (597ms)
			LogAssemblyErrors (0ms)
			InitializePlatformSupportModulesInManaged (43ms)
			SetLoadedEditorAssemblies (5ms)
			BeforeProcessingInitializeOnLoad (110ms)
			ProcessInitializeOnLoadAttributes (388ms)
			ProcessInitializeOnLoadMethodAttributes (50ms)
			AfterProcessingInitializeOnLoad (1ms)
			EditorAssembliesLoaded (0ms)
		ExecutionOrderSort2 (0ms)
		AwakeInstancesAfterBackupRestoration (8ms)
Refreshing native plugins compatible for Editor in 0.98 ms, found 5 plugins.
Preloading 0 native plugins for Editor in 0.00 ms.
Unloading 14 Unused Serialized files (Serialized files now loaded: 0)
Unloading 6595 unused Assets / (4.4 MB). Loaded Objects now: 7520.
Memory consumption went from 153.8 MB to 149.5 MB.
Total: 7.689291 ms (FindLiveObjects: 0.386208 ms CreateObjectMapping: 0.299208 ms MarkObjects: 5.047500 ms  DeleteObjects: 1.955750 ms)

Prepare: number of updated asset objects reloaded= 0
========================================================================
Received Import Request.
  Time since last request: 29.784865 seconds.
  path: Assets/Scripts/GameSystem/Vote/VoteProcess.cs
  artifactKey: Guid(0b3945f263a1f9b4ab014a0f93cd7236) Importer(2089858483,192608db42251d675da83286b1cce702)
Start importing Assets/Scripts/GameSystem/Vote/VoteProcess.cs using Guid(0b3945f263a1f9b4ab014a0f93cd7236) Importer(2089858483,192608db42251d675da83286b1cce702) (ScriptedImporter) -> (artifact id: '0809ecd819ac1f0955a970290a2107b5') in 0.152951542 seconds
Number of updated asset objects reloaded before import = 0Number of asset objects unloaded after import = 0

========================================================================
Received Prepare
Refreshing native plugins compatible for Editor in 1.37 ms, found 5 plugins.
Preloading 0 native plugins for Editor in 0.00 ms.
Unloading 14 Unused Serialized files (Serialized files now loaded: 0)
Unloading 6576 unused Assets / (4.3 MB). Loaded Objects now: 7520.
Memory consumption went from 154.0 MB to 149.7 MB.
Total: 7.387500 ms (FindLiveObjects: 0.387583 ms CreateObjectMapping: 0.216708 ms MarkObjects: 5.061334 ms  DeleteObjects: 1.721083 ms)

Prepare: number of updated asset objects reloaded= 0
========================================================================
Received Import Request.
  Time since last request: 108.801104 seconds.
  path: Assets/Scripts/GameSystem/Vote/VotePhaseView.cs
  artifactKey: Guid(7aa9ba876f7914f9cb99f4dbed3a8df4) Importer(2089858483,192608db42251d675da83286b1cce702)
Start importing Assets/Scripts/GameSystem/Vote/VotePhaseView.cs using Guid(7aa9ba876f7914f9cb99f4dbed3a8df4) Importer(2089858483,192608db42251d675da83286b1cce702) (ScriptedImporter) -> (artifact id: '084a48246ee016210a0f07f12cceb16e') in 0.003054834 seconds
Number of updated asset objects reloaded before import = 0Number of asset objects unloaded after import = 0

========================================================================
Received Prepare
Refreshing native plugins compatible for Editor in 0.95 ms, found 5 plugins.
Preloading 0 native plugins for Editor in 0.00 ms.
Unloading 14 Unused Serialized files (Serialized files now loaded: 0)
Unloading 6576 unused Assets / (4.2 MB). Loaded Objects now: 7520.
Memory consumption went from 154.0 MB to 149.8 MB.
Total: 7.404666 ms (FindLiveObjects: 0.384292 ms CreateObjectMapping: 0.217500 ms MarkObjects: 5.120417 ms  DeleteObjects: 1.681875 ms)

Prepare: number of updated asset objects reloaded= 0
========================================================================
Received Prepare
Begin MonoManager ReloadAssembly
Thread 0x17f9af000 may have been prematurely finalized
- Loaded All Assemblies, in  0.602 seconds
Refreshing native plugins compatible for Editor in 0.98 ms, found 5 plugins.
Native extension for LinuxStandalone target not found
Native extension for iOS target not found
Native extension for Android target not found
Native extension for OSXStandalone target not found
Native extension for WebGL target not found
Mono: successfully reloaded assembly
- Finished resetting the current domain, in  0.785 seconds
Domain Reload Profiling: 1390ms
	BeginReloadAssembly (170ms)
		ExecutionOrderSort (0ms)
		DisableScriptedObjects (5ms)
		BackupInstance (0ms)
		ReleaseScriptingObjects (0ms)
		CreateAndSetChildDomain (90ms)
	RebuildCommonClasses (33ms)
	RebuildNativeTypeToScriptingClass (12ms)
	initialDomainReloadingComplete (20ms)
	LoadAllAssembliesAndSetupDomain (369ms)
		LoadAssemblies (242ms)
		RebuildTransferFunctionScriptingTraits (0ms)
		AnalyzeDomain (168ms)
			TypeCache.Refresh (12ms)
				TypeCache.ScanAssembly (1ms)
			BuildScriptInfoCaches (140ms)
			ResolveRequiredComponents (13ms)
	FinalizeReload (786ms)
		ReleaseScriptCaches (0ms)
		RebuildScriptCaches (0ms)
		SetupLoadedEditorAssemblies (605ms)
			LogAssemblyErrors (0ms)
			InitializePlatformSupportModulesInManaged (45ms)
			SetLoadedEditorAssemblies (4ms)
			BeforeProcessingInitializeOnLoad (110ms)
			ProcessInitializeOnLoadAttributes (395ms)
			ProcessInitializeOnLoadMethodAttributes (49ms)
			AfterProcessingInitializeOnLoad (1ms)
			EditorAssembliesLoaded (0ms)
		ExecutionOrderSort2 (0ms)
		AwakeInstancesAfterBackupRestoration (8ms)
Refreshing native plugins compatible for Editor in 1.03 ms, found 5 plugins.
Preloading 0 native plugins for Editor in 0.00 ms.
Unloading 14 Unused Serialized files (Serialized files now loaded: 0)
Unloading 6595 unused Assets / (4.3 MB). Loaded Objects now: 7522.
Memory consumption went from 153.8 MB to 149.5 MB.
Total: 7.524709 ms (FindLiveObjects: 0.402666 ms CreateObjectMapping: 0.315750 ms MarkObjects: 4.865500 ms  DeleteObjects: 1.940417 ms)

Prepare: number of updated asset objects reloaded= 0
========================================================================
Received Import Request.
  Time since last request: 14.164138 seconds.
  path: Assets/Scripts/GameSystem/Vote/VoteProcess.cs
  artifactKey: Guid(0b3945f263a1f9b4ab014a0f93cd7236) Importer(2089858483,192608db42251d675da83286b1cce702)
Start importing Assets/Scripts/GameSystem/Vote/VoteProcess.cs using Guid(0b3945f263a1f9b4ab014a0f93cd7236) Importer(2089858483,192608db42251d675da83286b1cce702) (ScriptedImporter) -> (artifact id: '9cd09f4943cc9c64071239b5e2a5da4f') in 0.144994583 seconds
Number of updated asset objects reloaded before import = 0Number of asset objects unloaded after import = 0

========================================================================
Received Import Request.
  Time since last request: 33.601461 seconds.
  path: Assets/Scripts/GameSystem/Answer/AnswerWaiter.cs
  artifactKey: Guid(891f1dd2be08245dfb5f7f43ad37fe81) Importer(815301076,1909f56bfc062723c751e8b465ee728b)
Start importing Assets/Scripts/GameSystem/Answer/AnswerWaiter.cs using Guid(891f1dd2be08245dfb5f7f43ad37fe81) Importer(815301076,1909f56bfc062723c751e8b465ee728b) (PreviewImporter) -> (artifact id: '5a311216f285741bd97bb01f60b73a74') in 0.000472042 seconds
Number of updated asset objects reloaded before import = 0Number of asset objects unloaded after import = 0

========================================================================
Received Import Request.
  Time since last request: 27.626654 seconds.
  path: Assets/Scripts/UI/InGame/Phases
  artifactKey: Guid(adc5d34aa5bb744e8b4cc2b1da331f1e) Importer(815301076,1909f56bfc062723c751e8b465ee728b)
Start importing Assets/Scripts/UI/InGame/Phases using Guid(adc5d34aa5bb744e8b4cc2b1da331f1e) Importer(815301076,1909f56bfc062723c751e8b465ee728b) (PreviewImporter) -> (artifact id: 'ef6d98d1d8d5c11c2884713270b9234a') in 0.000515167 seconds
Number of updated asset objects reloaded before import = 0Number of asset objects unloaded after import = 0

========================================================================
Received Import Request.
  Time since last request: 0.927415 seconds.
  path: Assets/Scripts/UI/InGame/Phases
  artifactKey: Guid(adc5d34aa5bb744e8b4cc2b1da331f1e) Importer(2089858483,192608db42251d675da83286b1cce702)
Start importing Assets/Scripts/UI/InGame/Phases using Guid(adc5d34aa5bb744e8b4cc2b1da331f1e) Importer(2089858483,192608db42251d675da83286b1cce702) (ScriptedImporter) -> (artifact id: '530b093276250cbb9c1a5437a406f7c8') in 0.002775041 seconds
Number of updated asset objects reloaded before import = 0Number of asset objects unloaded after import = 1

========================================================================
Received Prepare
Refreshing native plugins compatible for Editor in 1.05 ms, found 5 plugins.
Preloading 0 native plugins for Editor in 0.00 ms.
Unloading 14 Unused Serialized files (Serialized files now loaded: 0)
Unloading 6576 unused Assets / (4.3 MB). Loaded Objects now: 7522.
Memory consumption went from 154.0 MB to 149.7 MB.
Total: 7.104500 ms (FindLiveObjects: 0.401000 ms CreateObjectMapping: 0.225459 ms MarkObjects: 4.876291 ms  DeleteObjects: 1.601000 ms)

Prepare: number of updated asset objects reloaded= 0
========================================================================
Received Import Request.
  Time since last request: 10.243317 seconds.
  path: Assets/Scripts/UI/InGame/Phases/AnswerPhaseView.cs
  artifactKey: Guid(5c83fb99002944e3db8ee982f274dc4f) Importer(815301076,1909f56bfc062723c751e8b465ee728b)
Start importing Assets/Scripts/UI/InGame/Phases/AnswerPhaseView.cs using Guid(5c83fb99002944e3db8ee982f274dc4f) Importer(815301076,1909f56bfc062723c751e8b465ee728b) (PreviewImporter) -> (artifact id: 'b044509cea2531b2729ca0bb364b7c78') in 0.000450625 seconds
Number of updated asset objects reloaded before import = 0Number of asset objects unloaded after import = 0

========================================================================
Received Import Request.
  Time since last request: 0.363405 seconds.
  path: Assets/Scripts/UI/InGame/Phases/AnswerPhaseView.cs
  artifactKey: Guid(5c83fb99002944e3db8ee982f274dc4f) Importer(2089858483,192608db42251d675da83286b1cce702)
Start importing Assets/Scripts/UI/InGame/Phases/AnswerPhaseView.cs using Guid(5c83fb99002944e3db8ee982f274dc4f) Importer(2089858483,192608db42251d675da83286b1cce702) (ScriptedImporter) -> (artifact id: '79fa9e659257a9808b2b9cdc71ec9a0c') in 0.002671334 seconds
Number of updated asset objects reloaded before import = 0Number of asset objects unloaded after import = 0

========================================================================
Received Prepare
Begin MonoManager ReloadAssembly
Thread 0x17f9af000 may have been prematurely finalized
- Loaded All Assemblies, in  0.590 seconds
Refreshing native plugins compatible for Editor in 0.95 ms, found 5 plugins.
Native extension for LinuxStandalone target not found
Native extension for iOS target not found
Native extension for Android target not found
Native extension for OSXStandalone target not found
Native extension for WebGL target not found
Mono: successfully reloaded assembly
- Finished resetting the current domain, in  0.736 seconds
Domain Reload Profiling: 1329ms
	BeginReloadAssembly (170ms)
		ExecutionOrderSort (0ms)
		DisableScriptedObjects (5ms)
		BackupInstance (0ms)
		ReleaseScriptingObjects (0ms)
		CreateAndSetChildDomain (89ms)
	RebuildCommonClasses (33ms)
	RebuildNativeTypeToScriptingClass (12ms)
	initialDomainReloadingComplete (20ms)
	LoadAllAssembliesAndSetupDomain (357ms)
		LoadAssemblies (230ms)
		RebuildTransferFunctionScriptingTraits (0ms)
		AnalyzeDomain (168ms)
			TypeCache.Refresh (12ms)
				TypeCache.ScanAssembly (1ms)
			BuildScriptInfoCaches (140ms)
			ResolveRequiredComponents (13ms)
	FinalizeReload (737ms)
		ReleaseScriptCaches (0ms)
		RebuildScriptCaches (0ms)
		SetupLoadedEditorAssemblies (567ms)
			LogAssemblyErrors (0ms)
			InitializePlatformSupportModulesInManaged (41ms)
			SetLoadedEditorAssemblies (4ms)
			BeforeProcessingInitializeOnLoad (105ms)
			ProcessInitializeOnLoadAttributes (369ms)
			ProcessInitializeOnLoadMethodAttributes (46ms)
			AfterProcessingInitializeOnLoad (1ms)
			EditorAssembliesLoaded (0ms)
		ExecutionOrderSort2 (0ms)
		AwakeInstancesAfterBackupRestoration (7ms)
Refreshing native plugins compatible for Editor in 0.92 ms, found 5 plugins.
Preloading 0 native plugins for Editor in 0.00 ms.
Unloading 14 Unused Serialized files (Serialized files now loaded: 0)
Unloading 6595 unused Assets / (4.0 MB). Loaded Objects now: 7524.
Memory consumption went from 153.8 MB to 149.8 MB.
Total: 7.237750 ms (FindLiveObjects: 0.363333 ms CreateObjectMapping: 0.274083 ms MarkObjects: 4.849292 ms  DeleteObjects: 1.750458 ms)

Prepare: number of updated asset objects reloaded= 0
========================================================================
Received Prepare
Refreshing native plugins compatible for Editor in 0.92 ms, found 5 plugins.
Preloading 0 native plugins for Editor in 0.00 ms.
Unloading 14 Unused Serialized files (Serialized files now loaded: 0)
Unloading 6576 unused Assets / (4.2 MB). Loaded Objects now: 7524.
Memory consumption went from 154.0 MB to 149.8 MB.
Total: 7.090000 ms (FindLiveObjects: 0.377958 ms CreateObjectMapping: 0.226250 ms MarkObjects: 4.932333 ms  DeleteObjects: 1.553084 ms)

Prepare: number of updated asset objects reloaded= 0
========================================================================
Received Import Request.
  Time since last request: 10.349192 seconds.
  path: Assets/Scripts/UI/InGame/Phases/RoleDistributionPhaseView.cs
  artifactKey: Guid(c8dc9fe5e5d7d4144b732b953b75f037) Importer(815301076,1909f56bfc062723c751e8b465ee728b)
Start importing Assets/Scripts/UI/InGame/Phases/RoleDistributionPhaseView.cs using Guid(c8dc9fe5e5d7d4144b732b953b75f037) Importer(815301076,1909f56bfc062723c751e8b465ee728b) (PreviewImporter) -> (artifact id: '15a4a5d03bc687f39c4ce8fedb9e9f9a') in 0.001209916 seconds
Number of updated asset objects reloaded before import = 0Number of asset objects unloaded after import = 0

========================================================================
Received Import Request.
  Time since last request: 0.373487 seconds.
  path: Assets/Scripts/UI/InGame/Phases/RoleDistributionPhaseView.cs
  artifactKey: Guid(c8dc9fe5e5d7d4144b732b953b75f037) Importer(2089858483,192608db42251d675da83286b1cce702)
Start importing Assets/Scripts/UI/InGame/Phases/RoleDistributionPhaseView.cs using Guid(c8dc9fe5e5d7d4144b732b953b75f037) Importer(2089858483,192608db42251d675da83286b1cce702) (ScriptedImporter) -> (artifact id: '3e89bf3fe0eb1a61648fa84eb92b86f3') in 0.142353917 seconds
Number of updated asset objects reloaded before import = 0Number of asset objects unloaded after import = 0

========================================================================
Received Prepare
Begin MonoManager ReloadAssembly
Thread 0x17f9af000 may have been prematurely finalized
- Loaded All Assemblies, in  0.606 seconds
Refreshing native plugins compatible for Editor in 0.95 ms, found 5 plugins.
Native extension for LinuxStandalone target not found
Native extension for iOS target not found
Native extension for Android target not found
Native extension for OSXStandalone target not found
Native extension for WebGL target not found
Mono: successfully reloaded assembly
- Finished resetting the current domain, in  0.753 seconds
Domain Reload Profiling: 1361ms
	BeginReloadAssembly (171ms)
		ExecutionOrderSort (0ms)
		DisableScriptedObjects (5ms)
		BackupInstance (0ms)
		ReleaseScriptingObjects (0ms)
		CreateAndSetChildDomain (87ms)
	RebuildCommonClasses (35ms)
	RebuildNativeTypeToScriptingClass (13ms)
	initialDomainReloadingComplete (21ms)
	LoadAllAssembliesAndSetupDomain (369ms)
		LoadAssemblies (242ms)
		RebuildTransferFunctionScriptingTraits (0ms)
		AnalyzeDomain (172ms)
			TypeCache.Refresh (12ms)
				TypeCache.ScanAssembly (1ms)
			BuildScriptInfoCaches (144ms)
			ResolveRequiredComponents (13ms)
	FinalizeReload (753ms)
		ReleaseScriptCaches (0ms)
		RebuildScriptCaches (0ms)
		SetupLoadedEditorAssemblies (578ms)
			LogAssemblyErrors (0ms)
			InitializePlatformSupportModulesInManaged (41ms)
			SetLoadedEditorAssemblies (4ms)
			BeforeProcessingInitializeOnLoad (107ms)
			ProcessInitializeOnLoadAttributes (378ms)
			ProcessInitializeOnLoadMethodAttributes (47ms)
			AfterProcessingInitializeOnLoad (1ms)
			EditorAssembliesLoaded (0ms)
		ExecutionOrderSort2 (0ms)
		AwakeInstancesAfterBackupRestoration (8ms)
Refreshing native plugins compatible for Editor in 0.93 ms, found 5 plugins.
Preloading 0 native plugins for Editor in 0.00 ms.
Unloading 14 Unused Serialized files (Serialized files now loaded: 0)
Unloading 6595 unused Assets / (3.9 MB). Loaded Objects now: 7526.
Memory consumption went from 153.9 MB to 150.0 MB.
Total: 7.363917 ms (FindLiveObjects: 0.361958 ms CreateObjectMapping: 0.276417 ms MarkObjects: 4.924291 ms  DeleteObjects: 1.800667 ms)

Prepare: number of updated asset objects reloaded= 0
========================================================================
Received Prepare
Refreshing native plugins compatible for Editor in 1.00 ms, found 5 plugins.
Preloading 0 native plugins for Editor in 0.00 ms.
Unloading 14 Unused Serialized files (Serialized files now loaded: 0)
Unloading 6576 unused Assets / (4.2 MB). Loaded Objects now: 7526.
Memory consumption went from 154.0 MB to 149.8 MB.
Total: 6.942667 ms (FindLiveObjects: 0.398958 ms CreateObjectMapping: 0.232875 ms MarkObjects: 4.759833 ms  DeleteObjects: 1.550417 ms)

Prepare: number of updated asset objects reloaded= 0
========================================================================
Received Import Request.
  Time since last request: 12.417484 seconds.
  path: Assets/Scripts/UI/InGame/Phases/QuestionPhaseView.cs
  artifactKey: Guid(23cc2bcc027934605bb4d4a6ac6f4ad8) Importer(815301076,1909f56bfc062723c751e8b465ee728b)
Start importing Assets/Scripts/UI/InGame/Phases/QuestionPhaseView.cs using Guid(23cc2bcc027934605bb4d4a6ac6f4ad8) Importer(815301076,1909f56bfc062723c751e8b465ee728b) (PreviewImporter) -> (artifact id: '28aacd68466058222e0f2baab9c1a8d7') in 0.001193958 seconds
Number of updated asset objects reloaded before import = 0Number of asset objects unloaded after import = 0

========================================================================
Received Import Request.
  Time since last request: 0.338347 seconds.
  path: Assets/Scripts/UI/InGame/Phases/QuestionPhaseView.cs
  artifactKey: Guid(23cc2bcc027934605bb4d4a6ac6f4ad8) Importer(2089858483,192608db42251d675da83286b1cce702)
Start importing Assets/Scripts/UI/InGame/Phases/QuestionPhaseView.cs using Guid(23cc2bcc027934605bb4d4a6ac6f4ad8) Importer(2089858483,192608db42251d675da83286b1cce702) (ScriptedImporter) -> (artifact id: '872266fc3052e2c95b85e03efb73f178') in 0.150416583 seconds
Number of updated asset objects reloaded before import = 0Number of asset objects unloaded after import = 0

========================================================================
Received Prepare
Begin MonoManager ReloadAssembly
Thread 0x17f9af000 may have been prematurely finalized
- Loaded All Assemblies, in  0.611 seconds
Refreshing native plugins compatible for Editor in 0.96 ms, found 5 plugins.
Native extension for LinuxStandalone target not found
Native extension for iOS target not found
Native extension for Android target not found
Native extension for OSXStandalone target not found
Native extension for WebGL target not found
Mono: successfully reloaded assembly
- Finished resetting the current domain, in  0.746 seconds
Domain Reload Profiling: 1359ms
	BeginReloadAssembly (178ms)
		ExecutionOrderSort (0ms)
		DisableScriptedObjects (5ms)
		BackupInstance (0ms)
		ReleaseScriptingObjects (0ms)
		CreateAndSetChildDomain (93ms)
	RebuildCommonClasses (34ms)
	RebuildNativeTypeToScriptingClass (13ms)
	initialDomainReloadingComplete (21ms)
	LoadAllAssembliesAndSetupDomain (367ms)
		LoadAssemblies (243ms)
		RebuildTransferFunctionScriptingTraits (0ms)
		AnalyzeDomain (169ms)
			TypeCache.Refresh (12ms)
				TypeCache.ScanAssembly (1ms)
			BuildScriptInfoCaches (141ms)
			ResolveRequiredComponents (13ms)
	FinalizeReload (746ms)
		ReleaseScriptCaches (0ms)
		RebuildScriptCaches (0ms)
		SetupLoadedEditorAssemblies (571ms)
			LogAssemblyErrors (0ms)
			InitializePlatformSupportModulesInManaged (41ms)
			SetLoadedEditorAssemblies (5ms)
			BeforeProcessingInitializeOnLoad (106ms)
			ProcessInitializeOnLoadAttributes (371ms)
			ProcessInitializeOnLoadMethodAttributes (46ms)
			AfterProcessingInitializeOnLoad (1ms)
			EditorAssembliesLoaded (0ms)
		ExecutionOrderSort2 (0ms)
		AwakeInstancesAfterBackupRestoration (8ms)
Refreshing native plugins compatible for Editor in 0.91 ms, found 5 plugins.
Preloading 0 native plugins for Editor in 0.00 ms.
Unloading 14 Unused Serialized files (Serialized files now loaded: 0)
Unloading 6595 unused Assets / (3.9 MB). Loaded Objects now: 7528.
Memory consumption went from 153.9 MB to 150.0 MB.
Total: 7.257875 ms (FindLiveObjects: 0.364791 ms CreateObjectMapping: 0.295250 ms MarkObjects: 4.811709 ms  DeleteObjects: 1.785375 ms)

Prepare: number of updated asset objects reloaded= 0
========================================================================
Received Prepare
Refreshing native plugins compatible for Editor in 1.04 ms, found 5 plugins.
Preloading 0 native plugins for Editor in 0.00 ms.
Unloading 14 Unused Serialized files (Serialized files now loaded: 0)
Unloading 6576 unused Assets / (4.2 MB). Loaded Objects now: 7528.
Memory consumption went from 154.0 MB to 149.8 MB.
Total: 6.961667 ms (FindLiveObjects: 0.391500 ms CreateObjectMapping: 0.224666 ms MarkObjects: 4.725375 ms  DeleteObjects: 1.619417 ms)

Prepare: number of updated asset objects reloaded= 0
========================================================================
Received Import Request.
  Time since last request: 10.252188 seconds.
  path: Assets/Scripts/UI/InGame/Phases/ResultPhaseView.cs
  artifactKey: Guid(66a7a8b68d78e443d87fb31c5a516c49) Importer(2089858483,192608db42251d675da83286b1cce702)
Start importing Assets/Scripts/UI/InGame/Phases/ResultPhaseView.cs using Guid(66a7a8b68d78e443d87fb31c5a516c49) Importer(2089858483,192608db42251d675da83286b1cce702) (ScriptedImporter) -> (artifact id: '76ff5ecfbe40c737140e961708073e17') in 0.143925542 seconds
Number of updated asset objects reloaded before import = 0Number of asset objects unloaded after import = 0

========================================================================
Received Prepare
Begin MonoManager ReloadAssembly
Thread 0x17f9b7000 may have been prematurely finalized
- Loaded All Assemblies, in  0.588 seconds
Refreshing native plugins compatible for Editor in 0.93 ms, found 5 plugins.
Native extension for LinuxStandalone target not found
Native extension for iOS target not found
Native extension for Android target not found
Native extension for OSXStandalone target not found
Native extension for WebGL target not found
Mono: successfully reloaded assembly
- Finished resetting the current domain, in  0.739 seconds
Domain Reload Profiling: 1329ms
	BeginReloadAssembly (170ms)
		ExecutionOrderSort (0ms)
		DisableScriptedObjects (5ms)
		BackupInstance (0ms)
		ReleaseScriptingObjects (0ms)
		CreateAndSetChildDomain (87ms)
	RebuildCommonClasses (32ms)
	RebuildNativeTypeToScriptingClass (12ms)
	initialDomainReloadingComplete (20ms)
	LoadAllAssembliesAndSetupDomain (355ms)
		LoadAssemblies (231ms)
		RebuildTransferFunctionScriptingTraits (0ms)
		AnalyzeDomain (168ms)
			TypeCache.Refresh (11ms)
				TypeCache.ScanAssembly (1ms)
			BuildScriptInfoCaches (141ms)
			ResolveRequiredComponents (13ms)
	FinalizeReload (739ms)
		ReleaseScriptCaches (0ms)
		RebuildScriptCaches (0ms)
		SetupLoadedEditorAssemblies (569ms)
			LogAssemblyErrors (0ms)
			InitializePlatformSupportModulesInManaged (42ms)
			SetLoadedEditorAssemblies (4ms)
			BeforeProcessingInitializeOnLoad (105ms)
			ProcessInitializeOnLoadAttributes (370ms)
			ProcessInitializeOnLoadMethodAttributes (47ms)
			AfterProcessingInitializeOnLoad (1ms)
			EditorAssembliesLoaded (0ms)
		ExecutionOrderSort2 (0ms)
		AwakeInstancesAfterBackupRestoration (7ms)
Refreshing native plugins compatible for Editor in 0.91 ms, found 5 plugins.
Preloading 0 native plugins for Editor in 0.00 ms.
Unloading 14 Unused Serialized files (Serialized files now loaded: 0)
Unloading 6595 unused Assets / (3.9 MB). Loaded Objects now: 7530.
Memory consumption went from 153.9 MB to 150.0 MB.
Total: 7.045417 ms (FindLiveObjects: 0.350708 ms CreateObjectMapping: 0.281292 ms MarkObjects: 4.703209 ms  DeleteObjects: 1.709667 ms)

Prepare: number of updated asset objects reloaded= 0
========================================================================
Received Prepare
Refreshing native plugins compatible for Editor in 1.00 ms, found 5 plugins.
Preloading 0 native plugins for Editor in 0.00 ms.
Unloading 14 Unused Serialized files (Serialized files now loaded: 0)
Unloading 6576 unused Assets / (4.2 MB). Loaded Objects now: 7530.
Memory consumption went from 154.0 MB to 149.9 MB.
Total: 7.115125 ms (FindLiveObjects: 0.376083 ms CreateObjectMapping: 0.217625 ms MarkObjects: 4.898000 ms  DeleteObjects: 1.622917 ms)

Prepare: number of updated asset objects reloaded= 0
========================================================================
Received Import Request.
  Time since last request: 10.806076 seconds.
  path: Assets/Scripts/UI/InGame/Phases/VotePhaseView.cs
  artifactKey: Guid(7aa9ba876f7914f9cb99f4dbed3a8df4) Importer(815301076,1909f56bfc062723c751e8b465ee728b)
Start importing Assets/Scripts/UI/InGame/Phases/VotePhaseView.cs using Guid(7aa9ba876f7914f9cb99f4dbed3a8df4) Importer(815301076,1909f56bfc062723c751e8b465ee728b) (PreviewImporter) -> (artifact id: '5acfba65a3f7c2aa7ba965b62fb92b90') in 0.0012355 seconds
Number of updated asset objects reloaded before import = 0Number of asset objects unloaded after import = 0

========================================================================
Received Import Request.
  Time since last request: 0.386404 seconds.
  path: Assets/Scripts/UI/InGame/Phases/VotePhaseView.cs
  artifactKey: Guid(7aa9ba876f7914f9cb99f4dbed3a8df4) Importer(2089858483,192608db42251d675da83286b1cce702)
Start importing Assets/Scripts/UI/InGame/Phases/VotePhaseView.cs using Guid(7aa9ba876f7914f9cb99f4dbed3a8df4) Importer(2089858483,192608db42251d675da83286b1cce702) (ScriptedImporter) -> (artifact id: '68b8928c6bf6b14db43750ab5810a6a0') in 0.144194917 seconds
Number of updated asset objects reloaded before import = 0Number of asset objects unloaded after import = 0

========================================================================
Received Prepare
Begin MonoManager ReloadAssembly
Thread 0x17f693000 may have been prematurely finalized
- Loaded All Assemblies, in  0.600 seconds
Refreshing native plugins compatible for Editor in 0.94 ms, found 5 plugins.
Native extension for LinuxStandalone target not found
Native extension for iOS target not found
Native extension for Android target not found
Native extension for OSXStandalone target not found
Native extension for WebGL target not found
Mono: successfully reloaded assembly
- Finished resetting the current domain, in  0.754 seconds
Domain Reload Profiling: 1356ms
	BeginReloadAssembly (175ms)
		ExecutionOrderSort (0ms)
		DisableScriptedObjects (5ms)
		BackupInstance (0ms)
		ReleaseScriptingObjects (0ms)
		CreateAndSetChildDomain (92ms)
	RebuildCommonClasses (34ms)
	RebuildNativeTypeToScriptingClass (12ms)
	initialDomainReloadingComplete (21ms)
	LoadAllAssembliesAndSetupDomain (360ms)
		LoadAssemblies (234ms)
		RebuildTransferFunctionScriptingTraits (0ms)
		AnalyzeDomain (169ms)
			TypeCache.Refresh (12ms)
				TypeCache.ScanAssembly (1ms)
			BuildScriptInfoCaches (141ms)
			ResolveRequiredComponents (13ms)
	FinalizeReload (754ms)
		ReleaseScriptCaches (0ms)
		RebuildScriptCaches (0ms)
		SetupLoadedEditorAssemblies (581ms)
			LogAssemblyErrors (0ms)
			InitializePlatformSupportModulesInManaged (42ms)
			SetLoadedEditorAssemblies (4ms)
			BeforeProcessingInitializeOnLoad (107ms)
			ProcessInitializeOnLoadAttributes (379ms)
			ProcessInitializeOnLoadMethodAttributes (48ms)
			AfterProcessingInitializeOnLoad (1ms)
			EditorAssembliesLoaded (0ms)
		ExecutionOrderSort2 (0ms)
		AwakeInstancesAfterBackupRestoration (8ms)
Refreshing native plugins compatible for Editor in 0.93 ms, found 5 plugins.
Preloading 0 native plugins for Editor in 0.00 ms.
Unloading 14 Unused Serialized files (Serialized files now loaded: 0)
Unloading 6595 unused Assets / (4.2 MB). Loaded Objects now: 7532.
Memory consumption went from 153.9 MB to 149.7 MB.
Total: 7.136083 ms (FindLiveObjects: 0.357958 ms CreateObjectMapping: 0.296042 ms MarkObjects: 4.810083 ms  DeleteObjects: 1.671583 ms)

Prepare: number of updated asset objects reloaded= 0
========================================================================
Received Prepare
Refreshing native plugins compatible for Editor in 1.21 ms, found 5 plugins.
Preloading 0 native plugins for Editor in 0.00 ms.
Unloading 14 Unused Serialized files (Serialized files now loaded: 0)
Unloading 6576 unused Assets / (4.2 MB). Loaded Objects now: 7532.
Memory consumption went from 154.0 MB to 149.8 MB.
Total: 7.627000 ms (FindLiveObjects: 0.380917 ms CreateObjectMapping: 0.215916 ms MarkObjects: 5.095667 ms  DeleteObjects: 1.933750 ms)

Prepare: number of updated asset objects reloaded= 0
========================================================================
Received Prepare
Begin MonoManager ReloadAssembly
Thread 0x17f693000 may have been prematurely finalized
- Loaded All Assemblies, in  0.629 seconds
Refreshing native plugins compatible for Editor in 0.87 ms, found 5 plugins.
Native extension for LinuxStandalone target not found
Native extension for iOS target not found
Native extension for Android target not found
Native extension for OSXStandalone target not found
Native extension for WebGL target not found
Mono: successfully reloaded assembly
- Finished resetting the current domain, in  0.757 seconds
Domain Reload Profiling: 1389ms
	BeginReloadAssembly (160ms)
		ExecutionOrderSort (0ms)
		DisableScriptedObjects (5ms)
		BackupInstance (0ms)
		ReleaseScriptingObjects (0ms)
		CreateAndSetChildDomain (76ms)
	RebuildCommonClasses (35ms)
	RebuildNativeTypeToScriptingClass (13ms)
	initialDomainReloadingComplete (22ms)
	LoadAllAssembliesAndSetupDomain (402ms)
		LoadAssemblies (269ms)
		RebuildTransferFunctionScriptingTraits (0ms)
		AnalyzeDomain (176ms)
			TypeCache.Refresh (14ms)
				TypeCache.ScanAssembly (2ms)
			BuildScriptInfoCaches (146ms)
			ResolveRequiredComponents (13ms)
	FinalizeReload (757ms)
		ReleaseScriptCaches (0ms)
		RebuildScriptCaches (0ms)
		SetupLoadedEditorAssemblies (582ms)
			LogAssemblyErrors (0ms)
			InitializePlatformSupportModulesInManaged (43ms)
			SetLoadedEditorAssemblies (4ms)
			BeforeProcessingInitializeOnLoad (107ms)
			ProcessInitializeOnLoadAttributes (379ms)
			ProcessInitializeOnLoadMethodAttributes (48ms)
			AfterProcessingInitializeOnLoad (1ms)
			EditorAssembliesLoaded (0ms)
		ExecutionOrderSort2 (0ms)
		AwakeInstancesAfterBackupRestoration (8ms)
Refreshing native plugins compatible for Editor in 0.97 ms, found 5 plugins.
Preloading 0 native plugins for Editor in 0.00 ms.
Unloading 14 Unused Serialized files (Serialized files now loaded: 0)
Unloading 6595 unused Assets / (4.2 MB). Loaded Objects now: 7534.
Memory consumption went from 153.9 MB to 149.7 MB.
Total: 8.205584 ms (FindLiveObjects: 0.395000 ms CreateObjectMapping: 0.327208 ms MarkObjects: 5.393042 ms  DeleteObjects: 2.089708 ms)

Prepare: number of updated asset objects reloaded= 0
========================================================================
Received Import Request.
  Time since last request: 134.634194 seconds.
  path: Assets/Scripts/GameSystem/NPCManager.cs
  artifactKey: Guid(3b7d4c275697a5d4d87379e190df8824) Importer(2089858483,192608db42251d675da83286b1cce702)
Start importing Assets/Scripts/GameSystem/NPCManager.cs using Guid(3b7d4c275697a5d4d87379e190df8824) Importer(2089858483,192608db42251d675da83286b1cce702) (ScriptedImporter) -> (artifact id: '0fa7b783cf04f9148725e0cde61c78b9') in 0.147449958 seconds
Number of updated asset objects reloaded before import = 0Number of asset objects unloaded after import = 0

========================================================================
Received Prepare
Refreshing native plugins compatible for Editor in 1.53 ms, found 5 plugins.
Preloading 0 native plugins for Editor in 0.00 ms.
Unloading 14 Unused Serialized files (Serialized files now loaded: 0)
Unloading 6576 unused Assets / (4.2 MB). Loaded Objects now: 7534.
Memory consumption went from 154.0 MB to 149.9 MB.
Total: 7.525584 ms (FindLiveObjects: 0.392458 ms CreateObjectMapping: 0.219084 ms MarkObjects: 5.043834 ms  DeleteObjects: 1.869458 ms)

Prepare: number of updated asset objects reloaded= 0
========================================================================
Received Prepare
Begin MonoManager ReloadAssembly
Thread 0x17f9af000 may have been prematurely finalized
- Loaded All Assemblies, in  0.604 seconds
Refreshing native plugins compatible for Editor in 0.98 ms, found 5 plugins.
Native extension for LinuxStandalone target not found
Native extension for iOS target not found
Native extension for Android target not found
Native extension for OSXStandalone target not found
Native extension for WebGL target not found
Mono: successfully reloaded assembly
- Finished resetting the current domain, in  0.757 seconds
Domain Reload Profiling: 1363ms
	BeginReloadAssembly (177ms)
		ExecutionOrderSort (0ms)
		DisableScriptedObjects (5ms)
		BackupInstance (0ms)
		ReleaseScriptingObjects (0ms)
		CreateAndSetChildDomain (90ms)
	RebuildCommonClasses (35ms)
	RebuildNativeTypeToScriptingClass (12ms)
	initialDomainReloadingComplete (20ms)
	LoadAllAssembliesAndSetupDomain (362ms)
		LoadAssemblies (243ms)
		RebuildTransferFunctionScriptingTraits (0ms)
		AnalyzeDomain (167ms)
			TypeCache.Refresh (12ms)
				TypeCache.ScanAssembly (1ms)
			BuildScriptInfoCaches (140ms)
			ResolveRequiredComponents (13ms)
	FinalizeReload (757ms)
		ReleaseScriptCaches (0ms)
		RebuildScriptCaches (0ms)
		SetupLoadedEditorAssemblies (584ms)
			LogAssemblyErrors (0ms)
			InitializePlatformSupportModulesInManaged (42ms)
			SetLoadedEditorAssemblies (4ms)
			BeforeProcessingInitializeOnLoad (107ms)
			ProcessInitializeOnLoadAttributes (382ms)
			ProcessInitializeOnLoadMethodAttributes (47ms)
			AfterProcessingInitializeOnLoad (1ms)
			EditorAssembliesLoaded (0ms)
		ExecutionOrderSort2 (0ms)
		AwakeInstancesAfterBackupRestoration (8ms)
Refreshing native plugins compatible for Editor in 0.99 ms, found 5 plugins.
Preloading 0 native plugins for Editor in 0.00 ms.
Unloading 14 Unused Serialized files (Serialized files now loaded: 0)
Unloading 6595 unused Assets / (4.3 MB). Loaded Objects now: 7536.
Memory consumption went from 153.9 MB to 149.6 MB.
Total: 8.007416 ms (FindLiveObjects: 0.391542 ms CreateObjectMapping: 0.315417 ms MarkObjects: 5.394041 ms  DeleteObjects: 1.905958 ms)

Prepare: number of updated asset objects reloaded= 0
========================================================================
Received Import Request.
  Time since last request: 11.553230 seconds.
  path: Assets/Scripts/GameSystem/GameEnums.cs
  artifactKey: Guid(e03aaabbb7822754d839c4ccd472713c) Importer(2089858483,192608db42251d675da83286b1cce702)
Start importing Assets/Scripts/GameSystem/GameEnums.cs using Guid(e03aaabbb7822754d839c4ccd472713c) Importer(2089858483,192608db42251d675da83286b1cce702) (ScriptedImporter) -> (artifact id: '6850d86efadb04223ba573e1f13cf733') in 0.150529958 seconds
Number of updated asset objects reloaded before import = 0Number of asset objects unloaded after import = 0

========================================================================
Received Prepare
Refreshing native plugins compatible for Editor in 1.03 ms, found 5 plugins.
Preloading 0 native plugins for Editor in 0.00 ms.
Unloading 14 Unused Serialized files (Serialized files now loaded: 0)
Unloading 6576 unused Assets / (4.1 MB). Loaded Objects now: 7536.
Memory consumption went from 154.0 MB to 149.9 MB.
Total: 7.669083 ms (FindLiveObjects: 0.372000 ms CreateObjectMapping: 0.211125 ms MarkObjects: 5.358792 ms  DeleteObjects: 1.726334 ms)

Prepare: number of updated asset objects reloaded= 0
========================================================================
Received Import Request.
  Time since last request: 20.345399 seconds.
  path: Assets/Scripts/GameSystem/JobDistribution/RoleDistribution.cs
  artifactKey: Guid(67e62f67d991e46378b87e7630bc6620) Importer(2089858483,192608db42251d675da83286b1cce702)
Start importing Assets/Scripts/GameSystem/JobDistribution/RoleDistribution.cs using Guid(67e62f67d991e46378b87e7630bc6620) Importer(2089858483,192608db42251d675da83286b1cce702) (ScriptedImporter) -> (artifact id: '29cb7ad7fe708c9500195d513d63a604') in 0.00317275 seconds
Number of updated asset objects reloaded before import = 0Number of asset objects unloaded after import = 0

========================================================================
Received Prepare
Begin MonoManager ReloadAssembly
Thread 0x17f9af000 may have been prematurely finalized
- Loaded All Assemblies, in  0.618 seconds
Refreshing native plugins compatible for Editor in 0.98 ms, found 5 plugins.
Native extension for LinuxStandalone target not found
Native extension for iOS target not found
Native extension for Android target not found
Native extension for OSXStandalone target not found
Native extension for WebGL target not found
Mono: successfully reloaded assembly
- Finished resetting the current domain, in  0.752 seconds
Domain Reload Profiling: 1373ms
	BeginReloadAssembly (171ms)
		ExecutionOrderSort (0ms)
		DisableScriptedObjects (5ms)
		BackupInstance (0ms)
		ReleaseScriptingObjects (0ms)
		CreateAndSetChildDomain (88ms)
	RebuildCommonClasses (35ms)
	RebuildNativeTypeToScriptingClass (13ms)
	initialDomainReloadingComplete (20ms)
	LoadAllAssembliesAndSetupDomain (383ms)
		LoadAssemblies (248ms)
		RebuildTransferFunctionScriptingTraits (0ms)
		AnalyzeDomain (178ms)
			TypeCache.Refresh (13ms)
				TypeCache.ScanAssembly (2ms)
			BuildScriptInfoCaches (150ms)
			ResolveRequiredComponents (13ms)
	FinalizeReload (752ms)
		ReleaseScriptCaches (0ms)
		RebuildScriptCaches (0ms)
		SetupLoadedEditorAssemblies (572ms)
			LogAssemblyErrors (0ms)
			InitializePlatformSupportModulesInManaged (44ms)
			SetLoadedEditorAssemblies (5ms)
			BeforeProcessingInitializeOnLoad (106ms)
			ProcessInitializeOnLoadAttributes (368ms)
			ProcessInitializeOnLoadMethodAttributes (47ms)
			AfterProcessingInitializeOnLoad (1ms)
			EditorAssembliesLoaded (0ms)
		ExecutionOrderSort2 (0ms)
		AwakeInstancesAfterBackupRestoration (7ms)
Refreshing native plugins compatible for Editor in 1.26 ms, found 5 plugins.
Preloading 0 native plugins for Editor in 0.00 ms.
Unloading 14 Unused Serialized files (Serialized files now loaded: 0)
Unloading 6595 unused Assets / (4.4 MB). Loaded Objects now: 7538.
Memory consumption went from 153.9 MB to 149.5 MB.
Total: 7.227833 ms (FindLiveObjects: 0.351417 ms CreateObjectMapping: 0.287958 ms MarkObjects: 4.871208 ms  DeleteObjects: 1.716667 ms)

Prepare: number of updated asset objects reloaded= 0
========================================================================
Received Import Request.
  Time since last request: 13.868189 seconds.
  path: Assets/Scripts/GameSystem/GameEnums.cs
  artifactKey: Guid(e03aaabbb7822754d839c4ccd472713c) Importer(2089858483,192608db42251d675da83286b1cce702)
Start importing Assets/Scripts/GameSystem/GameEnums.cs using Guid(e03aaabbb7822754d839c4ccd472713c) Importer(2089858483,192608db42251d675da83286b1cce702) (ScriptedImporter) -> (artifact id: 'e540f7fd2f14ce91a98f62f78728e666') in 0.148704833 seconds
Number of updated asset objects reloaded before import = 0Number of asset objects unloaded after import = 0

========================================================================
Received Prepare
Refreshing native plugins compatible for Editor in 1.41 ms, found 5 plugins.
Preloading 0 native plugins for Editor in 0.00 ms.
Unloading 14 Unused Serialized files (Serialized files now loaded: 0)
Unloading 6576 unused Assets / (4.3 MB). Loaded Objects now: 7538.
Memory consumption went from 154.1 MB to 149.8 MB.
Total: 7.827458 ms (FindLiveObjects: 0.398917 ms CreateObjectMapping: 0.236041 ms MarkObjects: 5.299417 ms  DeleteObjects: 1.892250 ms)

Prepare: number of updated asset objects reloaded= 0
========================================================================
Received Prepare
Begin MonoManager ReloadAssembly
Thread 0x17f9af000 may have been prematurely finalized
- Loaded All Assemblies, in  0.686 seconds
Refreshing native plugins compatible for Editor in 1.01 ms, found 5 plugins.
Native extension for LinuxStandalone target not found
Native extension for iOS target not found
Native extension for Android target not found
Native extension for OSXStandalone target not found
Native extension for WebGL target not found
Mono: successfully reloaded assembly
- Finished resetting the current domain, in  0.795 seconds
Domain Reload Profiling: 1484ms
	BeginReloadAssembly (175ms)
		ExecutionOrderSort (0ms)
		DisableScriptedObjects (5ms)
		BackupInstance (0ms)
		ReleaseScriptingObjects (0ms)
		CreateAndSetChildDomain (89ms)
	RebuildCommonClasses (35ms)
	RebuildNativeTypeToScriptingClass (13ms)
	initialDomainReloadingComplete (21ms)
	LoadAllAssembliesAndSetupDomain (444ms)
		LoadAssemblies (311ms)
		RebuildTransferFunctionScriptingTraits (0ms)
		AnalyzeDomain (177ms)
			TypeCache.Refresh (14ms)
				TypeCache.ScanAssembly (2ms)
			BuildScriptInfoCaches (148ms)
			ResolveRequiredComponents (13ms)
	FinalizeReload (796ms)
		ReleaseScriptCaches (0ms)
		RebuildScriptCaches (0ms)
		SetupLoadedEditorAssemblies (615ms)
			LogAssemblyErrors (0ms)
			InitializePlatformSupportModulesInManaged (50ms)
			SetLoadedEditorAssemblies (5ms)
			BeforeProcessingInitializeOnLoad (111ms)
			ProcessInitializeOnLoadAttributes (396ms)
			ProcessInitializeOnLoadMethodAttributes (52ms)
			AfterProcessingInitializeOnLoad (1ms)
			EditorAssembliesLoaded (0ms)
		ExecutionOrderSort2 (0ms)
		AwakeInstancesAfterBackupRestoration (9ms)
Refreshing native plugins compatible for Editor in 1.37 ms, found 5 plugins.
Preloading 0 native plugins for Editor in 0.00 ms.
Unloading 14 Unused Serialized files (Serialized files now loaded: 0)
Unloading 6595 unused Assets / (2.4 MB). Loaded Objects now: 7540.
Memory consumption went from 153.9 MB to 151.5 MB.
Total: 8.167583 ms (FindLiveObjects: 0.401000 ms CreateObjectMapping: 0.316500 ms MarkObjects: 5.699500 ms  DeleteObjects: 1.750000 ms)

Prepare: number of updated asset objects reloaded= 0
========================================================================
Received Import Request.
  Time since last request: 1245.495571 seconds.
  path: Assets/Scripts/UI/InGame/Footer/UIPresenter_Footer.cs
  artifactKey: Guid(ab3d7cce570ea4836b87a391697860f8) Importer(2089858483,192608db42251d675da83286b1cce702)
Start importing Assets/Scripts/UI/InGame/Footer/UIPresenter_Footer.cs using Guid(ab3d7cce570ea4836b87a391697860f8) Importer(2089858483,192608db42251d675da83286b1cce702) (ScriptedImporter) -> (artifact id: '8a347101bc526d16457267e2f581d9c3') in 0.155664041 seconds
Number of updated asset objects reloaded before import = 0Number of asset objects unloaded after import = 0

========================================================================
Received Prepare
Refreshing native plugins compatible for Editor in 1.49 ms, found 5 plugins.
Preloading 0 native plugins for Editor in 0.00 ms.
Unloading 14 Unused Serialized files (Serialized files now loaded: 0)
Unloading 6576 unused Assets / (4.3 MB). Loaded Objects now: 7540.
Memory consumption went from 154.1 MB to 149.7 MB.
Total: 7.734834 ms (FindLiveObjects: 0.396000 ms CreateObjectMapping: 0.242000 ms MarkObjects: 5.115958 ms  DeleteObjects: 1.980625 ms)

Prepare: number of updated asset objects reloaded= 0
========================================================================
Received Import Request.
  Time since last request: 320.600277 seconds.
  path: Assets/Scripts/UI/InGame/Body/UIPresenter_Body.cs
  artifactKey: Guid(9321ba571512b412fb6b142104f6990e) Importer(2089858483,192608db42251d675da83286b1cce702)
Start importing Assets/Scripts/UI/InGame/Body/UIPresenter_Body.cs using Guid(9321ba571512b412fb6b142104f6990e) Importer(2089858483,192608db42251d675da83286b1cce702) (ScriptedImporter) -> (artifact id: '0750bf87a79aab2eb99232c3cd24209b') in 0.002860667 seconds
Number of updated asset objects reloaded before import = 0Number of asset objects unloaded after import = 0

========================================================================
Received Prepare
Begin MonoManager ReloadAssembly
Thread 0x17f9af000 may have been prematurely finalized
- Loaded All Assemblies, in  0.662 seconds
Refreshing native plugins compatible for Editor in 0.88 ms, found 5 plugins.
Native extension for LinuxStandalone target not found
Native extension for iOS target not found
Native extension for Android target not found
Native extension for OSXStandalone target not found
Native extension for WebGL target not found
Mono: successfully reloaded assembly
- Finished resetting the current domain, in  0.760 seconds
Domain Reload Profiling: 1425ms
	BeginReloadAssembly (172ms)
		ExecutionOrderSort (0ms)
		DisableScriptedObjects (5ms)
		BackupInstance (0ms)
		ReleaseScriptingObjects (0ms)
		CreateAndSetChildDomain (89ms)
	RebuildCommonClasses (35ms)
	RebuildNativeTypeToScriptingClass (13ms)
	initialDomainReloadingComplete (21ms)
	LoadAllAssembliesAndSetupDomain (424ms)
		LoadAssemblies (286ms)
		RebuildTransferFunctionScriptingTraits (0ms)
		AnalyzeDomain (181ms)
			TypeCache.Refresh (14ms)
				TypeCache.ScanAssembly (2ms)
			BuildScriptInfoCaches (151ms)
			ResolveRequiredComponents (13ms)
	FinalizeReload (760ms)
		ReleaseScriptCaches (0ms)
		RebuildScriptCaches (0ms)
		SetupLoadedEditorAssemblies (583ms)
			LogAssemblyErrors (0ms)
			InitializePlatformSupportModulesInManaged (46ms)
			SetLoadedEditorAssemblies (5ms)
			BeforeProcessingInitializeOnLoad (108ms)
			ProcessInitializeOnLoadAttributes (377ms)
			ProcessInitializeOnLoadMethodAttributes (46ms)
			AfterProcessingInitializeOnLoad (1ms)
			EditorAssembliesLoaded (0ms)
		ExecutionOrderSort2 (0ms)
		AwakeInstancesAfterBackupRestoration (7ms)
Refreshing native plugins compatible for Editor in 1.09 ms, found 5 plugins.
Preloading 0 native plugins for Editor in 0.00 ms.
Unloading 14 Unused Serialized files (Serialized files now loaded: 0)
Unloading 6595 unused Assets / (3.8 MB). Loaded Objects now: 7542.
Memory consumption went from 153.9 MB to 150.1 MB.
Total: 7.757959 ms (FindLiveObjects: 0.367875 ms CreateObjectMapping: 0.288667 ms MarkObjects: 5.187208 ms  DeleteObjects: 1.913792 ms)

Prepare: number of updated asset objects reloaded= 0
========================================================================
Received Prepare
Refreshing native plugins compatible for Editor in 0.93 ms, found 5 plugins.
Preloading 0 native plugins for Editor in 0.00 ms.
Unloading 14 Unused Serialized files (Serialized files now loaded: 0)
Unloading 6576 unused Assets / (4.1 MB). Loaded Objects now: 7542.
Memory consumption went from 154.0 MB to 149.9 MB.
Total: 7.400958 ms (FindLiveObjects: 0.397292 ms CreateObjectMapping: 0.230083 ms MarkObjects: 5.101208 ms  DeleteObjects: 1.671791 ms)

Prepare: number of updated asset objects reloaded= 0
========================================================================
Received Prepare
Begin MonoManager ReloadAssembly
Thread 0x17f693000 may have been prematurely finalized
- Loaded All Assemblies, in  0.623 seconds
Refreshing native plugins compatible for Editor in 0.88 ms, found 5 plugins.
Native extension for LinuxStandalone target not found
Native extension for iOS target not found
Native extension for Android target not found
Native extension for OSXStandalone target not found
Native extension for WebGL target not found
Mono: successfully reloaded assembly
- Finished resetting the current domain, in  0.769 seconds
Domain Reload Profiling: 1394ms
	BeginReloadAssembly (155ms)
		ExecutionOrderSort (0ms)
		DisableScriptedObjects (5ms)
		BackupInstance (0ms)
		ReleaseScriptingObjects (0ms)
		CreateAndSetChildDomain (74ms)
	RebuildCommonClasses (35ms)
	RebuildNativeTypeToScriptingClass (12ms)
	initialDomainReloadingComplete (20ms)
	LoadAllAssembliesAndSetupDomain (402ms)
		LoadAssemblies (268ms)
		RebuildTransferFunctionScriptingTraits (0ms)
		AnalyzeDomain (175ms)
			TypeCache.Refresh (14ms)
				TypeCache.ScanAssembly (1ms)
			BuildScriptInfoCaches (146ms)
			ResolveRequiredComponents (13ms)
	FinalizeReload (769ms)
		ReleaseScriptCaches (0ms)
		RebuildScriptCaches (0ms)
		SetupLoadedEditorAssemblies (592ms)
			LogAssemblyErrors (0ms)
			InitializePlatformSupportModulesInManaged (45ms)
			SetLoadedEditorAssemblies (5ms)
			BeforeProcessingInitializeOnLoad (107ms)
			ProcessInitializeOnLoadAttributes (386ms)
			ProcessInitializeOnLoadMethodAttributes (47ms)
			AfterProcessingInitializeOnLoad (1ms)
			EditorAssembliesLoaded (0ms)
		ExecutionOrderSort2 (0ms)
		AwakeInstancesAfterBackupRestoration (8ms)
Refreshing native plugins compatible for Editor in 1.00 ms, found 5 plugins.
Preloading 0 native plugins for Editor in 0.00 ms.
Unloading 14 Unused Serialized files (Serialized files now loaded: 0)
Unloading 6595 unused Assets / (4.2 MB). Loaded Objects now: 7544.
Memory consumption went from 153.9 MB to 149.7 MB.
Total: 7.833333 ms (FindLiveObjects: 0.471708 ms CreateObjectMapping: 0.331375 ms MarkObjects: 5.047917 ms  DeleteObjects: 1.981791 ms)

Prepare: number of updated asset objects reloaded= 0
========================================================================
Received Import Request.
  Time since last request: 101.049269 seconds.
  path: Assets/Scripts/UI/InGame/Body/UIPresenter_Body.cs
  artifactKey: Guid(9321ba571512b412fb6b142104f6990e) Importer(2089858483,192608db42251d675da83286b1cce702)
Start importing Assets/Scripts/UI/InGame/Body/UIPresenter_Body.cs using Guid(9321ba571512b412fb6b142104f6990e) Importer(2089858483,192608db42251d675da83286b1cce702) (ScriptedImporter) -> (artifact id: '2487a84b73087251a88191da4a03e65b') in 0.149163792 seconds
Number of updated asset objects reloaded before import = 0Number of asset objects unloaded after import = 0

========================================================================
Received Import Request.
  Time since last request: 156.272238 seconds.
  path: Assets/Scripts/GameSystem/Result/ResultPhase.cs
  artifactKey: Guid(25d8f1d1d81d44853b6a234381d879df) Importer(815301076,1909f56bfc062723c751e8b465ee728b)
Start importing Assets/Scripts/GameSystem/Result/ResultPhase.cs using Guid(25d8f1d1d81d44853b6a234381d879df) Importer(815301076,1909f56bfc062723c751e8b465ee728b) (PreviewImporter) -> (artifact id: '4118344bc3601470a38c53e5689b5659') in 0.000462917 seconds
Number of updated asset objects reloaded before import = 0Number of asset objects unloaded after import = 0

========================================================================
Received Import Request.
  Time since last request: 15.466946 seconds.
  path: Assets/Scenes/GameScene.unity
  artifactKey: Guid(6122a9d4ab01d65408e8cfa5c4eea58c) Importer(815301076,1909f56bfc062723c751e8b465ee728b)
Start importing Assets/Scenes/GameScene.unity using Guid(6122a9d4ab01d65408e8cfa5c4eea58c) Importer(815301076,1909f56bfc062723c751e8b465ee728b) (PreviewImporter) -> (artifact id: 'd88930c4efe4d842e7e586b6db7d2ca1') in 0.000437167 seconds
Number of updated asset objects reloaded before import = 0Number of asset objects unloaded after import = 0

========================================================================
Received Import Request.
  Time since last request: 31.125729 seconds.
  path: Assets/Scenes/GameScene.unity
  artifactKey: Guid(6122a9d4ab01d65408e8cfa5c4eea58c) Importer(2089858483,192608db42251d675da83286b1cce702)
Start importing Assets/Scenes/GameScene.unity using Guid(6122a9d4ab01d65408e8cfa5c4eea58c) Importer(2089858483,192608db42251d675da83286b1cce702) (ScriptedImporter) -> (artifact id: '7723cd69402a0729a04f6f9d8db40fcd') in 0.010604334 seconds
Number of updated asset objects reloaded before import = 0Number of asset objects unloaded after import = 1

========================================================================
Received Prepare
Refreshing native plugins compatible for Editor in 1.37 ms, found 5 plugins.
Preloading 0 native plugins for Editor in 0.00 ms.
Unloading 14 Unused Serialized files (Serialized files now loaded: 0)
Unloading 6576 unused Assets / (4.2 MB). Loaded Objects now: 7544.
Memory consumption went from 154.1 MB to 149.9 MB.
Total: 7.182667 ms (FindLiveObjects: 0.379416 ms CreateObjectMapping: 0.211959 ms MarkObjects: 4.910667 ms  DeleteObjects: 1.680125 ms)

Prepare: number of updated asset objects reloaded= 0
========================================================================
Received Import Request.
  Time since last request: 324.593015 seconds.
  path: Assets/Scripts/UI/InGame/Body/UIPresenter_Body.cs
  artifactKey: Guid(9321ba571512b412fb6b142104f6990e) Importer(2089858483,192608db42251d675da83286b1cce702)
Start importing Assets/Scripts/UI/InGame/Body/UIPresenter_Body.cs using Guid(9321ba571512b412fb6b142104f6990e) Importer(2089858483,192608db42251d675da83286b1cce702) (ScriptedImporter) -> (artifact id: 'c97a502a466ec87c8d80afca53da0ccd') in 0.00312825 seconds
Number of updated asset objects reloaded before import = 0Number of asset objects unloaded after import = 0

========================================================================
Received Prepare
Refreshing native plugins compatible for Editor in 1.27 ms, found 5 plugins.
Preloading 0 native plugins for Editor in 0.00 ms.
Unloading 14 Unused Serialized files (Serialized files now loaded: 0)
Unloading 6576 unused Assets / (4.1 MB). Loaded Objects now: 7544.
Memory consumption went from 154.1 MB to 150.0 MB.
Total: 7.397541 ms (FindLiveObjects: 0.390709 ms CreateObjectMapping: 0.218541 ms MarkObjects: 5.007209 ms  DeleteObjects: 1.780541 ms)

Prepare: number of updated asset objects reloaded= 0
========================================================================
Received Prepare
Begin MonoManager ReloadAssembly
Thread 0x17f9af000 may have been prematurely finalized
- Loaded All Assemblies, in  0.599 seconds
Refreshing native plugins compatible for Editor in 0.82 ms, found 5 plugins.
Native extension for LinuxStandalone target not found
Native extension for iOS target not found
Native extension for Android target not found
Native extension for OSXStandalone target not found
Native extension for WebGL target not found
Mono: successfully reloaded assembly
- Finished resetting the current domain, in  0.763 seconds
Domain Reload Profiling: 1365ms
	BeginReloadAssembly (170ms)
		ExecutionOrderSort (0ms)
		DisableScriptedObjects (5ms)
		BackupInstance (0ms)
		ReleaseScriptingObjects (0ms)
		CreateAndSetChildDomain (89ms)
	RebuildCommonClasses (34ms)
	RebuildNativeTypeToScriptingClass (12ms)
	initialDomainReloadingComplete (21ms)
	LoadAllAssembliesAndSetupDomain (365ms)
		LoadAssemblies (242ms)
		RebuildTransferFunctionScriptingTraits (0ms)
		AnalyzeDomain (165ms)
			TypeCache.Refresh (9ms)
				TypeCache.ScanAssembly (0ms)
			BuildScriptInfoCaches (141ms)
			ResolveRequiredComponents (13ms)
	FinalizeReload (763ms)
		ReleaseScriptCaches (0ms)
		RebuildScriptCaches (0ms)
		SetupLoadedEditorAssemblies (580ms)
			LogAssemblyErrors (0ms)
			InitializePlatformSupportModulesInManaged (42ms)
			SetLoadedEditorAssemblies (5ms)
			BeforeProcessingInitializeOnLoad (107ms)
			ProcessInitializeOnLoadAttributes (378ms)
			ProcessInitializeOnLoadMethodAttributes (46ms)
			AfterProcessingInitializeOnLoad (1ms)
			EditorAssembliesLoaded (0ms)
		ExecutionOrderSort2 (0ms)
		AwakeInstancesAfterBackupRestoration (7ms)
Refreshing native plugins compatible for Editor in 1.00 ms, found 5 plugins.
Preloading 0 native plugins for Editor in 0.00 ms.
Unloading 14 Unused Serialized files (Serialized files now loaded: 0)
Unloading 6595 unused Assets / (4.3 MB). Loaded Objects now: 7546.
Memory consumption went from 153.9 MB to 149.6 MB.
Total: 7.204125 ms (FindLiveObjects: 0.360708 ms CreateObjectMapping: 0.295209 ms MarkObjects: 4.792958 ms  DeleteObjects: 1.754625 ms)

Prepare: number of updated asset objects reloaded= 0
========================================================================
Received Import Request.
  Time since last request: 161.757790 seconds.
  path: Assets/Scripts/UI/InGame/Body/UIPresenter_Body.cs
  artifactKey: Guid(9321ba571512b412fb6b142104f6990e) Importer(815301076,1909f56bfc062723c751e8b465ee728b)
Start importing Assets/Scripts/UI/InGame/Body/UIPresenter_Body.cs using Guid(9321ba571512b412fb6b142104f6990e) Importer(815301076,1909f56bfc062723c751e8b465ee728b) (PreviewImporter) -> (artifact id: '59a165eff5fb683909e7a17f5295d547') in 0.001842708 seconds
Number of updated asset objects reloaded before import = 0Number of asset objects unloaded after import = 0

========================================================================
Received Import Request.
  Time since last request: 386.535087 seconds.
  path: Assets/Scripts/UI/NewAssembly.asmdef
  artifactKey: Guid(4e405f514d39340179c9b6eabd676119) Importer(815301076,1909f56bfc062723c751e8b465ee728b)
Start importing Assets/Scripts/UI/NewAssembly.asmdef using Guid(4e405f514d39340179c9b6eabd676119) Importer(815301076,1909f56bfc062723c751e8b465ee728b) (PreviewImporter) -> (artifact id: '50e21485c3b87b7cfa67839b36918a84') in 0.000571375 seconds
Number of updated asset objects reloaded before import = 0Number of asset objects unloaded after import = 0

========================================================================
Received Import Request.
  Time since last request: 0.972870 seconds.
  path: Assets/Scripts/UI/NewAssembly.asmdef
  artifactKey: Guid(4e405f514d39340179c9b6eabd676119) Importer(2089858483,192608db42251d675da83286b1cce702)
Start importing Assets/Scripts/UI/NewAssembly.asmdef using Guid(4e405f514d39340179c9b6eabd676119) Importer(2089858483,192608db42251d675da83286b1cce702) (ScriptedImporter) -> (artifact id: '591e81e83accbc6aa8151f03f55156d4') in 0.133586041 seconds
Number of updated asset objects reloaded before import = 0Number of asset objects unloaded after import = 1

========================================================================
Received Import Request.
  Time since last request: 2.339219 seconds.
  path: Assets/Scripts/UI/InGame/NewAssembly.asmdef
  artifactKey: Guid(4e405f514d39340179c9b6eabd676119) Importer(2089858483,192608db42251d675da83286b1cce702)
Start importing Assets/Scripts/UI/InGame/NewAssembly.asmdef using Guid(4e405f514d39340179c9b6eabd676119) Importer(2089858483,192608db42251d675da83286b1cce702) (ScriptedImporter) -> (artifact id: 'e8e59b5f8a62d3c4d2c236e255b64473') in 0.00318225 seconds
Number of updated asset objects reloaded before import = 0Number of asset objects unloaded after import = 1

========================================================================
Received Import Request.
  Time since last request: 8.523668 seconds.
  path: Assets/Scripts/UI/InGame/Game.Presenter.asmdef
  artifactKey: Guid(4e405f514d39340179c9b6eabd676119) Importer(815301076,1909f56bfc062723c751e8b465ee728b)
Start importing Assets/Scripts/UI/InGame/Game.Presenter.asmdef using Guid(4e405f514d39340179c9b6eabd676119) Importer(815301076,1909f56bfc062723c751e8b465ee728b) (PreviewImporter) -> (artifact id: 'e319ecb15432513370bcd241c88b8743') in 0.000412125 seconds
Number of updated asset objects reloaded before import = 0Number of asset objects unloaded after import = 0

========================================================================
Received Import Request.
  Time since last request: 0.454573 seconds.
  path: Assets/Scripts/UI/InGame/Game.Presenter.asmdef
  artifactKey: Guid(4e405f514d39340179c9b6eabd676119) Importer(2089858483,192608db42251d675da83286b1cce702)
Start importing Assets/Scripts/UI/InGame/Game.Presenter.asmdef using Guid(4e405f514d39340179c9b6eabd676119) Importer(2089858483,192608db42251d675da83286b1cce702) (ScriptedImporter) -> (artifact id: '9640d417224e8dbdcb6bddc0abe7980c') in 0.00283275 seconds
Number of updated asset objects reloaded before import = 0Number of asset objects unloaded after import = 1

========================================================================
Received Prepare
Begin MonoManager ReloadAssembly
Thread 0x17f9af000 may have been prematurely finalized
- Loaded All Assemblies, in  0.631 seconds
Refreshing native plugins compatible for Editor in 0.95 ms, found 5 plugins.
Native extension for LinuxStandalone target not found
Native extension for iOS target not found
Native extension for Android target not found
Native extension for OSXStandalone target not found
Native extension for WebGL target not found
Mono: successfully reloaded assembly
- Finished resetting the current domain, in  0.762 seconds
Domain Reload Profiling: 1396ms
	BeginReloadAssembly (170ms)
		ExecutionOrderSort (0ms)
		DisableScriptedObjects (5ms)
		BackupInstance (0ms)
		ReleaseScriptingObjects (0ms)
		CreateAndSetChildDomain (88ms)
	RebuildCommonClasses (34ms)
	RebuildNativeTypeToScriptingClass (13ms)
	initialDomainReloadingComplete (20ms)
	LoadAllAssembliesAndSetupDomain (396ms)
		LoadAssemblies (265ms)
		RebuildTransferFunctionScriptingTraits (0ms)
		AnalyzeDomain (173ms)
			TypeCache.Refresh (10ms)
				TypeCache.ScanAssembly (0ms)
			BuildScriptInfoCaches (147ms)
			ResolveRequiredComponents (13ms)
	FinalizeReload (762ms)
		ReleaseScriptCaches (0ms)
		RebuildScriptCaches (0ms)
		SetupLoadedEditorAssemblies (587ms)
			LogAssemblyErrors (0ms)
			InitializePlatformSupportModulesInManaged (45ms)
			SetLoadedEditorAssemblies (4ms)
			BeforeProcessingInitializeOnLoad (109ms)
			ProcessInitializeOnLoadAttributes (380ms)
			ProcessInitializeOnLoadMethodAttributes (47ms)
			AfterProcessingInitializeOnLoad (1ms)
			EditorAssembliesLoaded (0ms)
		ExecutionOrderSort2 (0ms)
		AwakeInstancesAfterBackupRestoration (8ms)
Refreshing native plugins compatible for Editor in 1.16 ms, found 5 plugins.
Preloading 0 native plugins for Editor in 0.00 ms.
Unloading 14 Unused Serialized files (Serialized files now loaded: 0)
Unloading 6595 unused Assets / (4.5 MB). Loaded Objects now: 7548.
Memory consumption went from 153.9 MB to 149.4 MB.
Total: 8.207208 ms (FindLiveObjects: 1.140666 ms CreateObjectMapping: 0.293083 ms MarkObjects: 4.986667 ms  DeleteObjects: 1.786333 ms)

Prepare: number of updated asset objects reloaded= 0
========================================================================
Received Prepare
Refreshing native plugins compatible for Editor in 1.19 ms, found 5 plugins.
Preloading 0 native plugins for Editor in 0.00 ms.
Unloading 14 Unused Serialized files (Serialized files now loaded: 0)
Unloading 6574 unused Assets / (4.3 MB). Loaded Objects now: 7546.
Memory consumption went from 154.0 MB to 149.7 MB.
Total: 7.400208 ms (FindLiveObjects: 0.388334 ms CreateObjectMapping: 0.209791 ms MarkObjects: 5.071417 ms  DeleteObjects: 1.730333 ms)

Prepare: number of updated asset objects reloaded= 0
========================================================================
Received Prepare
Begin MonoManager ReloadAssembly
Thread 0x17f9af000 may have been prematurely finalized
- Loaded All Assemblies, in  0.591 seconds
Refreshing native plugins compatible for Editor in 1.06 ms, found 5 plugins.
Native extension for LinuxStandalone target not found
Native extension for iOS target not found
Native extension for Android target not found
Native extension for OSXStandalone target not found
Native extension for WebGL target not found
Mono: successfully reloaded assembly
- Finished resetting the current domain, in  0.749 seconds
Domain Reload Profiling: 1342ms
	BeginReloadAssembly (152ms)
		ExecutionOrderSort (0ms)
		DisableScriptedObjects (5ms)
		BackupInstance (0ms)
		ReleaseScriptingObjects (0ms)
		CreateAndSetChildDomain (71ms)
	RebuildCommonClasses (35ms)
	RebuildNativeTypeToScriptingClass (12ms)
	initialDomainReloadingComplete (20ms)
	LoadAllAssembliesAndSetupDomain (373ms)
		LoadAssemblies (248ms)
		RebuildTransferFunctionScriptingTraits (0ms)
		AnalyzeDomain (168ms)
			TypeCache.Refresh (12ms)
				TypeCache.ScanAssembly (1ms)
			BuildScriptInfoCaches (142ms)
			ResolveRequiredComponents (13ms)
	FinalizeReload (749ms)
		ReleaseScriptCaches (0ms)
		RebuildScriptCaches (0ms)
		SetupLoadedEditorAssemblies (576ms)
			LogAssemblyErrors (0ms)
			InitializePlatformSupportModulesInManaged (47ms)
			SetLoadedEditorAssemblies (5ms)
			BeforeProcessingInitializeOnLoad (106ms)
			ProcessInitializeOnLoadAttributes (370ms)
			ProcessInitializeOnLoadMethodAttributes (47ms)
			AfterProcessingInitializeOnLoad (1ms)
			EditorAssembliesLoaded (0ms)
		ExecutionOrderSort2 (0ms)
		AwakeInstancesAfterBackupRestoration (7ms)
Refreshing native plugins compatible for Editor in 1.05 ms, found 5 plugins.
Preloading 0 native plugins for Editor in 0.00 ms.
Unloading 14 Unused Serialized files (Serialized files now loaded: 0)
Unloading 6593 unused Assets / (4.0 MB). Loaded Objects now: 7548.
Memory consumption went from 153.9 MB to 149.9 MB.
Total: 7.104750 ms (FindLiveObjects: 0.347125 ms CreateObjectMapping: 0.283334 ms MarkObjects: 4.695041 ms  DeleteObjects: 1.778750 ms)

Prepare: number of updated asset objects reloaded= 0
========================================================================
Received Import Request.
  Time since last request: 255.304423 seconds.
  path: Assets/Scenes/GameScene.unity
  artifactKey: Guid(6122a9d4ab01d65408e8cfa5c4eea58c) Importer(815301076,1909f56bfc062723c751e8b465ee728b)
Start importing Assets/Scenes/GameScene.unity using Guid(6122a9d4ab01d65408e8cfa5c4eea58c) Importer(815301076,1909f56bfc062723c751e8b465ee728b) (PreviewImporter) -> (artifact id: 'bba0af94bab13d2c003f1506f17705de') in 0.00131925 seconds
Number of updated asset objects reloaded before import = 0Number of asset objects unloaded after import = 0

